county_fips,state,county,trigger_instrument_id,trigger_jurisdiction,trigger_state,trigger_type,trigger_status,trigger_date,trigger_technologies,suggested_query
42079,PA,Luzerne,mn:pa-west-mahanoy-township-2026,West Mahanoy Township,PA,moratorium,active,2026-09-15,solar,"""Luzerne County"" Pennsylvania moratorium OR ordinance solar OR wind OR ""battery storage"""
42077,PA,Lehigh,mn:pa-west-mahanoy-township-2026,West Mahanoy Township,PA,moratorium,active,2026-09-15,solar,"""Lehigh County"" Pennsylvania moratorium OR ordinance solar OR wind OR ""battery storage"""
42075,PA,Lebanon,mn:pa-west-mahanoy-township-2026,West Mahanoy Township,PA,moratorium,active,2026-09-15,solar,"""Lebanon County"" Pennsylvania moratorium OR ordinance solar OR wind OR ""battery storage"""
42043,PA,Dauphin,mn:pa-west-mahanoy-township-2026,West Mahanoy Township,PA,moratorium,active,2026-09-15,solar,"""Dauphin County"" Pennsylvania moratorium OR ordinance solar OR wind OR ""battery storage"""
42037,PA,Columbia,mn:pa-west-mahanoy-township-2026,West Mahanoy Township,PA,moratorium,active,2026-09-15,solar,"""Columbia County"" Pennsylvania moratorium OR ordinance solar OR wind OR ""battery storage"""
42025,PA,Carbon,mn:pa-west-mahanoy-township-2026,West Mahanoy Township,PA,moratorium,active,2026-09-15,solar,"""Carbon County"" Pennsylvania moratorium OR ordinance solar OR wind OR ""battery storage"""
42011,PA,Berks,mn:pa-west-mahanoy-township-2026,West Mahanoy Township,PA,moratorium,active,2026-09-15,solar,"""Berks County"" Pennsylvania moratorium OR ordinance solar OR wind OR ""battery storage"""
45089,SC,Williamsburg,mn:sc-clarendon-county-2026,Clarendon County,SC,moratorium,active,2026-09-14,battery_storage,"""Williamsburg County"" South Carolina moratorium OR ordinance solar OR wind OR ""battery storage"""
45075,SC,Orangeburg,mn:sc-clarendon-county-2026,Clarendon County,SC,moratorium,active,2026-09-14,battery_storage,"""Orangeburg County"" South Carolina moratorium OR ordinance solar OR wind OR ""battery storage"""
45041,SC,Florence,mn:sc-clarendon-county-2026,Clarendon County,SC,moratorium,active,2026-09-14,battery_storage,"""Florence County"" South Carolina moratorium OR ordinance solar OR wind OR ""battery storage"""
45015,SC,Berkeley,mn:sc-clarendon-county-2026,Clarendon County,SC,moratorium,active,2026-09-14,battery_storage,"""Berkeley County"" South Carolina moratorium OR ordinance solar OR wind OR ""battery storage"""
29217,MO,Vernon,mn:mo-cedar-county-2026,Cedar County,MO,moratorium,active,2026-09-08,battery_storage;solar;wind,"""Vernon County"" Missouri moratorium OR ordinance solar OR wind OR ""battery storage"""
29185,MO,St. Clair,mn:mo-cedar-county-2026,Cedar County,MO,moratorium,active,2026-09-08,battery_storage;solar;wind,"""St. Clair County"" Missouri moratorium OR ordinance solar OR wind OR ""battery storage"""
29167,MO,Polk,mn:mo-cedar-county-2026,Cedar County,MO,moratorium,active,2026-09-08,battery_storage;solar;wind,"""Polk County"" Missouri moratorium OR ordinance solar OR wind OR ""battery storage"""
29057,MO,Dade,mn:mo-cedar-county-2026,Cedar County,MO,moratorium,active,2026-09-08,battery_storage;solar;wind,"""Dade County"" Missouri moratorium OR ordinance solar OR wind OR ""battery storage"""
29011,MO,Barton,mn:mo-cedar-county-2026,Cedar County,MO,moratorium,active,2026-09-08,battery_storage;solar;wind,"""Barton County"" Missouri moratorium OR ordinance solar OR wind OR ""battery storage"""
17161,IL,Rock Island,mn:il-sterling-2026,Sterling,IL,moratorium,active,2026-09-08,battery_storage,"""Rock Island County"" Illinois moratorium OR ordinance solar OR wind OR ""battery storage"""
17141,IL,Ogle,mn:il-sterling-2026,Sterling,IL,moratorium,active,2026-09-08,battery_storage,"""Ogle County"" Illinois moratorium OR ordinance solar OR wind OR ""battery storage"""
17073,IL,Henry,mn:il-sterling-2026,Sterling,IL,moratorium,active,2026-09-08,battery_storage,"""Henry County"" Illinois moratorium OR ordinance solar OR wind OR ""battery storage"""
17015,IL,Carroll,mn:il-sterling-2026,Sterling,IL,moratorium,active,2026-09-08,battery_storage,"""Carroll County"" Illinois moratorium OR ordinance solar OR wind OR ""battery storage"""
17011,IL,Bureau,mn:il-sterling-2026,Sterling,IL,moratorium,active,2026-09-08,battery_storage,"""Bureau County"" Illinois moratorium OR ordinance solar OR wind OR ""battery storage"""
26121,MI,Muskegon,mn:mi-zeeland-charter-township-2026,Zeeland Charter Township,MI,moratorium,active,2026-09-01,battery_storage;solar;wind,"""Muskegon County"" Michigan moratorium OR ordinance solar OR wind OR ""battery storage"""
26081,MI,Kent,mn:mi-zeeland-charter-township-2026,Zeeland Charter Township,MI,moratorium,active,2026-09-01,battery_storage;solar;wind,"""Kent County"" Michigan moratorium OR ordinance solar OR wind OR ""battery storage"""
53075,WA,Whitman,mn:wa-lincoln-county-2026,Lincoln County,WA,moratorium,active,2026-09,battery_storage,"""Whitman County"" Washington moratorium OR ordinance solar OR wind OR ""battery storage"""
53065,WA,Stevens,mn:wa-lincoln-county-2026,Lincoln County,WA,moratorium,active,2026-09,battery_storage,"""Stevens County"" Washington moratorium OR ordinance solar OR wind OR ""battery storage"""
53063,WA,Spokane,mn:wa-lincoln-county-2026,Lincoln County,WA,moratorium,active,2026-09,battery_storage,"""Spokane County"" Washington moratorium OR ordinance solar OR wind OR ""battery storage"""
53047,WA,Okanogan,mn:wa-lincoln-county-2026,Lincoln County,WA,moratorium,active,2026-09,battery_storage,"""Okanogan County"" Washington moratorium OR ordinance solar OR wind OR ""battery storage"""
53019,WA,Ferry,mn:wa-lincoln-county-2026,Lincoln County,WA,moratorium,active,2026-09,battery_storage,"""Ferry County"" Washington moratorium OR ordinance solar OR wind OR ""battery storage"""
53001,WA,Adams,mn:wa-lincoln-county-2026,Lincoln County,WA,moratorium,active,2026-09,battery_storage,"""Adams County"" Washington moratorium OR ordinance solar OR wind OR ""battery storage"""
26149,MI,St. Joseph,mn:in-elkhart-2026,Elkhart,IN,moratorium,active,2026-08-27,battery_storage,"""St. Joseph County"" Michigan moratorium OR ordinance solar OR wind OR ""battery storage"""
18141,IN,St. Joseph,mn:in-elkhart-2026,Elkhart,IN,moratorium,active,2026-08-27,battery_storage,"""St. Joseph County"" Indiana moratorium OR ordinance solar OR wind OR ""battery storage"""
18113,IN,Noble,mn:in-elkhart-2026,Elkhart,IN,moratorium,active,2026-08-27,battery_storage,"""Noble County"" Indiana moratorium OR ordinance solar OR wind OR ""battery storage"""
18087,IN,LaGrange,mn:in-elkhart-2026,Elkhart,IN,moratorium,active,2026-08-27,battery_storage,"""LaGrange County"" Indiana moratorium OR ordinance solar OR wind OR ""battery storage"""
06099,CA,Stanislaus,mn:ca-morgan-hill-2026,Morgan Hill,CA,moratorium,active,2026-08-26,battery_storage,"""Stanislaus County"" California moratorium OR ordinance solar OR wind OR ""battery storage"""
06087,CA,Santa Cruz,mn:ca-morgan-hill-2026,Morgan Hill,CA,moratorium,active,2026-08-26,battery_storage,"""Santa Cruz County"" California moratorium OR ordinance solar OR wind OR ""battery storage"""
06081,CA,San Mateo,mn:ca-morgan-hill-2026,Morgan Hill,CA,moratorium,active,2026-08-26,battery_storage,"""San Mateo County"" California moratorium OR ordinance solar OR wind OR ""battery storage"""
06069,CA,San Benito,mn:ca-morgan-hill-2026,Morgan Hill,CA,moratorium,active,2026-08-26,battery_storage,"""San Benito County"" California moratorium OR ordinance solar OR wind OR ""battery storage"""
06047,CA,Merced,mn:ca-morgan-hill-2026,Morgan Hill,CA,moratorium,active,2026-08-26,battery_storage,"""Merced County"" California moratorium OR ordinance solar OR wind OR ""battery storage"""
06001,CA,Alameda,mn:ca-morgan-hill-2026,Morgan Hill,CA,moratorium,active,2026-08-26,battery_storage,"""Alameda County"" California moratorium OR ordinance solar OR wind OR ""battery storage"""
34031,NJ,Passaic,mn:ny-town-of-orangetown-2026,Town of Orangetown,NY,moratorium,active,2026-08-25,battery_storage,"""Passaic County"" New Jersey moratorium OR ordinance solar OR wind OR ""battery storage"""
34003,NJ,Bergen,mn:ny-town-of-orangetown-2026,Town of Orangetown,NY,moratorium,active,2026-08-25,battery_storage,"""Bergen County"" New Jersey moratorium OR ordinance solar OR wind OR ""battery storage"""
26159,MI,Van Buren,mn:mi-kalamazoo-2026,Kalamazoo,MI,moratorium,active,2026-08-17,battery_storage,"""Van Buren County"" Michigan moratorium OR ordinance solar OR wind OR ""battery storage"""
26149,MI,St. Joseph,mn:mi-kalamazoo-2026,Kalamazoo,MI,moratorium,active,2026-08-17,battery_storage,"""St. Joseph County"" Michigan moratorium OR ordinance solar OR wind OR ""battery storage"""
26025,MI,Calhoun,mn:mi-kalamazoo-2026,Kalamazoo,MI,moratorium,active,2026-08-17,battery_storage,"""Calhoun County"" Michigan moratorium OR ordinance solar OR wind OR ""battery storage"""
26015,MI,Barry,mn:mi-kalamazoo-2026,Kalamazoo,MI,moratorium,active,2026-08-17,battery_storage,"""Barry County"" Michigan moratorium OR ordinance solar OR wind OR ""battery storage"""
45079,SC,Richland,mn:sc-sumter-county-2026,Sumter County,SC,moratorium,active,2026-08-11,battery_storage;solar,"""Richland County"" South Carolina moratorium OR ordinance solar OR wind OR ""battery storage"""
45061,SC,Lee,mn:sc-sumter-county-2026,Sumter County,SC,moratorium,active,2026-08-11,battery_storage;solar,"""Lee County"" South Carolina moratorium OR ordinance solar OR wind OR ""battery storage"""
45055,SC,Kershaw,mn:sc-sumter-county-2026,Sumter County,SC,moratorium,active,2026-08-11,battery_storage;solar,"""Kershaw County"" South Carolina moratorium OR ordinance solar OR wind OR ""battery storage"""
45041,SC,Florence,mn:sc-sumter-county-2026,Sumter County,SC,moratorium,active,2026-08-11,battery_storage;solar,"""Florence County"" South Carolina moratorium OR ordinance solar OR wind OR ""battery storage"""
26159,MI,Van Buren,mn:mi-oshtemo-charter-township-2026-2,Oshtemo Charter Township,MI,moratorium,active,2026-08-11,solar,"""Van Buren County"" Michigan moratorium OR ordinance solar OR wind OR ""battery storage"""
26149,MI,St. Joseph,mn:mi-oshtemo-charter-township-2026-2,Oshtemo Charter Township,MI,moratorium,active,2026-08-11,solar,"""St. Joseph County"" Michigan moratorium OR ordinance solar OR wind OR ""battery storage"""
26025,MI,Calhoun,mn:mi-oshtemo-charter-township-2026-2,Oshtemo Charter Township,MI,moratorium,active,2026-08-11,solar,"""Calhoun County"" Michigan moratorium OR ordinance solar OR wind OR ""battery storage"""
26015,MI,Barry,mn:mi-oshtemo-charter-township-2026-2,Oshtemo Charter Township,MI,moratorium,active,2026-08-11,solar,"""Barry County"" Michigan moratorium OR ordinance solar OR wind OR ""battery storage"""
13211,GA,Morgan,mn:ga-putnam-county-2026,Putnam County,GA,moratorium,active,2026-08-07,battery_storage;solar,"""Morgan County"" Georgia moratorium OR ordinance solar OR wind OR ""battery storage"""
13169,GA,Jones,mn:ga-putnam-county-2026,Putnam County,GA,moratorium,active,2026-08-07,battery_storage;solar,"""Jones County"" Georgia moratorium OR ordinance solar OR wind OR ""battery storage"""
13159,GA,Jasper,mn:ga-putnam-county-2026,Putnam County,GA,moratorium,active,2026-08-07,battery_storage;solar,"""Jasper County"" Georgia moratorium OR ordinance solar OR wind OR ""battery storage"""
13141,GA,Hancock,mn:ga-putnam-county-2026,Putnam County,GA,moratorium,active,2026-08-07,battery_storage;solar,"""Hancock County"" Georgia moratorium OR ordinance solar OR wind OR ""battery storage"""
26159,MI,Van Buren,mn:mi-gun-plain-charter-township-2026,Gun Plain Charter Township,MI,moratorium,active,2026-08-06,battery_storage,"""Van Buren County"" Michigan moratorium OR ordinance solar OR wind OR ""battery storage"""
26081,MI,Kent,mn:mi-gun-plain-charter-township-2026,Gun Plain Charter Township,MI,moratorium,active,2026-08-06,battery_storage,"""Kent County"" Michigan moratorium OR ordinance solar OR wind OR ""battery storage"""
26015,MI,Barry,mn:mi-gun-plain-charter-township-2026,Gun Plain Charter Township,MI,moratorium,active,2026-08-06,battery_storage,"""Barry County"" Michigan moratorium OR ordinance solar OR wind OR ""battery storage"""
20169,KS,Saline,mn:ks-dickinson-county-2026,Dickinson County,KS,moratorium,active,2026-07-30,battery_storage;solar;wind,"""Saline County"" Kansas moratorium OR ordinance solar OR wind OR ""battery storage"""
20143,KS,Ottawa,mn:ks-dickinson-county-2026,Dickinson County,KS,moratorium,active,2026-07-30,battery_storage;solar;wind,"""Ottawa County"" Kansas moratorium OR ordinance solar OR wind OR ""battery storage"""
20127,KS,Morris,mn:ks-dickinson-county-2026,Dickinson County,KS,moratorium,active,2026-07-30,battery_storage;solar;wind,"""Morris County"" Kansas moratorium OR ordinance solar OR wind OR ""battery storage"""
20061,KS,Geary,mn:ks-dickinson-county-2026,Dickinson County,KS,moratorium,active,2026-07-30,battery_storage;solar;wind,"""Geary County"" Kansas moratorium OR ordinance solar OR wind OR ""battery storage"""
20027,KS,Clay,mn:ks-dickinson-county-2026,Dickinson County,KS,moratorium,active,2026-07-30,battery_storage;solar;wind,"""Clay County"" Kansas moratorium OR ordinance solar OR wind OR ""battery storage"""
48481,TX,Wharton,mn:tx-austin-county-2026,Austin County,TX,moratorium,active,2026-07-27,battery_storage,"""Wharton County"" Texas moratorium OR ordinance solar OR wind OR ""battery storage"""
48477,TX,Washington,mn:tx-austin-county-2026,Austin County,TX,moratorium,active,2026-07-27,battery_storage,"""Washington County"" Texas moratorium OR ordinance solar OR wind OR ""battery storage"""
48157,TX,Fort Bend,mn:tx-austin-county-2026,Austin County,TX,moratorium,active,2026-07-27,battery_storage,"""Fort Bend County"" Texas moratorium OR ordinance solar OR wind OR ""battery storage"""
48149,TX,Fayette,mn:tx-austin-county-2026,Austin County,TX,moratorium,active,2026-07-27,battery_storage,"""Fayette County"" Texas moratorium OR ordinance solar OR wind OR ""battery storage"""
48089,TX,Colorado,mn:tx-austin-county-2026,Austin County,TX,moratorium,active,2026-07-27,battery_storage,"""Colorado County"" Texas moratorium OR ordinance solar OR wind OR ""battery storage"""
41071,OR,Yamhill,mn:or-city-of-hillsboro-2026,City of Hillsboro,OR,moratorium,active,2026-07-27,battery_storage,"""Yamhill County"" Oregon moratorium OR ordinance solar OR wind OR ""battery storage"""
41057,OR,Tillamook,mn:or-city-of-hillsboro-2026,City of Hillsboro,OR,moratorium,active,2026-07-27,battery_storage,"""Tillamook County"" Oregon moratorium OR ordinance solar OR wind OR ""battery storage"""
41051,OR,Multnomah,mn:or-city-of-hillsboro-2026,City of Hillsboro,OR,moratorium,active,2026-07-27,battery_storage,"""Multnomah County"" Oregon moratorium OR ordinance solar OR wind OR ""battery storage"""
41009,OR,Columbia,mn:or-city-of-hillsboro-2026,City of Hillsboro,OR,moratorium,active,2026-07-27,battery_storage,"""Columbia County"" Oregon moratorium OR ordinance solar OR wind OR ""battery storage"""
41005,OR,Clackamas,mn:or-city-of-hillsboro-2026,City of Hillsboro,OR,moratorium,active,2026-07-27,battery_storage,"""Clackamas County"" Oregon moratorium OR ordinance solar OR wind OR ""battery storage"""
26159,MI,Van Buren,mn:mi-kalamazoo-township-2026-2,Kalamazoo Township,MI,moratorium,active,2026-07-27,battery_storage,"""Van Buren County"" Michigan moratorium OR ordinance solar OR wind OR ""battery storage"""
26149,MI,St. Joseph,mn:mi-kalamazoo-township-2026-2,Kalamazoo Township,MI,moratorium,active,2026-07-27,battery_storage,"""St. Joseph County"" Michigan moratorium OR ordinance solar OR wind OR ""battery storage"""
26025,MI,Calhoun,mn:mi-kalamazoo-township-2026-2,Kalamazoo Township,MI,moratorium,active,2026-07-27,battery_storage,"""Calhoun County"" Michigan moratorium OR ordinance solar OR wind OR ""battery storage"""
26015,MI,Barry,mn:mi-kalamazoo-township-2026-2,Kalamazoo Township,MI,moratorium,active,2026-07-27,battery_storage,"""Barry County"" Michigan moratorium OR ordinance solar OR wind OR ""battery storage"""
20197,KS,Wabaunsee,mn:ks-lyon-county-2026-2,Lyon County,KS,moratorium,active,2026-07-23,solar,"""Wabaunsee County"" Kansas moratorium OR ordinance solar OR wind OR ""battery storage"""
20127,KS,Morris,mn:ks-lyon-county-2026-2,Lyon County,KS,moratorium,active,2026-07-23,solar,"""Morris County"" Kansas moratorium OR ordinance solar OR wind OR ""battery storage"""
20073,KS,Greenwood,mn:ks-lyon-county-2026-2,Lyon County,KS,moratorium,active,2026-07-23,solar,"""Greenwood County"" Kansas moratorium OR ordinance solar OR wind OR ""battery storage"""
20031,KS,Coffey,mn:ks-lyon-county-2026-2,Lyon County,KS,moratorium,active,2026-07-23,solar,"""Coffey County"" Kansas moratorium OR ordinance solar OR wind OR ""battery storage"""
20017,KS,Chase,mn:ks-lyon-county-2026-2,Lyon County,KS,moratorium,active,2026-07-23,solar,"""Chase County"" Kansas moratorium OR ordinance solar OR wind OR ""battery storage"""
55123,WI,Vernon,mn:wi-monroe-county-2026,Monroe County,WI,moratorium,active,2026-07-21,battery_storage,"""Vernon County"" Wisconsin moratorium OR ordinance solar OR wind OR ""battery storage"""
55063,WI,La Crosse,mn:wi-monroe-county-2026,Monroe County,WI,moratorium,active,2026-07-21,battery_storage,"""La Crosse County"" Wisconsin moratorium OR ordinance solar OR wind OR ""battery storage"""
55057,WI,Juneau,mn:wi-monroe-county-2026,Monroe County,WI,moratorium,active,2026-07-21,battery_storage,"""Juneau County"" Wisconsin moratorium OR ordinance solar OR wind OR ""battery storage"""
55053,WI,Jackson,mn:wi-monroe-county-2026,Monroe County,WI,moratorium,active,2026-07-21,battery_storage,"""Jackson County"" Wisconsin moratorium OR ordinance solar OR wind OR ""battery storage"""
37143,NC,Perquimans,mn:nc-pasquotank-county-solar-2026,Pasquotank County (solar),NC,moratorium,active,2026-07-20,solar,"""Perquimans County"" North Carolina moratorium OR ordinance solar OR wind OR ""battery storage"""
37073,NC,Gates,mn:nc-pasquotank-county-solar-2026,Pasquotank County (solar),NC,moratorium,active,2026-07-20,solar,"""Gates County"" North Carolina moratorium OR ordinance solar OR wind OR ""battery storage"""
37029,NC,Camden,mn:nc-pasquotank-county-solar-2026,Pasquotank County (solar),NC,moratorium,active,2026-07-20,solar,"""Camden County"" North Carolina moratorium OR ordinance solar OR wind OR ""battery storage"""
17197,IL,Will,mn:il-city-of-west-chicago-2026,City of West Chicago,IL,moratorium,active,2026-07-20,battery_storage,"""Will County"" Illinois moratorium OR ordinance solar OR wind OR ""battery storage"""
17111,IL,McHenry,mn:il-city-of-west-chicago-2026,City of West Chicago,IL,moratorium,active,2026-07-20,battery_storage,"""McHenry County"" Illinois moratorium OR ordinance solar OR wind OR ""battery storage"""
17097,IL,Lake,mn:il-city-of-west-chicago-2026,City of West Chicago,IL,moratorium,active,2026-07-20,battery_storage,"""Lake County"" Illinois moratorium OR ordinance solar OR wind OR ""battery storage"""
17089,IL,Kane,mn:il-city-of-west-chicago-2026,City of West Chicago,IL,moratorium,active,2026-07-20,battery_storage,"""Kane County"" Illinois moratorium OR ordinance solar OR wind OR ""battery storage"""
17043,IL,DuPage,mn:il-city-of-west-chicago-2026,City of West Chicago,IL,moratorium,active,2026-07-20,battery_storage,"""DuPage County"" Illinois moratorium OR ordinance solar OR wind OR ""battery storage"""
22121,LA,West Baton Rouge,mn:la-iberville-parish-2026,Iberville Parish,LA,moratorium,active,2026-07-15,battery_storage,"""West Baton Rouge County"" Louisiana moratorium OR ordinance solar OR wind OR ""battery storage"""
22099,LA,St. Martin,mn:la-iberville-parish-2026,Iberville Parish,LA,moratorium,active,2026-07-15,battery_storage,"""St. Martin County"" Louisiana moratorium OR ordinance solar OR wind OR ""battery storage"""
22077,LA,Pointe Coupee,mn:la-iberville-parish-2026,Iberville Parish,LA,moratorium,active,2026-07-15,battery_storage,"""Pointe Coupee County"" Louisiana moratorium OR ordinance solar OR wind OR ""battery storage"""
22045,LA,Iberia,mn:la-iberville-parish-2026,Iberville Parish,LA,moratorium,active,2026-07-15,battery_storage,"""Iberia County"" Louisiana moratorium OR ordinance solar OR wind OR ""battery storage"""
22033,LA,East Baton Rouge,mn:la-iberville-parish-2026,Iberville Parish,LA,moratorium,active,2026-07-15,battery_storage,"""East Baton Rouge County"" Louisiana moratorium OR ordinance solar OR wind OR ""battery storage"""
22007,LA,Assumption,mn:la-iberville-parish-2026,Iberville Parish,LA,moratorium,active,2026-07-15,battery_storage,"""Assumption County"" Louisiana moratorium OR ordinance solar OR wind OR ""battery storage"""
22005,LA,Ascension,mn:la-iberville-parish-2026,Iberville Parish,LA,moratorium,active,2026-07-15,battery_storage,"""Ascension County"" Louisiana moratorium OR ordinance solar OR wind OR ""battery storage"""
42121,PA,Venango,mn:pa-adams-township-butler-county-2026,Adams Township (Butler County),PA,moratorium,active,2026-07-13,solar,"""Venango County"" Pennsylvania moratorium OR ordinance solar OR wind OR ""battery storage"""
42085,PA,Mercer,mn:pa-adams-township-butler-county-2026,Adams Township (Butler County),PA,moratorium,active,2026-07-13,solar,"""Mercer County"" Pennsylvania moratorium OR ordinance solar OR wind OR ""battery storage"""
42031,PA,Clarion,mn:pa-adams-township-butler-county-2026,Adams Township (Butler County),PA,moratorium,active,2026-07-13,solar,"""Clarion County"" Pennsylvania moratorium OR ordinance solar OR wind OR ""battery storage"""
42007,PA,Beaver,mn:pa-adams-township-butler-county-2026,Adams Township (Butler County),PA,moratorium,active,2026-07-13,solar,"""Beaver County"" Pennsylvania moratorium OR ordinance solar OR wind OR ""battery storage"""
42005,PA,Armstrong,mn:pa-adams-township-butler-county-2026,Adams Township (Butler County),PA,moratorium,active,2026-07-13,solar,"""Armstrong County"" Pennsylvania moratorium OR ordinance solar OR wind OR ""battery storage"""
42003,PA,Allegheny,mn:pa-adams-township-butler-county-2026,Adams Township (Butler County),PA,moratorium,active,2026-07-13,solar,"""Allegheny County"" Pennsylvania moratorium OR ordinance solar OR wind OR ""battery storage"""
20073,KS,Greenwood,mn:ks-el-dorado-2026,El Dorado,KS,moratorium,active,2026-07-13,battery_storage,"""Greenwood County"" Kansas moratorium OR ordinance solar OR wind OR ""battery storage"""
20049,KS,Elk,mn:ks-el-dorado-2026,El Dorado,KS,moratorium,active,2026-07-13,battery_storage,"""Elk County"" Kansas moratorium OR ordinance solar OR wind OR ""battery storage"""
20035,KS,Cowley,mn:ks-el-dorado-2026,El Dorado,KS,moratorium,active,2026-07-13,battery_storage,"""Cowley County"" Kansas moratorium OR ordinance solar OR wind OR ""battery storage"""
20017,KS,Chase,mn:ks-el-dorado-2026,El Dorado,KS,moratorium,active,2026-07-13,battery_storage,"""Chase County"" Kansas moratorium OR ordinance solar OR wind OR ""battery storage"""
23015,ME,Lincoln,mn:me-warren-2026,Warren,ME,moratorium,active,2026-07-08,battery_storage,"""Lincoln County"" Maine moratorium OR ordinance solar OR wind OR ""battery storage"""
42085,PA,Mercer,mn:oh-village-of-lordstown-2026,Village of Lordstown,OH,moratorium,active,2026-07-06,battery_storage,"""Mercer County"" Pennsylvania moratorium OR ordinance solar OR wind OR ""battery storage"""
42039,PA,Crawford,mn:oh-village-of-lordstown-2026,Village of Lordstown,OH,moratorium,active,2026-07-06,battery_storage,"""Crawford County"" Pennsylvania moratorium OR ordinance solar OR wind OR ""battery storage"""
39133,OH,Portage,mn:oh-village-of-lordstown-2026,Village of Lordstown,OH,moratorium,active,2026-07-06,battery_storage,"""Portage County"" Ohio moratorium OR ordinance solar OR wind OR ""battery storage"""
39099,OH,Mahoning,mn:oh-village-of-lordstown-2026,Village of Lordstown,OH,moratorium,active,2026-07-06,battery_storage,"""Mahoning County"" Ohio moratorium OR ordinance solar OR wind OR ""battery storage"""
39055,OH,Geauga,mn:oh-village-of-lordstown-2026,Village of Lordstown,OH,moratorium,active,2026-07-06,battery_storage,"""Geauga County"" Ohio moratorium OR ordinance solar OR wind OR ""battery storage"""
39007,OH,Ashtabula,mn:oh-village-of-lordstown-2026,Village of Lordstown,OH,moratorium,active,2026-07-06,battery_storage,"""Ashtabula County"" Ohio moratorium OR ordinance solar OR wind OR ""battery storage"""
29177,MO,Ray,mn:mo-city-of-independence-2026,City of Independence,MO,moratorium,active,2026-07-06,battery_storage,"""Ray County"" Missouri moratorium OR ordinance solar OR wind OR ""battery storage"""
29107,MO,Lafayette,mn:mo-city-of-independence-2026,City of Independence,MO,moratorium,active,2026-07-06,battery_storage,"""Lafayette County"" Missouri moratorium OR ordinance solar OR wind OR ""battery storage"""
29101,MO,Johnson,mn:mo-city-of-independence-2026,City of Independence,MO,moratorium,active,2026-07-06,battery_storage,"""Johnson County"" Missouri moratorium OR ordinance solar OR wind OR ""battery storage"""
29047,MO,Clay,mn:mo-city-of-independence-2026,City of Independence,MO,moratorium,active,2026-07-06,battery_storage,"""Clay County"" Missouri moratorium OR ordinance solar OR wind OR ""battery storage"""
29037,MO,Cass,mn:mo-city-of-independence-2026,City of Independence,MO,moratorium,active,2026-07-06,battery_storage,"""Cass County"" Missouri moratorium OR ordinance solar OR wind OR ""battery storage"""
20209,KS,Wyandotte,mn:mo-city-of-independence-2026,City of Independence,MO,moratorium,active,2026-07-06,battery_storage,"""Wyandotte County"" Kansas moratorium OR ordinance solar OR wind OR ""battery storage"""
25003,MA,Berkshire,mn:ma-chesterfield-2026,Chesterfield,MA,moratorium,active,2026-06-24,battery_storage,"""Berkshire County"" Massachusetts moratorium OR ordinance solar OR wind OR ""battery storage"""
31185,NE,York,mn:ne-fillmore-county-2026,Fillmore County,NE,moratorium,active,2026-06-23,solar,"""York County"" Nebraska moratorium OR ordinance solar OR wind OR ""battery storage"""
31169,NE,Thayer,mn:ne-fillmore-county-2026,Fillmore County,NE,moratorium,active,2026-06-23,solar,"""Thayer County"" Nebraska moratorium OR ordinance solar OR wind OR ""battery storage"""
31151,NE,Saline,mn:ne-fillmore-county-2026,Fillmore County,NE,moratorium,active,2026-06-23,solar,"""Saline County"" Nebraska moratorium OR ordinance solar OR wind OR ""battery storage"""
31129,NE,Nuckolls,mn:ne-fillmore-county-2026,Fillmore County,NE,moratorium,active,2026-06-23,solar,"""Nuckolls County"" Nebraska moratorium OR ordinance solar OR wind OR ""battery storage"""
31035,NE,Clay,mn:ne-fillmore-county-2026,Fillmore County,NE,moratorium,active,2026-06-23,solar,"""Clay County"" Nebraska moratorium OR ordinance solar OR wind OR ""battery storage"""
29177,MO,Ray,mn:mo-jackson-county-2026,Jackson County,MO,moratorium,active,2026-06-22,battery_storage,"""Ray County"" Missouri moratorium OR ordinance solar OR wind OR ""battery storage"""
29107,MO,Lafayette,mn:mo-jackson-county-2026,Jackson County,MO,moratorium,active,2026-06-22,battery_storage,"""Lafayette County"" Missouri moratorium OR ordinance solar OR wind OR ""battery storage"""
29101,MO,Johnson,mn:mo-jackson-county-2026,Jackson County,MO,moratorium,active,2026-06-22,battery_storage,"""Johnson County"" Missouri moratorium OR ordinance solar OR wind OR ""battery storage"""
29047,MO,Clay,mn:mo-jackson-county-2026,Jackson County,MO,moratorium,active,2026-06-22,battery_storage,"""Clay County"" Missouri moratorium OR ordinance solar OR wind OR ""battery storage"""
29037,MO,Cass,mn:mo-jackson-county-2026,Jackson County,MO,moratorium,active,2026-06-22,battery_storage,"""Cass County"" Missouri moratorium OR ordinance solar OR wind OR ""battery storage"""
20209,KS,Wyandotte,mn:mo-jackson-county-2026,Jackson County,MO,moratorium,active,2026-06-22,battery_storage,"""Wyandotte County"" Kansas moratorium OR ordinance solar OR wind OR ""battery storage"""
20191,KS,Sumner,mn:ks-sedgwick-county-2026-3,Sedgwick County,KS,moratorium,active,2026-06-17,solar,"""Sumner County"" Kansas moratorium OR ordinance solar OR wind OR ""battery storage"""
20095,KS,Kingman,mn:ks-sedgwick-county-2026-3,Sedgwick County,KS,moratorium,active,2026-06-17,solar,"""Kingman County"" Kansas moratorium OR ordinance solar OR wind OR ""battery storage"""
49041,UT,Sevier,mn:ut-milford-2026,Milford,UT,moratorium,active,2026-06-16,solar,"""Sevier County"" Utah moratorium OR ordinance solar OR wind OR ""battery storage"""
49031,UT,Piute,mn:ut-milford-2026,Milford,UT,moratorium,active,2026-06-16,solar,"""Piute County"" Utah moratorium OR ordinance solar OR wind OR ""battery storage"""
49027,UT,Millard,mn:ut-milford-2026,Milford,UT,moratorium,active,2026-06-16,solar,"""Millard County"" Utah moratorium OR ordinance solar OR wind OR ""battery storage"""
49017,UT,Garfield,mn:ut-milford-2026,Milford,UT,moratorium,active,2026-06-16,solar,"""Garfield County"" Utah moratorium OR ordinance solar OR wind OR ""battery storage"""
46127,SD,Union,mn:ia-plymouth-county-2026,Plymouth County,IA,moratorium,active,2026-06-16,battery_storage,"""Union County"" South Dakota moratorium OR ordinance solar OR wind OR ""battery storage"""
46127,SD,Union,mn:ia-sioux-county-2026,Sioux County,IA,moratorium,active,2026-06-16,battery_storage,"""Union County"" South Dakota moratorium OR ordinance solar OR wind OR ""battery storage"""
32017,NV,Lincoln,mn:ut-milford-2026,Milford,UT,moratorium,active,2026-06-16,solar,"""Lincoln County"" Nevada moratorium OR ordinance solar OR wind OR ""battery storage"""
29229,MO,Wright,mn:mo-webster-county-2026,Webster County,MO,moratorium,active,2026-06-16,battery_storage;solar;wind,"""Wright County"" Missouri moratorium OR ordinance solar OR wind OR ""battery storage"""
29105,MO,Laclede,mn:mo-webster-county-2026,Webster County,MO,moratorium,active,2026-06-16,battery_storage;solar;wind,"""Laclede County"" Missouri moratorium OR ordinance solar OR wind OR ""battery storage"""
29077,MO,Greene,mn:mo-webster-county-2026,Webster County,MO,moratorium,active,2026-06-16,battery_storage;solar;wind,"""Greene County"" Missouri moratorium OR ordinance solar OR wind OR ""battery storage"""
29067,MO,Douglas,mn:mo-webster-county-2026,Webster County,MO,moratorium,active,2026-06-16,battery_storage;solar;wind,"""Douglas County"" Missouri moratorium OR ordinance solar OR wind OR ""battery storage"""
29059,MO,Dallas,mn:mo-webster-county-2026,Webster County,MO,moratorium,active,2026-06-16,battery_storage;solar;wind,"""Dallas County"" Missouri moratorium OR ordinance solar OR wind OR ""battery storage"""
29043,MO,Christian,mn:mo-webster-county-2026,Webster County,MO,moratorium,active,2026-06-16,battery_storage;solar;wind,"""Christian County"" Missouri moratorium OR ordinance solar OR wind OR ""battery storage"""
19193,IA,Woodbury,mn:ia-plymouth-county-2026,Plymouth County,IA,moratorium,active,2026-06-16,battery_storage,"""Woodbury County"" Iowa moratorium OR ordinance solar OR wind OR ""battery storage"""
19141,IA,O'Brien,mn:ia-sioux-county-2026,Sioux County,IA,moratorium,active,2026-06-16,battery_storage,"""O'Brien County"" Iowa moratorium OR ordinance solar OR wind OR ""battery storage"""
19119,IA,Lyon,mn:ia-sioux-county-2026,Sioux County,IA,moratorium,active,2026-06-16,battery_storage,"""Lyon County"" Iowa moratorium OR ordinance solar OR wind OR ""battery storage"""
19035,IA,Cherokee,mn:ia-plymouth-county-2026,Plymouth County,IA,moratorium,active,2026-06-16,battery_storage,"""Cherokee County"" Iowa moratorium OR ordinance solar OR wind OR ""battery storage"""
13295,GA,Walker,mn:al-fort-payne-2026,Fort Payne,AL,moratorium,active,2026-06-16,battery_storage,"""Walker County"" Georgia moratorium OR ordinance solar OR wind OR ""battery storage"""
13083,GA,Dade,mn:al-fort-payne-2026,Fort Payne,AL,moratorium,active,2026-06-16,battery_storage,"""Dade County"" Georgia moratorium OR ordinance solar OR wind OR ""battery storage"""
13055,GA,Chattooga,mn:al-fort-payne-2026,Fort Payne,AL,moratorium,active,2026-06-16,battery_storage,"""Chattooga County"" Georgia moratorium OR ordinance solar OR wind OR ""battery storage"""
01095,AL,Marshall,mn:al-fort-payne-2026,Fort Payne,AL,moratorium,active,2026-06-16,battery_storage,"""Marshall County"" Alabama moratorium OR ordinance solar OR wind OR ""battery storage"""
01071,AL,Jackson,mn:al-fort-payne-2026,Fort Payne,AL,moratorium,active,2026-06-16,battery_storage,"""Jackson County"" Alabama moratorium OR ordinance solar OR wind OR ""battery storage"""
47173,TN,Union,mn:tn-anderson-county-2026,Anderson County,TN,moratorium,active,2026-06-15,battery_storage,"""Union County"" Tennessee moratorium OR ordinance solar OR wind OR ""battery storage"""
47155,TN,Sevier,mn:tn-cocke-county-2026,Cocke County,TN,moratorium,active,2026-06-15,battery_storage,"""Sevier County"" Tennessee moratorium OR ordinance solar OR wind OR ""battery storage"""
47151,TN,Scott,mn:tn-anderson-county-2026,Anderson County,TN,moratorium,active,2026-06-15,battery_storage,"""Scott County"" Tennessee moratorium OR ordinance solar OR wind OR ""battery storage"""
47129,TN,Morgan,mn:tn-anderson-county-2026,Anderson County,TN,moratorium,active,2026-06-15,battery_storage,"""Morgan County"" Tennessee moratorium OR ordinance solar OR wind OR ""battery storage"""
47093,TN,Knox,mn:tn-anderson-county-2026,Anderson County,TN,moratorium,active,2026-06-15,battery_storage,"""Knox County"" Tennessee moratorium OR ordinance solar OR wind OR ""battery storage"""
47089,TN,Jefferson,mn:tn-cocke-county-2026,Cocke County,TN,moratorium,active,2026-06-15,battery_storage,"""Jefferson County"" Tennessee moratorium OR ordinance solar OR wind OR ""battery storage"""
47063,TN,Hamblen,mn:tn-cocke-county-2026,Cocke County,TN,moratorium,active,2026-06-15,battery_storage,"""Hamblen County"" Tennessee moratorium OR ordinance solar OR wind OR ""battery storage"""
47059,TN,Greene,mn:tn-cocke-county-2026,Cocke County,TN,moratorium,active,2026-06-15,battery_storage,"""Greene County"" Tennessee moratorium OR ordinance solar OR wind OR ""battery storage"""
47013,TN,Campbell,mn:tn-anderson-county-2026,Anderson County,TN,moratorium,active,2026-06-15,battery_storage,"""Campbell County"" Tennessee moratorium OR ordinance solar OR wind OR ""battery storage"""
37115,NC,Madison,mn:tn-cocke-county-2026,Cocke County,TN,moratorium,active,2026-06-15,battery_storage,"""Madison County"" North Carolina moratorium OR ordinance solar OR wind OR ""battery storage"""
37087,NC,Haywood,mn:tn-cocke-county-2026,Cocke County,TN,moratorium,active,2026-06-15,battery_storage,"""Haywood County"" North Carolina moratorium OR ordinance solar OR wind OR ""battery storage"""
36113,NY,Warren,mn:ny-arietta-2026,Arietta,NY,moratorium,active,2026-06-15,battery_storage,"""Warren County"" New York moratorium OR ordinance solar OR wind OR ""battery storage"""
36033,NY,Franklin,mn:ny-arietta-2026,Arietta,NY,moratorium,active,2026-06-15,battery_storage,"""Franklin County"" New York moratorium OR ordinance solar OR wind OR ""battery storage"""
31171,NE,Thomas,mn:ne-mcpherson-county-2026,McPherson County,NE,moratorium,active,2026-06-10,battery_storage;solar;wind,"""Thomas County"" Nebraska moratorium OR ordinance solar OR wind OR ""battery storage"""
31113,NE,Logan,mn:ne-mcpherson-county-2026,McPherson County,NE,moratorium,active,2026-06-10,battery_storage;solar;wind,"""Logan County"" Nebraska moratorium OR ordinance solar OR wind OR ""battery storage"""
31111,NE,Lincoln,mn:ne-mcpherson-county-2026,McPherson County,NE,moratorium,active,2026-06-10,battery_storage;solar;wind,"""Lincoln County"" Nebraska moratorium OR ordinance solar OR wind OR ""battery storage"""
31101,NE,Keith,mn:ne-mcpherson-county-2026,McPherson County,NE,moratorium,active,2026-06-10,battery_storage;solar;wind,"""Keith County"" Nebraska moratorium OR ordinance solar OR wind OR ""battery storage"""
31091,NE,Hooker,mn:ne-mcpherson-county-2026,McPherson County,NE,moratorium,active,2026-06-10,battery_storage;solar;wind,"""Hooker County"" Nebraska moratorium OR ordinance solar OR wind OR ""battery storage"""
31005,NE,Arthur,mn:ne-mcpherson-county-2026,McPherson County,NE,moratorium,active,2026-06-10,battery_storage;solar;wind,"""Arthur County"" Nebraska moratorium OR ordinance solar OR wind OR ""battery storage"""
39171,OH,Williams,mn:mi-hillsdale-township-hillsdale-county-2026,Hillsdale Township (Hillsdale County),MI,moratorium,active,2026-06-09,battery_storage;solar;wind,"""Williams County"" Ohio moratorium OR ordinance solar OR wind OR ""battery storage"""
26091,MI,Lenawee,mn:mi-hillsdale-township-hillsdale-county-2026,Hillsdale Township (Hillsdale County),MI,moratorium,active,2026-06-09,battery_storage;solar;wind,"""Lenawee County"" Michigan moratorium OR ordinance solar OR wind OR ""battery storage"""
26075,MI,Jackson,mn:mi-hillsdale-township-hillsdale-county-2026,Hillsdale Township (Hillsdale County),MI,moratorium,active,2026-06-09,battery_storage;solar;wind,"""Jackson County"" Michigan moratorium OR ordinance solar OR wind OR ""battery storage"""
26025,MI,Calhoun,mn:mi-hillsdale-township-hillsdale-county-2026,Hillsdale Township (Hillsdale County),MI,moratorium,active,2026-06-09,battery_storage;solar;wind,"""Calhoun County"" Michigan moratorium OR ordinance solar OR wind OR ""battery storage"""
18151,IN,Steuben,mn:mi-hillsdale-township-hillsdale-county-2026,Hillsdale Township (Hillsdale County),MI,moratorium,active,2026-06-09,battery_storage;solar;wind,"""Steuben County"" Indiana moratorium OR ordinance solar OR wind OR ""battery storage"""
42101,PA,Philadelphia,mn:pa-bensalem-township-2026,Bensalem Township,PA,moratorium,active,2026-06-08,solar;wind,"""Philadelphia County"" Pennsylvania moratorium OR ordinance solar OR wind OR ""battery storage"""
42095,PA,Northampton,mn:pa-bensalem-township-2026,Bensalem Township,PA,moratorium,active,2026-06-08,solar;wind,"""Northampton County"" Pennsylvania moratorium OR ordinance solar OR wind OR ""battery storage"""
42091,PA,Montgomery,mn:pa-bensalem-township-2026,Bensalem Township,PA,moratorium,active,2026-06-08,solar;wind,"""Montgomery County"" Pennsylvania moratorium OR ordinance solar OR wind OR ""battery storage"""
42077,PA,Lehigh,mn:pa-bensalem-township-2026,Bensalem Township,PA,moratorium,active,2026-06-08,solar;wind,"""Lehigh County"" Pennsylvania moratorium OR ordinance solar OR wind OR ""battery storage"""
34041,NJ,Warren,mn:pa-bensalem-township-2026,Bensalem Township,PA,moratorium,active,2026-06-08,solar;wind,"""Warren County"" New Jersey moratorium OR ordinance solar OR wind OR ""battery storage"""
34021,NJ,Mercer,mn:pa-bensalem-township-2026,Bensalem Township,PA,moratorium,active,2026-06-08,solar;wind,"""Mercer County"" New Jersey moratorium OR ordinance solar OR wind OR ""battery storage"""
34019,NJ,Hunterdon,mn:pa-bensalem-township-2026,Bensalem Township,PA,moratorium,active,2026-06-08,solar;wind,"""Hunterdon County"" New Jersey moratorium OR ordinance solar OR wind OR ""battery storage"""
34005,NJ,Burlington,mn:pa-bensalem-township-2026,Bensalem Township,PA,moratorium,active,2026-06-08,solar;wind,"""Burlington County"" New Jersey moratorium OR ordinance solar OR wind OR ""battery storage"""
26121,MI,Muskegon,mn:mi-allendale-township-2026,Allendale Township,MI,moratorium,active,2026-06-08,battery_storage;solar;wind,"""Muskegon County"" Michigan moratorium OR ordinance solar OR wind OR ""battery storage"""
26081,MI,Kent,mn:mi-allendale-township-2026,Allendale Township,MI,moratorium,active,2026-06-08,battery_storage;solar;wind,"""Kent County"" Michigan moratorium OR ordinance solar OR wind OR ""battery storage"""
29213,MO,Taney,mn:mo-stone-county-2026,Stone County,MO,moratorium,active,2026-06-04,battery_storage;solar;wind,"""Taney County"" Missouri moratorium OR ordinance solar OR wind OR ""battery storage"""
29109,MO,Lawrence,mn:mo-stone-county-2026,Stone County,MO,moratorium,active,2026-06-04,battery_storage;solar;wind,"""Lawrence County"" Missouri moratorium OR ordinance solar OR wind OR ""battery storage"""
29043,MO,Christian,mn:mo-stone-county-2026,Stone County,MO,moratorium,active,2026-06-04,battery_storage;solar;wind,"""Christian County"" Missouri moratorium OR ordinance solar OR wind OR ""battery storage"""
29009,MO,Barry,mn:mo-stone-county-2026,Stone County,MO,moratorium,active,2026-06-04,battery_storage;solar;wind,"""Barry County"" Missouri moratorium OR ordinance solar OR wind OR ""battery storage"""
05015,AR,Carroll,mn:mo-stone-county-2026,Stone County,MO,moratorium,active,2026-06-04,battery_storage;solar;wind,"""Carroll County"" Arkansas moratorium OR ordinance solar OR wind OR ""battery storage"""
06065,CA,Riverside,mn:ca-imperial-2026,Imperial,CA,moratorium,extended,2026-06-03,battery_storage,"""Riverside County"" California moratorium OR ordinance solar OR wind OR ""battery storage"""
04027,AZ,Yuma,mn:ca-imperial-2026,Imperial,CA,moratorium,extended,2026-06-03,battery_storage,"""Yuma County"" Arizona moratorium OR ordinance solar OR wind OR ""battery storage"""
04012,AZ,La Paz,mn:ca-imperial-2026,Imperial,CA,moratorium,extended,2026-06-03,battery_storage,"""La Paz County"" Arizona moratorium OR ordinance solar OR wind OR ""battery storage"""
53061,WA,Snohomish,mn:wa-duvall-2026,Duvall,WA,moratorium,active,2026-06-02,battery_storage,"""Snohomish County"" Washington moratorium OR ordinance solar OR wind OR ""battery storage"""
53007,WA,Chelan,mn:wa-duvall-2026,Duvall,WA,moratorium,active,2026-06-02,battery_storage,"""Chelan County"" Washington moratorium OR ordinance solar OR wind OR ""battery storage"""
53067,WA,Thurston,mn:wa-puyallup-2026,Puyallup,WA,moratorium,active,2026-06,battery_storage,"""Thurston County"" Washington moratorium OR ordinance solar OR wind OR ""battery storage"""
53045,WA,Mason,mn:wa-puyallup-2026,Puyallup,WA,moratorium,active,2026-06,battery_storage,"""Mason County"" Washington moratorium OR ordinance solar OR wind OR ""battery storage"""
53041,WA,Lewis,mn:wa-puyallup-2026,Puyallup,WA,moratorium,active,2026-06,battery_storage,"""Lewis County"" Washington moratorium OR ordinance solar OR wind OR ""battery storage"""
42123,PA,Warren,mn:ny-ellery-2026,Ellery,NY,moratorium,active,2026-06,battery_storage;solar;wind,"""Warren County"" Pennsylvania moratorium OR ordinance solar OR wind OR ""battery storage"""
42049,PA,Erie,mn:ny-ellery-2026,Ellery,NY,moratorium,active,2026-06,battery_storage;solar;wind,"""Erie County"" Pennsylvania moratorium OR ordinance solar OR wind OR ""battery storage"""
36113,NY,Warren,mn:ny-wilton-2026,Wilton,NY,moratorium,active,2026-06,battery_storage,"""Warren County"" New York moratorium OR ordinance solar OR wind OR ""battery storage"""
36083,NY,Rensselaer,mn:ny-stockport-2026,Stockport,NY,moratorium,active,2026-06,battery_storage,"""Rensselaer County"" New York moratorium OR ordinance solar OR wind OR ""battery storage"""
36083,NY,Rensselaer,mn:ny-wilton-2026,Wilton,NY,moratorium,active,2026-06,battery_storage,"""Rensselaer County"" New York moratorium OR ordinance solar OR wind OR ""battery storage"""
25003,MA,Berkshire,mn:ny-stockport-2026,Stockport,NY,moratorium,active,2026-06,battery_storage,"""Berkshire County"" Massachusetts moratorium OR ordinance solar OR wind OR ""battery storage"""
55061,WI,Kewaunee,mn:wi-door-county-2026,Door County,WI,moratorium,active,2026-05-26,battery_storage,"""Kewaunee County"" Wisconsin moratorium OR ordinance solar OR wind OR ""battery storage"""
53061,WA,Snohomish,mn:wa-snoqualmie-2026,Snoqualmie,WA,moratorium,active,2026-05-26,battery_storage,"""Snohomish County"" Washington moratorium OR ordinance solar OR wind OR ""battery storage"""
53007,WA,Chelan,mn:wa-snoqualmie-2026,Snoqualmie,WA,moratorium,active,2026-05-26,battery_storage,"""Chelan County"" Washington moratorium OR ordinance solar OR wind OR ""battery storage"""
49053,UT,Washington,mn:ut-iron-county-2026,Iron County,UT,moratorium,active,2026-05-26,solar,"""Washington County"" Utah moratorium OR ordinance solar OR wind OR ""battery storage"""
49017,UT,Garfield,mn:ut-iron-county-2026,Iron County,UT,moratorium,active,2026-05-26,solar,"""Garfield County"" Utah moratorium OR ordinance solar OR wind OR ""battery storage"""
32017,NV,Lincoln,mn:ut-iron-county-2026,Iron County,UT,moratorium,active,2026-05-26,solar,"""Lincoln County"" Nevada moratorium OR ordinance solar OR wind OR ""battery storage"""
20185,KS,Stafford,mn:ks-south-hutchinson-2026,South Hutchinson,KS,moratorium,active,2026-05-26,battery_storage,"""Stafford County"" Kansas moratorium OR ordinance solar OR wind OR ""battery storage"""
20159,KS,Rice,mn:ks-south-hutchinson-2026,South Hutchinson,KS,moratorium,active,2026-05-26,battery_storage,"""Rice County"" Kansas moratorium OR ordinance solar OR wind OR ""battery storage"""
20151,KS,Pratt,mn:ks-south-hutchinson-2026,South Hutchinson,KS,moratorium,active,2026-05-26,battery_storage,"""Pratt County"" Kansas moratorium OR ordinance solar OR wind OR ""battery storage"""
20095,KS,Kingman,mn:ks-south-hutchinson-2026,South Hutchinson,KS,moratorium,active,2026-05-26,battery_storage,"""Kingman County"" Kansas moratorium OR ordinance solar OR wind OR ""battery storage"""
19181,IA,Warren,mn:ia-madison-county-2026,Madison County,IA,moratorium,active,2026-05-26,battery_storage,"""Warren County"" Iowa moratorium OR ordinance solar OR wind OR ""battery storage"""
19175,IA,Union,mn:ia-madison-county-2026,Madison County,IA,moratorium,active,2026-05-26,battery_storage,"""Union County"" Iowa moratorium OR ordinance solar OR wind OR ""battery storage"""
19039,IA,Clarke,mn:ia-madison-county-2026,Madison County,IA,moratorium,active,2026-05-26,battery_storage,"""Clarke County"" Iowa moratorium OR ordinance solar OR wind OR ""battery storage"""
37191,NC,Wayne,mn:nc-city-of-wilson-2026,City of Wilson,NC,moratorium,active,2026-05-21,battery_storage,"""Wayne County"" North Carolina moratorium OR ordinance solar OR wind OR ""battery storage"""
37147,NC,Pitt,mn:nc-city-of-wilson-2026,City of Wilson,NC,moratorium,active,2026-05-21,battery_storage,"""Pitt County"" North Carolina moratorium OR ordinance solar OR wind OR ""battery storage"""
37127,NC,Nash,mn:nc-city-of-wilson-2026,City of Wilson,NC,moratorium,active,2026-05-21,battery_storage,"""Nash County"" North Carolina moratorium OR ordinance solar OR wind OR ""battery storage"""
37101,NC,Johnston,mn:nc-city-of-wilson-2026,City of Wilson,NC,moratorium,active,2026-05-21,battery_storage,"""Johnston County"" North Carolina moratorium OR ordinance solar OR wind OR ""battery storage"""
37079,NC,Greene,mn:nc-city-of-wilson-2026,City of Wilson,NC,moratorium,active,2026-05-21,battery_storage,"""Greene County"" North Carolina moratorium OR ordinance solar OR wind OR ""battery storage"""
37065,NC,Edgecombe,mn:nc-city-of-wilson-2026,City of Wilson,NC,moratorium,active,2026-05-21,battery_storage,"""Edgecombe County"" North Carolina moratorium OR ordinance solar OR wind OR ""battery storage"""
53061,WA,Snohomish,mn:wa-north-bend-2026,North Bend,WA,moratorium,active,2026-05-19,battery_storage,"""Snohomish County"" Washington moratorium OR ordinance solar OR wind OR ""battery storage"""
53007,WA,Chelan,mn:wa-north-bend-2026,North Bend,WA,moratorium,active,2026-05-19,battery_storage,"""Chelan County"" Washington moratorium OR ordinance solar OR wind OR ""battery storage"""
20205,KS,Wilson,mn:ks-neosho-county-2026,Neosho County,KS,moratorium,active,2026-05-19,battery_storage,"""Wilson County"" Kansas moratorium OR ordinance solar OR wind OR ""battery storage"""
20125,KS,Montgomery,mn:ks-neosho-county-2026,Neosho County,KS,moratorium,active,2026-05-19,battery_storage,"""Montgomery County"" Kansas moratorium OR ordinance solar OR wind OR ""battery storage"""
20037,KS,Crawford,mn:ks-neosho-county-2026,Neosho County,KS,moratorium,active,2026-05-19,battery_storage,"""Crawford County"" Kansas moratorium OR ordinance solar OR wind OR ""battery storage"""
20011,KS,Bourbon,mn:ks-neosho-county-2026,Neosho County,KS,moratorium,active,2026-05-19,battery_storage,"""Bourbon County"" Kansas moratorium OR ordinance solar OR wind OR ""battery storage"""
20001,KS,Allen,mn:ks-neosho-county-2026,Neosho County,KS,moratorium,active,2026-05-19,battery_storage,"""Allen County"" Kansas moratorium OR ordinance solar OR wind OR ""battery storage"""
20201,KS,Washington,mn:ks-riley-county-2026,Riley County,KS,moratorium,active,2026-05-18,battery_storage,"""Washington County"" Kansas moratorium OR ordinance solar OR wind OR ""battery storage"""
20197,KS,Wabaunsee,mn:ks-riley-county-2026,Riley County,KS,moratorium,active,2026-05-18,battery_storage,"""Wabaunsee County"" Kansas moratorium OR ordinance solar OR wind OR ""battery storage"""
20149,KS,Pottawatomie,mn:ks-riley-county-2026,Riley County,KS,moratorium,active,2026-05-18,battery_storage,"""Pottawatomie County"" Kansas moratorium OR ordinance solar OR wind OR ""battery storage"""
20117,KS,Marshall,mn:ks-riley-county-2026,Riley County,KS,moratorium,active,2026-05-18,battery_storage,"""Marshall County"" Kansas moratorium OR ordinance solar OR wind OR ""battery storage"""
20061,KS,Geary,mn:ks-riley-county-2026,Riley County,KS,moratorium,active,2026-05-18,battery_storage,"""Geary County"" Kansas moratorium OR ordinance solar OR wind OR ""battery storage"""
20027,KS,Clay,mn:ks-riley-county-2026,Riley County,KS,moratorium,active,2026-05-18,battery_storage,"""Clay County"" Kansas moratorium OR ordinance solar OR wind OR ""battery storage"""
36053,NY,Madison,mn:ny-spafford-2026,Spafford,NY,moratorium,active,2026-05-14,battery_storage,"""Madison County"" New York moratorium OR ordinance solar OR wind OR ""battery storage"""
19183,IA,Washington,mn:ia-henry-county-2026,Henry County,IA,moratorium,active,2026-05-14,battery_storage,"""Washington County"" Iowa moratorium OR ordinance solar OR wind OR ""battery storage"""
19177,IA,Van Buren,mn:ia-henry-county-2026,Henry County,IA,moratorium,active,2026-05-14,battery_storage,"""Van Buren County"" Iowa moratorium OR ordinance solar OR wind OR ""battery storage"""
19115,IA,Louisa,mn:ia-henry-county-2026,Henry County,IA,moratorium,active,2026-05-14,battery_storage,"""Louisa County"" Iowa moratorium OR ordinance solar OR wind OR ""battery storage"""
19111,IA,Lee,mn:ia-henry-county-2026,Henry County,IA,moratorium,active,2026-05-14,battery_storage,"""Lee County"" Iowa moratorium OR ordinance solar OR wind OR ""battery storage"""
19101,IA,Jefferson,mn:ia-henry-county-2026,Henry County,IA,moratorium,active,2026-05-14,battery_storage,"""Jefferson County"" Iowa moratorium OR ordinance solar OR wind OR ""battery storage"""
19057,IA,Des Moines,mn:ia-henry-county-2026,Henry County,IA,moratorium,active,2026-05-14,battery_storage,"""Des Moines County"" Iowa moratorium OR ordinance solar OR wind OR ""battery storage"""
27063,MN,Jackson,mn:ia-dickinson-county-2026,Dickinson County,IA,moratorium,active,2026-05-12,battery_storage;solar,"""Jackson County"" Minnesota moratorium OR ordinance solar OR wind OR ""battery storage"""
26151,MI,Sanilac,mn:mi-huron-county-solar-and-battery-storage-2026,Huron County (solar and battery storage),MI,moratorium,extended,2026-05-12,battery_storage;solar,"""Sanilac County"" Michigan moratorium OR ordinance solar OR wind OR ""battery storage"""
19143,IA,Osceola,mn:ia-dickinson-county-2026,Dickinson County,IA,moratorium,active,2026-05-12,battery_storage;solar,"""Osceola County"" Iowa moratorium OR ordinance solar OR wind OR ""battery storage"""
19041,IA,Clay,mn:ia-dickinson-county-2026,Dickinson County,IA,moratorium,active,2026-05-12,battery_storage;solar,"""Clay County"" Iowa moratorium OR ordinance solar OR wind OR ""battery storage"""
29227,MO,Worth,mn:ia-taylor-county-2026,Taylor County,IA,moratorium,active,2026-05-07,battery_storage;solar,"""Worth County"" Missouri moratorium OR ordinance solar OR wind OR ""battery storage"""
29147,MO,Nodaway,mn:ia-taylor-county-2026,Taylor County,IA,moratorium,active,2026-05-07,battery_storage;solar,"""Nodaway County"" Missouri moratorium OR ordinance solar OR wind OR ""battery storage"""
19159,IA,Ringgold,mn:ia-taylor-county-2026,Taylor County,IA,moratorium,active,2026-05-07,battery_storage;solar,"""Ringgold County"" Iowa moratorium OR ordinance solar OR wind OR ""battery storage"""
19145,IA,Page,mn:ia-taylor-county-2026,Taylor County,IA,moratorium,active,2026-05-07,battery_storage;solar,"""Page County"" Iowa moratorium OR ordinance solar OR wind OR ""battery storage"""
36053,NY,Madison,mn:ny-town-of-marcellus-2026,Town of Marcellus,NY,moratorium,active,2026-05-06,battery_storage,"""Madison County"" New York moratorium OR ordinance solar OR wind OR ""battery storage"""
50025,VT,Windham,mn:ma-gill-2026,Gill,MA,moratorium,active,2026-05-04,battery_storage,"""Windham County"" Vermont moratorium OR ordinance solar OR wind OR ""battery storage"""
50003,VT,Bennington,mn:ma-gill-2026,Gill,MA,moratorium,active,2026-05-04,battery_storage,"""Bennington County"" Vermont moratorium OR ordinance solar OR wind OR ""battery storage"""
33005,NH,Cheshire,mn:ma-gill-2026,Gill,MA,moratorium,active,2026-05-04,battery_storage,"""Cheshire County"" New Hampshire moratorium OR ordinance solar OR wind OR ""battery storage"""
25003,MA,Berkshire,mn:ma-gill-2026,Gill,MA,moratorium,active,2026-05-04,battery_storage,"""Berkshire County"" Massachusetts moratorium OR ordinance solar OR wind OR ""battery storage"""
50007,VT,Chittenden,mn:ny-ticonderoga-2026,Ticonderoga,NY,moratorium,active,2026-05,battery_storage,"""Chittenden County"" Vermont moratorium OR ordinance solar OR wind OR ""battery storage"""
50001,VT,Addison,mn:ny-ticonderoga-2026,Ticonderoga,NY,moratorium,active,2026-05,battery_storage,"""Addison County"" Vermont moratorium OR ordinance solar OR wind OR ""battery storage"""
39171,OH,Williams,mn:oh-swancreek-township-fulton-county-2026,Swancreek Township (Fulton County),OH,moratorium,active,2026-05,solar,"""Williams County"" Ohio moratorium OR ordinance solar OR wind OR ""battery storage"""
39095,OH,Lucas,mn:oh-swancreek-township-fulton-county-2026,Swancreek Township (Fulton County),OH,moratorium,active,2026-05,solar,"""Lucas County"" Ohio moratorium OR ordinance solar OR wind OR ""battery storage"""
36113,NY,Warren,mn:ny-benson-2026,Benson,NY,moratorium,active,2026-05,battery_storage,"""Warren County"" New York moratorium OR ordinance solar OR wind OR ""battery storage"""
36113,NY,Warren,mn:ny-ticonderoga-2026,Ticonderoga,NY,moratorium,active,2026-05,battery_storage,"""Warren County"" New York moratorium OR ordinance solar OR wind OR ""battery storage"""
36033,NY,Franklin,mn:ny-benson-2026,Benson,NY,moratorium,active,2026-05,battery_storage,"""Franklin County"" New York moratorium OR ordinance solar OR wind OR ""battery storage"""
36033,NY,Franklin,mn:ny-ticonderoga-2026,Ticonderoga,NY,moratorium,active,2026-05,battery_storage,"""Franklin County"" New York moratorium OR ordinance solar OR wind OR ""battery storage"""
36019,NY,Clinton,mn:ny-ticonderoga-2026,Ticonderoga,NY,moratorium,active,2026-05,battery_storage,"""Clinton County"" New York moratorium OR ordinance solar OR wind OR ""battery storage"""
26091,MI,Lenawee,mn:oh-swancreek-township-fulton-county-2026,Swancreek Township (Fulton County),OH,moratorium,active,2026-05,solar,"""Lenawee County"" Michigan moratorium OR ordinance solar OR wind OR ""battery storage"""
25003,MA,Berkshire,mn:ct-morris-2026,Morris,CT,moratorium,active,2026-05,battery_storage,"""Berkshire County"" Massachusetts moratorium OR ordinance solar OR wind OR ""battery storage"""
09140,,Naugatuck Valley,mn:ct-morris-2026,Morris,CT,moratorium,active,2026-05,battery_storage,"""Naugatuck Valley County""  moratorium OR ordinance solar OR wind OR ""battery storage"""
09110,,Capitol,mn:ct-morris-2026,Morris,CT,moratorium,active,2026-05,battery_storage,"""Capitol County""  moratorium OR ordinance solar OR wind OR ""battery storage"""
26163,MI,Wayne,mn:mi-webster-township-2026,Webster Township,MI,moratorium,active,2026-04-21,battery_storage,"""Wayne County"" Michigan moratorium OR ordinance solar OR wind OR ""battery storage"""
26125,MI,Oakland,mn:mi-webster-township-2026,Webster Township,MI,moratorium,active,2026-04-21,battery_storage,"""Oakland County"" Michigan moratorium OR ordinance solar OR wind OR ""battery storage"""
26091,MI,Lenawee,mn:mi-webster-township-2026,Webster Township,MI,moratorium,active,2026-04-21,battery_storage,"""Lenawee County"" Michigan moratorium OR ordinance solar OR wind OR ""battery storage"""
26075,MI,Jackson,mn:mi-webster-township-2026,Webster Township,MI,moratorium,active,2026-04-21,battery_storage,"""Jackson County"" Michigan moratorium OR ordinance solar OR wind OR ""battery storage"""
26159,MI,Van Buren,mn:mi-casco-township-allegan-county-2026,Casco Township (Allegan County),MI,moratorium,active,2026-04-20,battery_storage;solar,"""Van Buren County"" Michigan moratorium OR ordinance solar OR wind OR ""battery storage"""
26081,MI,Kent,mn:mi-casco-township-allegan-county-2026,Casco Township (Allegan County),MI,moratorium,active,2026-04-20,battery_storage;solar,"""Kent County"" Michigan moratorium OR ordinance solar OR wind OR ""battery storage"""
26015,MI,Barry,mn:mi-casco-township-allegan-county-2026,Casco Township (Allegan County),MI,moratorium,active,2026-04-20,battery_storage;solar,"""Barry County"" Michigan moratorium OR ordinance solar OR wind OR ""battery storage"""
53067,WA,Thurston,mn:wa-bonney-lake-2026,Bonney Lake,WA,moratorium,active,2026-04-14,battery_storage,"""Thurston County"" Washington moratorium OR ordinance solar OR wind OR ""battery storage"""
53045,WA,Mason,mn:wa-bonney-lake-2026,Bonney Lake,WA,moratorium,active,2026-04-14,battery_storage,"""Mason County"" Washington moratorium OR ordinance solar OR wind OR ""battery storage"""
53041,WA,Lewis,mn:wa-bonney-lake-2026,Bonney Lake,WA,moratorium,active,2026-04-14,battery_storage,"""Lewis County"" Washington moratorium OR ordinance solar OR wind OR ""battery storage"""
39119,OH,Muskingum,mn:oh-shawnee-township-2026,Shawnee Township,OH,moratorium,active,2026-04-13,battery_storage;solar,"""Muskingum County"" Ohio moratorium OR ordinance solar OR wind OR ""battery storage"""
39115,OH,Morgan,mn:oh-shawnee-township-2026,Shawnee Township,OH,moratorium,active,2026-04-13,battery_storage;solar,"""Morgan County"" Ohio moratorium OR ordinance solar OR wind OR ""battery storage"""
39073,OH,Hocking,mn:oh-shawnee-township-2026,Shawnee Township,OH,moratorium,active,2026-04-13,battery_storage;solar,"""Hocking County"" Ohio moratorium OR ordinance solar OR wind OR ""battery storage"""
39009,OH,Athens,mn:oh-shawnee-township-2026,Shawnee Township,OH,moratorium,active,2026-04-13,battery_storage;solar,"""Athens County"" Ohio moratorium OR ordinance solar OR wind OR ""battery storage"""
36055,NY,Monroe,mn:ny-byron-2026,Byron,NY,moratorium,extended,2026-04-09,battery_storage,"""Monroe County"" New York moratorium OR ordinance solar OR wind OR ""battery storage"""
36055,NY,Monroe,mn:ny-byron-2026-2,Byron,NY,moratorium,extended,2026-04-09,solar,"""Monroe County"" New York moratorium OR ordinance solar OR wind OR ""battery storage"""
36051,NY,Livingston,mn:ny-byron-2026,Byron,NY,moratorium,extended,2026-04-09,battery_storage,"""Livingston County"" New York moratorium OR ordinance solar OR wind OR ""battery storage"""
36051,NY,Livingston,mn:ny-byron-2026-2,Byron,NY,moratorium,extended,2026-04-09,solar,"""Livingston County"" New York moratorium OR ordinance solar OR wind OR ""battery storage"""
17203,IL,Woodford,mn:il-utica-2026,Utica,IL,moratorium,active,2026-04-09,solar;wind,"""Woodford County"" Illinois moratorium OR ordinance solar OR wind OR ""battery storage"""
17155,IL,Putnam,mn:il-utica-2026,Utica,IL,moratorium,active,2026-04-09,solar;wind,"""Putnam County"" Illinois moratorium OR ordinance solar OR wind OR ""battery storage"""
17123,IL,Marshall,mn:il-utica-2026,Utica,IL,moratorium,active,2026-04-09,solar;wind,"""Marshall County"" Illinois moratorium OR ordinance solar OR wind OR ""battery storage"""
17105,IL,Livingston,mn:il-utica-2026,Utica,IL,moratorium,active,2026-04-09,solar;wind,"""Livingston County"" Illinois moratorium OR ordinance solar OR wind OR ""battery storage"""
17093,IL,Kendall,mn:il-utica-2026,Utica,IL,moratorium,active,2026-04-09,solar;wind,"""Kendall County"" Illinois moratorium OR ordinance solar OR wind OR ""battery storage"""
17063,IL,Grundy,mn:il-utica-2026,Utica,IL,moratorium,active,2026-04-09,solar;wind,"""Grundy County"" Illinois moratorium OR ordinance solar OR wind OR ""battery storage"""
17011,IL,Bureau,mn:il-utica-2026,Utica,IL,moratorium,active,2026-04-09,solar;wind,"""Bureau County"" Illinois moratorium OR ordinance solar OR wind OR ""battery storage"""
36095,NY,Schoharie,mn:ny-hartwick-2026,Hartwick,NY,moratorium,active,2026-03-20,solar,"""Schoharie County"" New York moratorium OR ordinance solar OR wind OR ""battery storage"""
36065,NY,Oneida,mn:ny-hartwick-2026,Hartwick,NY,moratorium,active,2026-03-20,solar,"""Oneida County"" New York moratorium OR ordinance solar OR wind OR ""battery storage"""
36053,NY,Madison,mn:ny-hartwick-2026,Hartwick,NY,moratorium,active,2026-03-20,solar,"""Madison County"" New York moratorium OR ordinance solar OR wind OR ""battery storage"""
36025,NY,Delaware,mn:ny-hartwick-2026,Hartwick,NY,moratorium,active,2026-03-20,solar,"""Delaware County"" New York moratorium OR ordinance solar OR wind OR ""battery storage"""
38089,ND,Stark,mn:nd-dunn-county-2026,Dunn County,ND,moratorium,active,2026-03-18,battery_storage;solar,"""Stark County"" North Dakota moratorium OR ordinance solar OR wind OR ""battery storage"""
38061,ND,Mountrail,mn:nd-dunn-county-2026,Dunn County,ND,moratorium,active,2026-03-18,battery_storage;solar,"""Mountrail County"" North Dakota moratorium OR ordinance solar OR wind OR ""battery storage"""
38057,ND,Mercer,mn:nd-dunn-county-2026,Dunn County,ND,moratorium,active,2026-03-18,battery_storage;solar,"""Mercer County"" North Dakota moratorium OR ordinance solar OR wind OR ""battery storage"""
38053,ND,McKenzie,mn:nd-dunn-county-2026,Dunn County,ND,moratorium,active,2026-03-18,battery_storage;solar,"""McKenzie County"" North Dakota moratorium OR ordinance solar OR wind OR ""battery storage"""
38007,ND,Billings,mn:nd-dunn-county-2026,Dunn County,ND,moratorium,active,2026-03-18,battery_storage;solar,"""Billings County"" North Dakota moratorium OR ordinance solar OR wind OR ""battery storage"""
19175,IA,Union,mn:ia-adair-county-2026,Adair County,IA,moratorium,active,2026-03-18,battery_storage,"""Union County"" Iowa moratorium OR ordinance solar OR wind OR ""battery storage"""
19077,IA,Guthrie,mn:ia-adair-county-2026,Adair County,IA,moratorium,active,2026-03-18,battery_storage,"""Guthrie County"" Iowa moratorium OR ordinance solar OR wind OR ""battery storage"""
19029,IA,Cass,mn:ia-adair-county-2026,Adair County,IA,moratorium,active,2026-03-18,battery_storage,"""Cass County"" Iowa moratorium OR ordinance solar OR wind OR ""battery storage"""
19085,IA,Harrison,mn:ia-shelby-county-2026-2,Shelby County,IA,moratorium,active,2026-03-17,solar,"""Harrison County"" Iowa moratorium OR ordinance solar OR wind OR ""battery storage"""
19085,IA,Harrison,mn:ia-shelby-county-2026-3,Shelby County,IA,moratorium,active,2026-03-17,battery_storage,"""Harrison County"" Iowa moratorium OR ordinance solar OR wind OR ""battery storage"""
19085,IA,Harrison,mn:ia-shelby-county-2026-4,Shelby County,IA,moratorium,active,2026-03-17,wind,"""Harrison County"" Iowa moratorium OR ordinance solar OR wind OR ""battery storage"""
19047,IA,Crawford,mn:ia-shelby-county-2026-2,Shelby County,IA,moratorium,active,2026-03-17,solar,"""Crawford County"" Iowa moratorium OR ordinance solar OR wind OR ""battery storage"""
19047,IA,Crawford,mn:ia-shelby-county-2026-3,Shelby County,IA,moratorium,active,2026-03-17,battery_storage,"""Crawford County"" Iowa moratorium OR ordinance solar OR wind OR ""battery storage"""
19047,IA,Crawford,mn:ia-shelby-county-2026-4,Shelby County,IA,moratorium,active,2026-03-17,wind,"""Crawford County"" Iowa moratorium OR ordinance solar OR wind OR ""battery storage"""
19029,IA,Cass,mn:ia-shelby-county-2026-2,Shelby County,IA,moratorium,active,2026-03-17,solar,"""Cass County"" Iowa moratorium OR ordinance solar OR wind OR ""battery storage"""
19029,IA,Cass,mn:ia-shelby-county-2026-3,Shelby County,IA,moratorium,active,2026-03-17,battery_storage,"""Cass County"" Iowa moratorium OR ordinance solar OR wind OR ""battery storage"""
19029,IA,Cass,mn:ia-shelby-county-2026-4,Shelby County,IA,moratorium,active,2026-03-17,wind,"""Cass County"" Iowa moratorium OR ordinance solar OR wind OR ""battery storage"""
36065,NY,Oneida,mn:ny-town-of-lewis-lewis-county-2026,Town of Lewis (Lewis County),NY,moratorium,active,2026-03-16,battery_storage;solar;wind,"""Oneida County"" New York moratorium OR ordinance solar OR wind OR ""battery storage"""
36045,NY,Jefferson,mn:ny-town-of-lewis-lewis-county-2026,Town of Lewis (Lewis County),NY,moratorium,active,2026-03-16,battery_storage;solar;wind,"""Jefferson County"" New York moratorium OR ordinance solar OR wind OR ""battery storage"""
31155,NE,Saunders,mn:ne-butler-county-2026,Butler County,NE,moratorium,active,2026-03-16,battery_storage;solar;wind,"""Saunders County"" Nebraska moratorium OR ordinance solar OR wind OR ""battery storage"""
31143,NE,Polk,mn:ne-butler-county-2026,Butler County,NE,moratorium,active,2026-03-16,battery_storage;solar;wind,"""Polk County"" Nebraska moratorium OR ordinance solar OR wind OR ""battery storage"""
31141,NE,Platte,mn:ne-butler-county-2026,Butler County,NE,moratorium,active,2026-03-16,battery_storage;solar;wind,"""Platte County"" Nebraska moratorium OR ordinance solar OR wind OR ""battery storage"""
31053,NE,Dodge,mn:ne-butler-county-2026,Butler County,NE,moratorium,active,2026-03-16,battery_storage;solar;wind,"""Dodge County"" Nebraska moratorium OR ordinance solar OR wind OR ""battery storage"""
31037,NE,Colfax,mn:ne-butler-county-2026,Butler County,NE,moratorium,active,2026-03-16,battery_storage;solar;wind,"""Colfax County"" Nebraska moratorium OR ordinance solar OR wind OR ""battery storage"""
26159,MI,Van Buren,mn:mi-comstock-charter-township-2026-2,Comstock Charter Township,MI,moratorium,active,2026-03-16,solar;wind,"""Van Buren County"" Michigan moratorium OR ordinance solar OR wind OR ""battery storage"""
26149,MI,St. Joseph,mn:mi-comstock-charter-township-2026-2,Comstock Charter Township,MI,moratorium,active,2026-03-16,solar;wind,"""St. Joseph County"" Michigan moratorium OR ordinance solar OR wind OR ""battery storage"""
26025,MI,Calhoun,mn:mi-comstock-charter-township-2026-2,Comstock Charter Township,MI,moratorium,active,2026-03-16,solar;wind,"""Calhoun County"" Michigan moratorium OR ordinance solar OR wind OR ""battery storage"""
26015,MI,Barry,mn:mi-comstock-charter-township-2026-2,Comstock Charter Township,MI,moratorium,active,2026-03-16,solar;wind,"""Barry County"" Michigan moratorium OR ordinance solar OR wind OR ""battery storage"""
20191,KS,Sumner,mn:ks-sedgwick-county-2026-2,Sedgwick County,KS,moratorium,active,2026-03-11,battery_storage,"""Sumner County"" Kansas moratorium OR ordinance solar OR wind OR ""battery storage"""
20095,KS,Kingman,mn:ks-sedgwick-county-2026-2,Sedgwick County,KS,moratorium,active,2026-03-11,battery_storage,"""Kingman County"" Kansas moratorium OR ordinance solar OR wind OR ""battery storage"""
36053,NY,Madison,mn:ny-camillus-2026,Camillus,NY,moratorium,active,2026-03-10,battery_storage,"""Madison County"" New York moratorium OR ordinance solar OR wind OR ""battery storage"""
53061,WA,Snohomish,mn:wa-black-diamond-2026,Black Diamond,WA,moratorium,extended,2026-03-03,battery_storage,"""Snohomish County"" Washington moratorium OR ordinance solar OR wind OR ""battery storage"""
53007,WA,Chelan,mn:wa-black-diamond-2026,Black Diamond,WA,moratorium,extended,2026-03-03,battery_storage,"""Chelan County"" Washington moratorium OR ordinance solar OR wind OR ""battery storage"""
13223,GA,Paulding,mn:ga-carroll-county-2026,Carroll County,GA,moratorium,extended,2026-03-03,battery_storage;solar,"""Paulding County"" Georgia moratorium OR ordinance solar OR wind OR ""battery storage"""
13149,GA,Heard,mn:ga-carroll-county-2026,Carroll County,GA,moratorium,extended,2026-03-03,battery_storage;solar,"""Heard County"" Georgia moratorium OR ordinance solar OR wind OR ""battery storage"""
13143,GA,Haralson,mn:ga-carroll-county-2026,Carroll County,GA,moratorium,extended,2026-03-03,battery_storage;solar,"""Haralson County"" Georgia moratorium OR ordinance solar OR wind OR ""battery storage"""
13121,GA,Fulton,mn:ga-carroll-county-2026,Carroll County,GA,moratorium,extended,2026-03-03,battery_storage;solar,"""Fulton County"" Georgia moratorium OR ordinance solar OR wind OR ""battery storage"""
13097,GA,Douglas,mn:ga-carroll-county-2026,Carroll County,GA,moratorium,extended,2026-03-03,battery_storage;solar,"""Douglas County"" Georgia moratorium OR ordinance solar OR wind OR ""battery storage"""
13077,GA,Coweta,mn:ga-carroll-county-2026,Carroll County,GA,moratorium,extended,2026-03-03,battery_storage;solar,"""Coweta County"" Georgia moratorium OR ordinance solar OR wind OR ""battery storage"""
01111,AL,Randolph,mn:ga-carroll-county-2026,Carroll County,GA,moratorium,extended,2026-03-03,battery_storage;solar,"""Randolph County"" Alabama moratorium OR ordinance solar OR wind OR ""battery storage"""
01029,AL,Cleburne,mn:ga-carroll-county-2026,Carroll County,GA,moratorium,extended,2026-03-03,battery_storage;solar,"""Cleburne County"" Alabama moratorium OR ordinance solar OR wind OR ""battery storage"""
31147,NE,Richardson,mn:ks-brown-county-2026,Brown County,KS,moratorium,active,2026-03-02,battery_storage;solar,"""Richardson County"" Nebraska moratorium OR ordinance solar OR wind OR ""battery storage"""
20127,KS,Morris,mn:ks-marion-county-2026,Marion County,KS,moratorium,extended,2026-03-02,battery_storage,"""Morris County"" Kansas moratorium OR ordinance solar OR wind OR ""battery storage"""
20085,KS,Jackson,mn:ks-brown-county-2026,Brown County,KS,moratorium,active,2026-03-02,battery_storage;solar,"""Jackson County"" Kansas moratorium OR ordinance solar OR wind OR ""battery storage"""
20043,KS,Doniphan,mn:ks-brown-county-2026,Brown County,KS,moratorium,active,2026-03-02,battery_storage;solar,"""Doniphan County"" Kansas moratorium OR ordinance solar OR wind OR ""battery storage"""
20017,KS,Chase,mn:ks-marion-county-2026,Marion County,KS,moratorium,extended,2026-03-02,battery_storage,"""Chase County"" Kansas moratorium OR ordinance solar OR wind OR ""battery storage"""
20005,KS,Atchison,mn:ks-brown-county-2026,Brown County,KS,moratorium,active,2026-03-02,battery_storage;solar,"""Atchison County"" Kansas moratorium OR ordinance solar OR wind OR ""battery storage"""
36095,NY,Schoharie,mn:ny-athens-2026,Athens,NY,moratorium,active,2026-03,battery_storage,"""Schoharie County"" New York moratorium OR ordinance solar OR wind OR ""battery storage"""
36025,NY,Delaware,mn:ny-athens-2026,Athens,NY,moratorium,active,2026-03,battery_storage,"""Delaware County"" New York moratorium OR ordinance solar OR wind OR ""battery storage"""
17141,IL,Ogle,mn:il-lee-county-2026-2,Lee County,IL,moratorium,active,2026-03,battery_storage,"""Ogle County"" Illinois moratorium OR ordinance solar OR wind OR ""battery storage"""
17011,IL,Bureau,mn:il-lee-county-2026-2,Lee County,IL,moratorium,active,2026-03,battery_storage,"""Bureau County"" Illinois moratorium OR ordinance solar OR wind OR ""battery storage"""
39061,OH,Hamilton,mn:in-dearborn-county-2026,Dearborn County,IN,moratorium,active,2026-02-24,battery_storage;solar,"""Hamilton County"" Ohio moratorium OR ordinance solar OR wind OR ""battery storage"""
26159,MI,Van Buren,mn:mi-portage-2026,Portage,MI,moratorium,active,2026-02-24,battery_storage,"""Van Buren County"" Michigan moratorium OR ordinance solar OR wind OR ""battery storage"""
26149,MI,St. Joseph,mn:mi-portage-2026,Portage,MI,moratorium,active,2026-02-24,battery_storage,"""St. Joseph County"" Michigan moratorium OR ordinance solar OR wind OR ""battery storage"""
26025,MI,Calhoun,mn:mi-portage-2026,Portage,MI,moratorium,active,2026-02-24,battery_storage,"""Calhoun County"" Michigan moratorium OR ordinance solar OR wind OR ""battery storage"""
26015,MI,Barry,mn:mi-portage-2026,Portage,MI,moratorium,active,2026-02-24,battery_storage,"""Barry County"" Michigan moratorium OR ordinance solar OR wind OR ""battery storage"""
21015,KY,Boone,mn:in-dearborn-county-2026,Dearborn County,IN,moratorium,active,2026-02-24,battery_storage;solar,"""Boone County"" Kentucky moratorium OR ordinance solar OR wind OR ""battery storage"""
18137,IN,Ripley,mn:in-dearborn-county-2026,Dearborn County,IN,moratorium,active,2026-02-24,battery_storage;solar,"""Ripley County"" Indiana moratorium OR ordinance solar OR wind OR ""battery storage"""
18115,IN,Ohio,mn:in-dearborn-county-2026,Dearborn County,IN,moratorium,active,2026-02-24,battery_storage;solar,"""Ohio County"" Indiana moratorium OR ordinance solar OR wind OR ""battery storage"""
18047,IN,Franklin,mn:in-dearborn-county-2026,Dearborn County,IN,moratorium,active,2026-02-24,battery_storage;solar,"""Franklin County"" Indiana moratorium OR ordinance solar OR wind OR ""battery storage"""
18183,IN,Whitley,mn:in-huntington-county-2026,Huntington County,IN,moratorium,active,2026-02-23,battery_storage,"""Whitley County"" Indiana moratorium OR ordinance solar OR wind OR ""battery storage"""
18179,IN,Wells,mn:in-huntington-county-2026,Huntington County,IN,moratorium,active,2026-02-23,battery_storage,"""Wells County"" Indiana moratorium OR ordinance solar OR wind OR ""battery storage"""
18169,IN,Wabash,mn:in-huntington-county-2026,Huntington County,IN,moratorium,active,2026-02-23,battery_storage,"""Wabash County"" Indiana moratorium OR ordinance solar OR wind OR ""battery storage"""
18053,IN,Grant,mn:in-huntington-county-2026,Huntington County,IN,moratorium,active,2026-02-23,battery_storage,"""Grant County"" Indiana moratorium OR ordinance solar OR wind OR ""battery storage"""
36065,NY,Oneida,mn:ny-schroeppel-2026,Schroeppel,NY,moratorium,active,2026-02-10,solar,"""Oneida County"" New York moratorium OR ordinance solar OR wind OR ""battery storage"""
36053,NY,Madison,mn:ny-schroeppel-2026,Schroeppel,NY,moratorium,active,2026-02-10,solar,"""Madison County"" New York moratorium OR ordinance solar OR wind OR ""battery storage"""
36045,NY,Jefferson,mn:ny-schroeppel-2026,Schroeppel,NY,moratorium,active,2026-02-10,solar,"""Jefferson County"" New York moratorium OR ordinance solar OR wind OR ""battery storage"""
25003,MA,Berkshire,mn:ma-westfield-2026-2,Westfield,MA,moratorium,active,2026-02-05,battery_storage,"""Berkshire County"" Massachusetts moratorium OR ordinance solar OR wind OR ""battery storage"""
09150,,Northeastern Connecticut,mn:ma-westfield-2026-2,Westfield,MA,moratorium,active,2026-02-05,battery_storage,"""Northeastern Connecticut County""  moratorium OR ordinance solar OR wind OR ""battery storage"""
09110,,Capitol,mn:ma-westfield-2026-2,Westfield,MA,moratorium,active,2026-02-05,battery_storage,"""Capitol County""  moratorium OR ordinance solar OR wind OR ""battery storage"""
36065,NY,Oneida,mn:ny-denmark-lewis-county-2026,Denmark (Lewis County),NY,moratorium,active,2026-02-03,battery_storage;solar,"""Oneida County"" New York moratorium OR ordinance solar OR wind OR ""battery storage"""
36045,NY,Jefferson,mn:ny-denmark-lewis-county-2026,Denmark (Lewis County),NY,moratorium,active,2026-02-03,battery_storage;solar,"""Jefferson County"" New York moratorium OR ordinance solar OR wind OR ""battery storage"""
36053,NY,Madison,mn:ny-syracuse-2026,Syracuse,NY,moratorium,active,2026-02,battery_storage,"""Madison County"" New York moratorium OR ordinance solar OR wind OR ""battery storage"""
36053,NY,Madison,mn:ny-town-of-sherburne-2026,Town of Sherburne,NY,moratorium,extended,2026-01-14,battery_storage,"""Madison County"" New York moratorium OR ordinance solar OR wind OR ""battery storage"""
36025,NY,Delaware,mn:ny-town-of-sherburne-2026,Town of Sherburne,NY,moratorium,extended,2026-01-14,battery_storage,"""Delaware County"" New York moratorium OR ordinance solar OR wind OR ""battery storage"""
36007,NY,Broome,mn:ny-town-of-sherburne-2026,Town of Sherburne,NY,moratorium,extended,2026-01-14,battery_storage,"""Broome County"" New York moratorium OR ordinance solar OR wind OR ""battery storage"""
13297,GA,Walton,mn:ga-rockdale-county-undated,Rockdale County,GA,moratorium,extended,2026-01-13,battery_storage,"""Walton County"" Georgia moratorium OR ordinance solar OR wind OR ""battery storage"""
13217,GA,Newton,mn:ga-rockdale-county-undated,Rockdale County,GA,moratorium,extended,2026-01-13,battery_storage,"""Newton County"" Georgia moratorium OR ordinance solar OR wind OR ""battery storage"""
13151,GA,Henry,mn:ga-rockdale-county-undated,Rockdale County,GA,moratorium,extended,2026-01-13,battery_storage,"""Henry County"" Georgia moratorium OR ordinance solar OR wind OR ""battery storage"""
13135,GA,Gwinnett,mn:ga-rockdale-county-undated,Rockdale County,GA,moratorium,extended,2026-01-13,battery_storage,"""Gwinnett County"" Georgia moratorium OR ordinance solar OR wind OR ""battery storage"""
13089,GA,DeKalb,mn:ga-rockdale-county-undated,Rockdale County,GA,moratorium,extended,2026-01-13,battery_storage,"""DeKalb County"" Georgia moratorium OR ordinance solar OR wind OR ""battery storage"""
36065,NY,Oneida,mn:ny-greig-lewis-county-2026,Greig (Lewis County),NY,moratorium,active,2026-01,battery_storage;solar;wind,"""Oneida County"" New York moratorium OR ordinance solar OR wind OR ""battery storage"""
36045,NY,Jefferson,mn:ny-greig-lewis-county-2026,Greig (Lewis County),NY,moratorium,active,2026-01,battery_storage;solar;wind,"""Jefferson County"" New York moratorium OR ordinance solar OR wind OR ""battery storage"""
19065,IA,Fayette,mn:ia-buchanan-county-2026,Buchanan County,IA,moratorium,extended,2026-01,battery_storage,"""Fayette County"" Iowa moratorium OR ordinance solar OR wind OR ""battery storage"""
19055,IA,Delaware,mn:ia-buchanan-county-2026,Buchanan County,IA,moratorium,extended,2026-01,battery_storage,"""Delaware County"" Iowa moratorium OR ordinance solar OR wind OR ""battery storage"""
19013,IA,Black Hawk,mn:ia-buchanan-county-2026,Buchanan County,IA,moratorium,extended,2026-01,battery_storage,"""Black Hawk County"" Iowa moratorium OR ordinance solar OR wind OR ""battery storage"""
19011,IA,Benton,mn:ia-buchanan-county-2026,Buchanan County,IA,moratorium,extended,2026-01,battery_storage,"""Benton County"" Iowa moratorium OR ordinance solar OR wind OR ""battery storage"""
36095,NY,Schoharie,mn:ny-amsterdam-undated,Amsterdam,NY,moratorium,active,2025-12-02,battery_storage;solar,"""Schoharie County"" New York moratorium OR ordinance solar OR wind OR ""battery storage"""
26159,MI,Van Buren,mn:mi-oshtemo-charter-township-2025,Oshtemo Charter Township,MI,moratorium,active,2025-11-25,battery_storage,"""Van Buren County"" Michigan moratorium OR ordinance solar OR wind OR ""battery storage"""
26149,MI,St. Joseph,mn:mi-oshtemo-charter-township-2025,Oshtemo Charter Township,MI,moratorium,active,2025-11-25,battery_storage,"""St. Joseph County"" Michigan moratorium OR ordinance solar OR wind OR ""battery storage"""
26025,MI,Calhoun,mn:mi-oshtemo-charter-township-2025,Oshtemo Charter Township,MI,moratorium,active,2025-11-25,battery_storage,"""Calhoun County"" Michigan moratorium OR ordinance solar OR wind OR ""battery storage"""
26015,MI,Barry,mn:mi-oshtemo-charter-township-2025,Oshtemo Charter Township,MI,moratorium,active,2025-11-25,battery_storage,"""Barry County"" Michigan moratorium OR ordinance solar OR wind OR ""battery storage"""
18121,IN,Parke,mn:in-putnam-county-2025,Putnam County,IN,moratorium,active,2025-11-17,solar;wind,"""Parke County"" Indiana moratorium OR ordinance solar OR wind OR ""battery storage"""
18119,IN,Owen,mn:in-putnam-county-2025,Putnam County,IN,moratorium,active,2025-11-17,solar;wind,"""Owen County"" Indiana moratorium OR ordinance solar OR wind OR ""battery storage"""
18109,IN,Morgan,mn:in-putnam-county-2025,Putnam County,IN,moratorium,active,2025-11-17,solar;wind,"""Morgan County"" Indiana moratorium OR ordinance solar OR wind OR ""battery storage"""
18063,IN,Hendricks,mn:in-putnam-county-2025,Putnam County,IN,moratorium,active,2025-11-17,solar;wind,"""Hendricks County"" Indiana moratorium OR ordinance solar OR wind OR ""battery storage"""
18021,IN,Clay,mn:in-putnam-county-2025,Putnam County,IN,moratorium,active,2025-11-17,solar;wind,"""Clay County"" Indiana moratorium OR ordinance solar OR wind OR ""battery storage"""
19157,IA,Poweshiek,mn:ia-tama-county-2025-2,Tama County,IA,moratorium,active,2025-11-10,battery_storage,"""Poweshiek County"" Iowa moratorium OR ordinance solar OR wind OR ""battery storage"""
19127,IA,Marshall,mn:ia-tama-county-2025-2,Tama County,IA,moratorium,active,2025-11-10,battery_storage,"""Marshall County"" Iowa moratorium OR ordinance solar OR wind OR ""battery storage"""
19013,IA,Black Hawk,mn:ia-tama-county-2025-2,Tama County,IA,moratorium,active,2025-11-10,battery_storage,"""Black Hawk County"" Iowa moratorium OR ordinance solar OR wind OR ""battery storage"""
19011,IA,Benton,mn:ia-tama-county-2025-2,Tama County,IA,moratorium,active,2025-11-10,battery_storage,"""Benton County"" Iowa moratorium OR ordinance solar OR wind OR ""battery storage"""
21233,KY,Webster,mn:ky-henderson-county-2025,Henderson County,KY,moratorium,active,2025-10-28,wind,"""Webster County"" Kentucky moratorium OR ordinance solar OR wind OR ""battery storage"""
21225,KY,Union,mn:ky-henderson-county-2025,Henderson County,KY,moratorium,active,2025-10-28,wind,"""Union County"" Kentucky moratorium OR ordinance solar OR wind OR ""battery storage"""
21149,KY,McLean,mn:ky-henderson-county-2025,Henderson County,KY,moratorium,active,2025-10-28,wind,"""McLean County"" Kentucky moratorium OR ordinance solar OR wind OR ""battery storage"""
21059,KY,Daviess,mn:ky-henderson-county-2025,Henderson County,KY,moratorium,active,2025-10-28,wind,"""Daviess County"" Kentucky moratorium OR ordinance solar OR wind OR ""battery storage"""
18173,IN,Warrick,mn:ky-henderson-county-2025,Henderson County,KY,moratorium,active,2025-10-28,wind,"""Warrick County"" Indiana moratorium OR ordinance solar OR wind OR ""battery storage"""
18163,IN,Vanderburgh,mn:ky-henderson-county-2025,Henderson County,KY,moratorium,active,2025-10-28,wind,"""Vanderburgh County"" Indiana moratorium OR ordinance solar OR wind OR ""battery storage"""
18129,IN,Posey,mn:ky-henderson-county-2025,Henderson County,KY,moratorium,active,2025-10-28,wind,"""Posey County"" Indiana moratorium OR ordinance solar OR wind OR ""battery storage"""
50021,VT,Rutland,mn:ny-salem-2025,Salem,NY,moratorium,active,2025-10-08,battery_storage,"""Rutland County"" Vermont moratorium OR ordinance solar OR wind OR ""battery storage"""
50003,VT,Bennington,mn:ny-salem-2025,Salem,NY,moratorium,active,2025-10-08,battery_storage,"""Bennington County"" Vermont moratorium OR ordinance solar OR wind OR ""battery storage"""
50001,VT,Addison,mn:ny-salem-2025,Salem,NY,moratorium,active,2025-10-08,battery_storage,"""Addison County"" Vermont moratorium OR ordinance solar OR wind OR ""battery storage"""
36113,NY,Warren,mn:ny-salem-2025,Salem,NY,moratorium,active,2025-10-08,battery_storage,"""Warren County"" New York moratorium OR ordinance solar OR wind OR ""battery storage"""
36083,NY,Rensselaer,mn:ny-salem-2025,Salem,NY,moratorium,active,2025-10-08,battery_storage,"""Rensselaer County"" New York moratorium OR ordinance solar OR wind OR ""battery storage"""
36105,NY,Sullivan,mn:ny-hurley-2025,Hurley,NY,moratorium,extended,2025-09-30,battery_storage,"""Sullivan County"" New York moratorium OR ordinance solar OR wind OR ""battery storage"""
36025,NY,Delaware,mn:ny-hurley-2025,Hurley,NY,moratorium,extended,2025-09-30,battery_storage,"""Delaware County"" New York moratorium OR ordinance solar OR wind OR ""battery storage"""
42123,PA,Warren,mn:ny-town-of-dunkirk-chautauqua-county-2025,Town of Dunkirk (Chautauqua County),NY,moratorium,extended,2025-09,battery_storage,"""Warren County"" Pennsylvania moratorium OR ordinance solar OR wind OR ""battery storage"""
42049,PA,Erie,mn:ny-town-of-dunkirk-chautauqua-county-2025,Town of Dunkirk (Chautauqua County),NY,moratorium,extended,2025-09,battery_storage,"""Erie County"" Pennsylvania moratorium OR ordinance solar OR wind OR ""battery storage"""
46135,SD,Yankton,mn:sd-turner-county-2025,Turner County,SD,moratorium,extended,2025-08-26,solar;wind,"""Yankton County"" South Dakota moratorium OR ordinance solar OR wind OR ""battery storage"""
46099,SD,Minnehaha,mn:sd-turner-county-2025,Turner County,SD,moratorium,extended,2025-08-26,solar;wind,"""Minnehaha County"" South Dakota moratorium OR ordinance solar OR wind OR ""battery storage"""
46087,SD,McCook,mn:sd-turner-county-2025,Turner County,SD,moratorium,extended,2025-08-26,solar;wind,"""McCook County"" South Dakota moratorium OR ordinance solar OR wind OR ""battery storage"""
46067,SD,Hutchinson,mn:sd-turner-county-2025,Turner County,SD,moratorium,extended,2025-08-26,solar;wind,"""Hutchinson County"" South Dakota moratorium OR ordinance solar OR wind OR ""battery storage"""
46027,SD,Clay,mn:sd-turner-county-2025,Turner County,SD,moratorium,extended,2025-08-26,solar;wind,"""Clay County"" South Dakota moratorium OR ordinance solar OR wind OR ""battery storage"""
31145,NE,Red Willow,mn:ne-furnas-county-2025,Furnas County,NE,moratorium,active,2025-08-26,solar;wind,"""Red Willow County"" Nebraska moratorium OR ordinance solar OR wind OR ""battery storage"""
31137,NE,Phelps,mn:ne-furnas-county-2025,Furnas County,NE,moratorium,active,2025-08-26,solar;wind,"""Phelps County"" Nebraska moratorium OR ordinance solar OR wind OR ""battery storage"""
31083,NE,Harlan,mn:ne-furnas-county-2025,Furnas County,NE,moratorium,active,2025-08-26,solar;wind,"""Harlan County"" Nebraska moratorium OR ordinance solar OR wind OR ""battery storage"""
31073,NE,Gosper,mn:ne-furnas-county-2025,Furnas County,NE,moratorium,active,2025-08-26,solar;wind,"""Gosper County"" Nebraska moratorium OR ordinance solar OR wind OR ""battery storage"""
31063,NE,Frontier,mn:ne-furnas-county-2025,Furnas County,NE,moratorium,active,2025-08-26,solar;wind,"""Frontier County"" Nebraska moratorium OR ordinance solar OR wind OR ""battery storage"""
20137,KS,Norton,mn:ne-furnas-county-2025,Furnas County,NE,moratorium,active,2025-08-26,solar;wind,"""Norton County"" Kansas moratorium OR ordinance solar OR wind OR ""battery storage"""
20039,KS,Decatur,mn:ne-furnas-county-2025,Furnas County,NE,moratorium,active,2025-08-26,solar;wind,"""Decatur County"" Kansas moratorium OR ordinance solar OR wind OR ""battery storage"""
27161,MN,Waseca,mn:mn-freeborn-county-2025,Freeborn County,MN,moratorium,extended,2025-08-19,battery_storage,"""Waseca County"" Minnesota moratorium OR ordinance solar OR wind OR ""battery storage"""
27147,MN,Steele,mn:mn-freeborn-county-2025,Freeborn County,MN,moratorium,extended,2025-08-19,battery_storage,"""Steele County"" Minnesota moratorium OR ordinance solar OR wind OR ""battery storage"""
27099,MN,Mower,mn:mn-freeborn-county-2025,Freeborn County,MN,moratorium,extended,2025-08-19,battery_storage,"""Mower County"" Minnesota moratorium OR ordinance solar OR wind OR ""battery storage"""
27043,MN,Faribault,mn:mn-freeborn-county-2025,Freeborn County,MN,moratorium,extended,2025-08-19,battery_storage,"""Faribault County"" Minnesota moratorium OR ordinance solar OR wind OR ""battery storage"""
19195,IA,Worth,mn:mn-freeborn-county-2025,Freeborn County,MN,moratorium,extended,2025-08-19,battery_storage,"""Worth County"" Iowa moratorium OR ordinance solar OR wind OR ""battery storage"""
19189,IA,Winnebago,mn:mn-freeborn-county-2025,Freeborn County,MN,moratorium,extended,2025-08-19,battery_storage,"""Winnebago County"" Iowa moratorium OR ordinance solar OR wind OR ""battery storage"""
19077,IA,Guthrie,mn:ia-audubon-county-2025,Audubon County,IA,moratorium,extended,2025-08-12,battery_storage,"""Guthrie County"" Iowa moratorium OR ordinance solar OR wind OR ""battery storage"""
19029,IA,Cass,mn:ia-audubon-county-2025,Audubon County,IA,moratorium,extended,2025-08-12,battery_storage,"""Cass County"" Iowa moratorium OR ordinance solar OR wind OR ""battery storage"""
19027,IA,Carroll,mn:ia-audubon-county-2025,Audubon County,IA,moratorium,extended,2025-08-12,battery_storage,"""Carroll County"" Iowa moratorium OR ordinance solar OR wind OR ""battery storage"""
36065,NY,Oneida,mn:ny-oswego-city-2025,Oswego City,NY,moratorium,extended,2025-08-11,battery_storage;solar;wind,"""Oneida County"" New York moratorium OR ordinance solar OR wind OR ""battery storage"""
36053,NY,Madison,mn:ny-oswego-city-2025,Oswego City,NY,moratorium,extended,2025-08-11,battery_storage;solar;wind,"""Madison County"" New York moratorium OR ordinance solar OR wind OR ""battery storage"""
36045,NY,Jefferson,mn:ny-oswego-city-2025,Oswego City,NY,moratorium,extended,2025-08-11,battery_storage;solar;wind,"""Jefferson County"" New York moratorium OR ordinance solar OR wind OR ""battery storage"""
46089,SD,McPherson,mn:nd-mcintosh-county-2025,McIntosh County,ND,moratorium,extended,2025-07,solar;wind,"""McPherson County"" South Dakota moratorium OR ordinance solar OR wind OR ""battery storage"""
46021,SD,Campbell,mn:nd-mcintosh-county-2025,McIntosh County,ND,moratorium,extended,2025-07,solar;wind,"""Campbell County"" South Dakota moratorium OR ordinance solar OR wind OR ""battery storage"""
38047,ND,Logan,mn:nd-mcintosh-county-2025,McIntosh County,ND,moratorium,extended,2025-07,solar;wind,"""Logan County"" North Dakota moratorium OR ordinance solar OR wind OR ""battery storage"""
38045,ND,LaMoure,mn:nd-mcintosh-county-2025,McIntosh County,ND,moratorium,extended,2025-07,solar;wind,"""LaMoure County"" North Dakota moratorium OR ordinance solar OR wind OR ""battery storage"""
38029,ND,Emmons,mn:nd-mcintosh-county-2025,McIntosh County,ND,moratorium,extended,2025-07,solar;wind,"""Emmons County"" North Dakota moratorium OR ordinance solar OR wind OR ""battery storage"""
38021,ND,Dickey,mn:nd-mcintosh-county-2025,McIntosh County,ND,moratorium,extended,2025-07,solar;wind,"""Dickey County"" North Dakota moratorium OR ordinance solar OR wind OR ""battery storage"""
08117,CO,Summit,mn:co-grand-county-2025,Grand County,CO,moratorium,active,2025-06-24,battery_storage;solar;wind,"""Summit County"" Colorado moratorium OR ordinance solar OR wind OR ""battery storage"""
08107,CO,Routt,mn:co-grand-county-2025,Grand County,CO,moratorium,active,2025-06-24,battery_storage;solar;wind,"""Routt County"" Colorado moratorium OR ordinance solar OR wind OR ""battery storage"""
08069,CO,Larimer,mn:co-grand-county-2025,Grand County,CO,moratorium,active,2025-06-24,battery_storage;solar;wind,"""Larimer County"" Colorado moratorium OR ordinance solar OR wind OR ""battery storage"""
08057,CO,Jackson,mn:co-grand-county-2025,Grand County,CO,moratorium,active,2025-06-24,battery_storage;solar;wind,"""Jackson County"" Colorado moratorium OR ordinance solar OR wind OR ""battery storage"""
08047,CO,Gilpin,mn:co-grand-county-2025,Grand County,CO,moratorium,active,2025-06-24,battery_storage;solar;wind,"""Gilpin County"" Colorado moratorium OR ordinance solar OR wind OR ""battery storage"""
08037,CO,Eagle,mn:co-grand-county-2025,Grand County,CO,moratorium,active,2025-06-24,battery_storage;solar;wind,"""Eagle County"" Colorado moratorium OR ordinance solar OR wind OR ""battery storage"""
08019,CO,Clear Creek,mn:co-grand-county-2025,Grand County,CO,moratorium,active,2025-06-24,battery_storage;solar;wind,"""Clear Creek County"" Colorado moratorium OR ordinance solar OR wind OR ""battery storage"""
08013,CO,Boulder,mn:co-grand-county-2025,Grand County,CO,moratorium,active,2025-06-24,battery_storage;solar;wind,"""Boulder County"" Colorado moratorium OR ordinance solar OR wind OR ""battery storage"""
09140,,Naugatuck Valley,mn:ny-glenville-2025,Glenville,NY,moratorium,extended,2025-06-18,battery_storage,"""Naugatuck Valley County""  moratorium OR ordinance solar OR wind OR ""battery storage"""
09120,,Greater Bridgeport,mn:ny-glenville-2025,Glenville,NY,moratorium,extended,2025-06-18,battery_storage,"""Greater Bridgeport County""  moratorium OR ordinance solar OR wind OR ""battery storage"""
19153,IA,Polk,mn:ia-story-county-2025,Story County,IA,moratorium,active,2025-06-17,battery_storage,"""Polk County"" Iowa moratorium OR ordinance solar OR wind OR ""battery storage"""
19127,IA,Marshall,mn:ia-story-county-2025,Story County,IA,moratorium,active,2025-06-17,battery_storage,"""Marshall County"" Iowa moratorium OR ordinance solar OR wind OR ""battery storage"""
19099,IA,Jasper,mn:ia-story-county-2025,Story County,IA,moratorium,active,2025-06-17,battery_storage,"""Jasper County"" Iowa moratorium OR ordinance solar OR wind OR ""battery storage"""
19079,IA,Hamilton,mn:ia-story-county-2025,Story County,IA,moratorium,active,2025-06-17,battery_storage,"""Hamilton County"" Iowa moratorium OR ordinance solar OR wind OR ""battery storage"""
19015,IA,Boone,mn:ia-story-county-2025,Story County,IA,moratorium,active,2025-06-17,battery_storage,"""Boone County"" Iowa moratorium OR ordinance solar OR wind OR ""battery storage"""
53045,WA,Mason,mn:wa-kitsap-county-2025,Kitsap County,WA,moratorium,extended,2025-06-11,battery_storage,"""Mason County"" Washington moratorium OR ordinance solar OR wind OR ""battery storage"""
42123,PA,Warren,mn:ny-village-of-mayville-2025,Village of Mayville,NY,moratorium,extended,2025-06,battery_storage,"""Warren County"" Pennsylvania moratorium OR ordinance solar OR wind OR ""battery storage"""
42049,PA,Erie,mn:ny-village-of-mayville-2025,Village of Mayville,NY,moratorium,extended,2025-06,battery_storage,"""Erie County"" Pennsylvania moratorium OR ordinance solar OR wind OR ""battery storage"""
36099,NY,Seneca,mn:ny-mentz-2025,Mentz,NY,moratorium,active,2025-06,battery_storage,"""Seneca County"" New York moratorium OR ordinance solar OR wind OR ""battery storage"""
36045,NY,Jefferson,mn:ny-norfolk-2025,Norfolk,NY,moratorium,active,2025-06,battery_storage,"""Jefferson County"" New York moratorium OR ordinance solar OR wind OR ""battery storage"""
36033,NY,Franklin,mn:ny-norfolk-2025,Norfolk,NY,moratorium,active,2025-06,battery_storage,"""Franklin County"" New York moratorium OR ordinance solar OR wind OR ""battery storage"""
53073,WA,Whatcom,mn:wa-mount-vernon-2025,Mount Vernon,WA,moratorium,extended,2025-05-28,battery_storage,"""Whatcom County"" Washington moratorium OR ordinance solar OR wind OR ""battery storage"""
53061,WA,Snohomish,mn:wa-mount-vernon-2025,Mount Vernon,WA,moratorium,extended,2025-05-28,battery_storage,"""Snohomish County"" Washington moratorium OR ordinance solar OR wind OR ""battery storage"""
53047,WA,Okanogan,mn:wa-mount-vernon-2025,Mount Vernon,WA,moratorium,extended,2025-05-28,battery_storage,"""Okanogan County"" Washington moratorium OR ordinance solar OR wind OR ""battery storage"""
53007,WA,Chelan,mn:wa-mount-vernon-2025,Mount Vernon,WA,moratorium,extended,2025-05-28,battery_storage,"""Chelan County"" Washington moratorium OR ordinance solar OR wind OR ""battery storage"""
36081,NY,Queens,mn:ny-glen-cove-2025,Glen Cove,NY,moratorium,extended,2025-05-13,battery_storage,"""Queens County"" New York moratorium OR ordinance solar OR wind OR ""battery storage"""
19151,IA,Pocahontas,mn:ia-palo-alto-county-2025-2,Palo Alto County,IA,moratorium,extended,2025-05-13,battery_storage,"""Pocahontas County"" Iowa moratorium OR ordinance solar OR wind OR ""battery storage"""
19041,IA,Clay,mn:ia-palo-alto-county-2025-2,Palo Alto County,IA,moratorium,extended,2025-05-13,battery_storage,"""Clay County"" Iowa moratorium OR ordinance solar OR wind OR ""battery storage"""
36095,NY,Schoharie,mn:ny-berne-2025,Berne,NY,moratorium,extended,2025-05-06,battery_storage;solar,"""Schoharie County"" New York moratorium OR ordinance solar OR wind OR ""battery storage"""
36083,NY,Rensselaer,mn:ny-berne-2025,Berne,NY,moratorium,extended,2025-05-06,battery_storage;solar,"""Rensselaer County"" New York moratorium OR ordinance solar OR wind OR ""battery storage"""
42123,PA,Warren,mn:ny-mina-2025,Mina,NY,moratorium,extended,2025-05-02,battery_storage,"""Warren County"" Pennsylvania moratorium OR ordinance solar OR wind OR ""battery storage"""
42049,PA,Erie,mn:ny-mina-2025,Mina,NY,moratorium,extended,2025-05-02,battery_storage,"""Erie County"" Pennsylvania moratorium OR ordinance solar OR wind OR ""battery storage"""
42123,PA,Warren,mn:ny-north-harmony-2025,North Harmony,NY,moratorium,extended,2025,battery_storage;solar,"""Warren County"" Pennsylvania moratorium OR ordinance solar OR wind OR ""battery storage"""
42103,PA,Pike,mn:ny-chester-orange-county-2025,Chester (Orange County),NY,moratorium,extended,2025,battery_storage,"""Pike County"" Pennsylvania moratorium OR ordinance solar OR wind OR ""battery storage"""
42049,PA,Erie,mn:ny-north-harmony-2025,North Harmony,NY,moratorium,extended,2025,battery_storage;solar,"""Erie County"" Pennsylvania moratorium OR ordinance solar OR wind OR ""battery storage"""
36113,NY,Warren,mn:ny-town-of-day-2025,Town of Day,NY,moratorium,active,2025,battery_storage,"""Warren County"" New York moratorium OR ordinance solar OR wind OR ""battery storage"""
36105,NY,Sullivan,mn:ny-chester-orange-county-2025,Chester (Orange County),NY,moratorium,extended,2025,battery_storage,"""Sullivan County"" New York moratorium OR ordinance solar OR wind OR ""battery storage"""
36105,NY,Sullivan,mn:ny-gardiner-2025,Gardiner,NY,moratorium,extended,2025,battery_storage,"""Sullivan County"" New York moratorium OR ordinance solar OR wind OR ""battery storage"""
36099,NY,Seneca,mn:ny-rose-2025,Rose,NY,moratorium,active,2025,battery_storage;solar,"""Seneca County"" New York moratorium OR ordinance solar OR wind OR ""battery storage"""
36083,NY,Rensselaer,mn:ny-town-of-day-2025,Town of Day,NY,moratorium,active,2025,battery_storage,"""Rensselaer County"" New York moratorium OR ordinance solar OR wind OR ""battery storage"""
36065,NY,Oneida,mn:ny-german-flatts-2025,German Flatts,NY,moratorium,active,2025,solar;wind,"""Oneida County"" New York moratorium OR ordinance solar OR wind OR ""battery storage"""
36055,NY,Monroe,mn:ny-rose-2025,Rose,NY,moratorium,active,2025,battery_storage;solar,"""Monroe County"" New York moratorium OR ordinance solar OR wind OR ""battery storage"""
36025,NY,Delaware,mn:ny-gardiner-2025,Gardiner,NY,moratorium,extended,2025,battery_storage,"""Delaware County"" New York moratorium OR ordinance solar OR wind OR ""battery storage"""
34037,NJ,Sussex,mn:ny-chester-orange-county-2025,Chester (Orange County),NY,moratorium,extended,2025,battery_storage,"""Sussex County"" New Jersey moratorium OR ordinance solar OR wind OR ""battery storage"""
34031,NJ,Passaic,mn:ny-chester-orange-county-2025,Chester (Orange County),NY,moratorium,extended,2025,battery_storage,"""Passaic County"" New Jersey moratorium OR ordinance solar OR wind OR ""battery storage"""
