canonical_name,group_name,record,state,date,reason,excerpt
Preserve Mercer County Farm Land,Preserve Mercer County Farm Land,REC-0149,KY,,no group_source_url yet,Opponents organized against the project on a Facebook group called “Preserve Mercer County Farm Land” and spoke at a public meeting in August 2020.
Montana Audubon Society,Montana Audubon Society,REC-0238,MT,,no group_source_url yet,"In 2007, the company abandoned the project due to opposition from the Montana Wilderness Association, Montana Audubon Society, and the Montana Wilderness Society, who raised concerns about impacts on "
Montana Wilderness Association,Montana Wilderness Association,REC-0238,MT,,no group_source_url yet,"In 2007, the company abandoned the project due to opposition from the Montana Wilderness Association, Montana Audubon Society, and the Montana Wilderness Society, who raised concerns about impacts on "
Montana Wilderness Society,Montana Wilderness Society,REC-0238,MT,,no group_source_url yet,"In 2007, the company abandoned the project due to opposition from the Montana Wilderness Association, Montana Audubon Society, and the Montana Wilderness Society, who raised concerns about impacts on "
Bohemian Alps Wind Watchers,Bohemian Alps Wind Watchers,REC-0247,NE,,no group_source_url yet,The regulations were dragged by a group called Bohemian Alps Wind Watchers and implemented around the same time by five other townships in Butler County.
Appalachian Mountain Club,Appalachian Mountain Club,REC-0270,NH,,no group_source_url yet,The Appalachian Mountain Club raised concerns that the project might impact sensitive high-elevated forest.
Appalachian Mountain Club,Appalachian Mountain Club,REC-0272,NH,,no group_source_url yet,The project faced opposition from residents and local groups including the Appalachian Mountain Club.
Basin and Range Watch,Basin and Range Watch,REC-0258,NV,,no group_source_url yet,"The projects are opposed by Nevada-based Basin and Range Watch, which thanked BLM for its decision."
Fayette County Texas - Stop The Wind Turbines,Fayette County Texas - Stop The Wind Turbines,REC-0436,TX,,no group_source_url yet,Local opponents organized a Facebook page called “Fayette County Texas - Stop The Wind Turbines” and an opposition group called “FayCoSaysNo.”
