source_record_id,entity,state,record_name,group_name,excerpt,group_source_url,access,archived_url,note
REC-0495,contested_project,WY,Rock Creek Gen-Tie Line,Albany County Conservancy,"In July 2023, the Albany County Conservancy challenged the Bureau of Land Management’s approval of a transmission line designed to connect a proposed wind project.",https://cowboystatedaily.com/2023/08/01/lawsuit-claims-blm-excluded-public-with-secret-approval-of-wind-project/,opened,,"Opened 2026-10-09 (Cowboy State Daily): ""The Albany County Conservancy and Mike Lockhart, a wildlife biologist specializing in eagles who worked for the U.S. Fish and Wildlife Service for more than 30 years, have filed a lawsuit against the BLM over the approval process for a transmission line to connect the Rock Creek Wind project to two "". Reports conservancy's 2023 suit against BLM over Rock Creek Wind gen-tie approval."
REC-0180,contested_project,MD,Dan’s Mountain Wind Farm,Allegany Neighbors and Citizens for Home Owners Rights,The proposed 17-turbine Dan’s Mountain Wind Farm in Allegany County has faced opposition from local residents who formed the Allegany Neighbors and Citizens for Home Owners Rights (ANCHOR) group.,https://news.yahoo.com/battle-over-wind-turbines-returns-131800093.html,opened,,"Opened 2026-10-09 (Cumberland Times-News (via Yahoo News)): ""The case, which a previous judge called ""a tortured history"" with origins dating back to 2008, was once again on display as attorneys for the Clearway Energy Group, who wish to place nine turbines on Dans Mountain, clashed with counsel representing Allegany Neighbors and Citizens for Home Owners Rig"". ANCHOR counsel fought Clearway's revived 9-turbine Dans Mountain plan at a county zoning hearing."
REC-0193,contested_project,MA,Cape Wind,Alliance to Protect Nantucket Sound,"The project faced opposition from groups such as the Alliance to Protect Nantucket Sound, fishing groups, and Native American tribes.",https://www.wbur.org/news/2010/06/25/cape-wind-lawsuit,opened,,"Opened 2026-10-09 (WBUR): """"There were recommendations from Fish and Wildlife Service to actually have temporary shutdowns of the project during migratory bird periods,"" said Audra Parker, president of the Alliance to Protect Nantucket Sound. ""And basically on Cape Wind's preference, and likely political pressure, those recom"". Alliance president Audra Parker quoted on 2010 federal lawsuit against Cape Wind approvals"
REC-0270,contested_project,NH,Granite Reliable Wind Farm,Appalachian Mountain Club,The Appalachian Mountain Club raised concerns that the project might impact sensitive high-elevated forest.,https://www.nsenergybusiness.com/news/newssec_to_evaluate_granite_reliable_powers_proposed_wind_energy_project_in_coos_county_oregon_090305/,opened,,"Opened 2026-10-09 (NS Energy (relaying NHPR correspondent Chris Jensen's report)): ""In early 2009, the Appalachian Mountain Club and New Hampshire Fish and Game filed reports strongly objecting to parts of the wind project."". Granite Reliable Power (Noble) SEC review 2009; AMC objected to Mount Kelsey/Dixville Peak old-growth sites, then reached a tentative agreement for ~2,200 acres of easements. Headline wrongly says 'Oregon' but text is Coos County NH."
REC-0272,contested_project,NH,Wild Meadows Wind Farm,Appalachian Mountain Club,The project faced opposition from residents and local groups including the Appalachian Mountain Club.,,,,"Named in the Sabin report text (June 2025 ed.); held until a news article naming the group is found and opened. Suggested search: ""Appalachian Mountain Club"" Wild Meadows Wind Farm Searched 2026-10-09 (plain fetch, then Crawl4AI), not found: Not found: only AMC tie is AMC's own SEC filing (nhsec.nh.gov/projects/2013-02/documents/140108amc.pdf) and resident comments, all on nhsec.nh.gov which 403s (Akamai) for both tools; Forest Society, NHPR, AP/Washington Examiner, Press Herald, Manufacturing.net Wild Meadows pages opened, none name AMC."
REC-0044,contested_project,DE,Cedar Creek Solar,Citizens Against Solar Pollution,"In March 2022, a landowner and a group called Citizens Against Solar Pollution filed a lawsuit in Delaware Chancery Court challenging Kent County’s approval of the proposed 100-MW Cedar Creek Solar project.",https://townsquaredelaware.com/lawsuit-filed-to-stop-construction-of-smyrna-solar-farm/,opened,,"Opened 2026-10-09 (Town Square Delaware): ""He and a newly-formed group called Citizens Against Solar Pollution have filed suit against Kent County and its Levy Court, alleging that the proposed 100-megawatt solar farm would damage the environment, reduce property values, defile the area’s rural character and threaten historical artifacts bel"". Landowner and the group sued Kent County Levy Court over the 100-MW solar farm near Smyrna"
REC-0150,contested_project,KY,Stonefield Solar Project,Hardin County Citizens for Responsible Solar,"Later that month, a citizen’s group called Hardin County Citizens for Responsible Solar filed a lawsuit challenging the permitting of the solar project in a heavy industrial zone, arguing that the project does not qualify as manufacturing and is at odds with the Hardin County Comprehensive Plan.",https://www.thenewsenterprise.com/news/local/group-organized-to-fight-industrial-solar/article_5b1022c3-ae9c-5601-82d5-fa18103a42c2.html,opened,,"Opened 2026-10-09 (The News-Enterprise): ""Since that meeting in June, some of those residents, many from Cecilia, have organized, calling themselves Hardin County Citizens for Responsible Solar."". Group formation to fight Hardin County solar (ibV Rhudes Creek near Cecilia); article does not mention Stonefield or the lawsuit."
REC-0146,contested_project,KY,Hardin Solar LLC Project,Hardin County Citizens for Responsible Solar,"Almost 200 Hardin County residents attended the commission meeting, many of them belonging to Hardin County CiDzens for Responsible Solar.",https://www.thenewsenterprise.com/news/local/group-organized-to-fight-industrial-solar/article_5b1022c3-ae9c-5601-82d5-fa18103a42c2.html,opened,,"Opened 2026-10-09 (The News-Enterprise): ""Since that meeting in June, some of those residents, many from Cecilia, have organized, calling themselves Hardin County Citizens for Responsible Solar."". Residents organized the group after a Hardin County planning meeting on a proposed solar project near Cecilia."
REC-0288,contested_project,NM,Rancho Viejo Solar Project,Clean Energy Coalition for Santa Fe County,Residents have established the Clean Energy Coalition for Santa Fe County and New Mexicans for Responsible Renewable Energy to fight against the project.,https://www.ksfr.org/environment/2025-01-31/two-sides-prepare-for-next-battle-over-solar-proposal,opened,,"Opened 2026-10-09 (KSFR): ""Founder of the Clean Energy Coalition for Santa Fe County, Lee Zlotoff, states that one reason for his group’s opposition is a proposed design that hasn’t yet been tested in an active project."". Founder Lee Zlotoff explains group's opposition to AES Rancho Viejo Solar"
REC-0288,contested_project,NM,Rancho Viejo Solar Project,New Mexicans for Responsible Renewable Energy,Residents have established the Clean Energy Coalition for Santa Fe County and New Mexicans for Responsible Renewable Energy to fight against the project.,https://www.yahoo.com/news/bill-mckibben-says-liberals-spreading-033100628.html,opened,,"Opened 2026-10-09 (Santa Fe New Mexican (via Yahoo News)): ""Camilla Brom, a Rancho San Marcos resident who started a grassroots group called New Mexicans for Responsible Renewable Energy in opposition to AES' plans, called McKibben's opinion piece ""offensive."""". Group founded to oppose AES Rancho Viejo Solar south of Santa Fe."
REC-0233,contested_project,MO,Osborn Wind Project,Concerned Citizens for the Future of Clinton and DeKalb Counties,Local residents founded the Concerned Citizens for the Future of Clinton and DeKalb Counties group to oppose wind development.,https://www.newstribune.com/news/2016/may/12/residents-fight-wind-farm-dekalb-clinton-counties/,opened,,"Opened 2026-10-09 (Jefferson City News Tribune (AP, citing St. Joseph News-Press)): ""Opponents of the Osborn Wind Energy Center have created a group called Concerned Citizens For The Future of Clinton and DeKalb counties in an effort to derail the project, despite early moves toward construction, the St. Joseph News-Press (http://bit.ly/1YlXYqz ) reported."". Group formed to derail the Osborn Wind Energy Center; lawsuit filed in DeKalb County court."
REC-0360,contested_project,OK,Cabin Creek Wind Farm,Craig County Concerned Citizens,A citizens group called ‘Craig County Concerned Citizens’ backed a zoning proposition on the ballot in November 2024 aimed at limiting wind farm expansions near homes.,https://www.newson6.com/story/672452dee8b932ec3534ce4a/oklahomas-own-in-focus:-craig-county-zoning-proposition-aims-to-restrict-wind-turbine-construction,opened,,"Opened 2026-10-09 (News On 6): ""The couple is now part of a group called the “Craig County Concerned Citizens.” The group is backing a zoning proposition on the ballot Tuesday that would allow the county to create zoning rules for unincorporated areas. Supporters of the proposal believe zoning is the best option to keep the more t"". Group backed Nov 2024 Craig County zoning proposition aimed at Cabin Creek Wind Farm turbines"
REC-0237,contested_project,MT,Mission Creek Wind Project,Friends of Mission Creek,Local residents formed the Friends of Mission Creek group to halt the project due to concerns about impacts on the natural landscape and local populations of golden eagles.,https://www.bozemandailychronicle.com/news/across-southwest-montana-companies-plan-to-ramp-up-the-region-s-wind-industry-it-hasn/article_ce7fb7f6-df2e-11df-8801-001cc4c002e0.html,opened,,"Opened 2026-10-09 (Bozeman Daily Chronicle): ""Still, Brittan and his wife Vanessa are part of the Friends of Mission Creek, a group organized to oppose the Mission Creek wind farm."". Group organized to oppose Sagebrush Energy's Mission Creek wind farm east of Livingston."
REC-0264,contested_project,NV,Gerlach Geothermal ExploraDon Project,Burning Man Project,"On January 9, 2023, the Burning Man Project and Friends of Nevada Wilderness filed a lawsuit against the federal Bureau of Land Management to stop a geothermal exploration project.",https://www.ktnv.com/news/burning-man-latest-foe-of-green-energy-project-in-nevada,opened,,"Opened 2026-10-09 (KTNV (AP)): ""The San Francisco-based Burning Man Project and four co-plaintiffs filed the new lawsuit in federal court in Reno this week accusing the Bureau of Land Management of breaking environmental laws in approving Ormat Nevada Inc.’s exploratory drilling in the Black Rock Desert 120 miles (193 kilometers) "". Burning Man Project sued BLM over Ormat's geothermal exploration near Gerlach; Friends of Nevada Wilderness co-plaintiff."
REC-0264,contested_project,NV,Gerlach Geothermal ExploraDon Project,Friends of Nevada Wilderness,"On January 9, 2023, the Burning Man Project and Friends of Nevada Wilderness filed a lawsuit against the federal Bureau of Land Management to stop a geothermal exploration project.",https://www.govexec.com/oversight/2023/01/burning-man-sues-blm-over-geothermal-project/381700/,opened,,"Opened 2026-10-09 (Government Executive (Stateline/States Newsroom syndication)): ""Opponents of the exploration project— including Friends of Nevada Wilderness, Friends of the Black Rock High Rock, and a local land owner and resident — fear the project would permanently degrade vital hot springs directly adjacent to the project site."". Names group among opponents of Ormat's Gerlach geothermal exploration project in Burning Man suit coverage"
REC-0264,contested_project,NV,Gerlach Geothermal ExploraDon Project,Gerlach Preserves Society,"On April 3, 2023, the Paiute Tribe of Nevada, Gerlach Preserves Society, and several local residents joined the lawsuit against the project.",https://journal.burningman.org/2023/04/news/global-news/washoe-county-halts-ormat/,opened,,"Opened 2026-10-09 (Burning Man Journal): ""Co-plaintiffs on the suit include Friends of the Black Rock High Rock, Friends of Nevada Wilderness, The Summit Lake Paiute Tribe, the Gerlach Preservation Society, and local residents David Jamieson, Andy Moore, Will Roger Peterson, Nanci Peterson, Stacey Black, Margie Reynolds, Jason Walters, and "". Named as co-plaintiff (as Gerlach Preservation Society) in suit vs BLM over Ormat geothermal; source is a party, independent ThisIsReno/Nevada Current blocked 403."
REC-0367,contested_project,OR,Beehive Solar Project,"1,000 Friends of Oregon","In June 2018, a group called 1,000 Friends of Oregon filed an appeal challenging Clackamas County’s approval of a 73-acre solar project on prime farmland.",https://www.oregon.gov/luba/Docs/Opinions/2018/07-18/18060.pdf,opened,,"Opened 2026-10-09 (Oregon Land Use Board of Appeals (LUBA No. 2018-060 order)): ""1000 FRIENDS OF OREGON,"". LUBA order caption lists 1000 Friends of Oregon as petitioner vs Clackamas County and Pacific Northwest Solar LLC; 1000 Friends' 2018 appeal of a Clackamas County solar approval (Pacific Northwest Solar), dismissed by stipulation 7/24/2018; project not named Beehive in text, no news article found."
REC-0374,contested_project,OR,Origis Energy Solar Project,"1,000 Friends of Oregon","The group 1,000 Friends of Oregon filed an appeal challenging Jackson County’s approval of an 80-acre solar facility on prime farmland outside of Medford.",https://katu.com/news/local/land-use-group-tries-to-stop-oregon-solar-farm,opened,,"Opened 2026-10-09 (KATU (AP)): ""MEDFORD, Ore. (AP) — The land-use group 1000 Friends of Oregon is trying to block a large solar farm planned for prime agricultural land outside Medford."". Group appealed Jackson County approval of solar farm on farmland outside Medford to LUBA"
REC-0238,contested_project,MT,Valley County Wind Project,Montana Wilderness Association,"In 2007, the company abandoned the project due to opposition from the Montana Wilderness Association, Montana Audubon Society, and the Montana Wilderness Society, who raised concerns about impacts on a nearby wilderness area.",,,,"Named in the Sabin report text (June 2025 ed.); held until a news article naming the group is found and opened. Suggested search: ""Montana Wilderness Association"" Valley County Wind Project Searched 2026-10-09 (plain fetch, then Crawl4AI), not found: Not found: Minneapolis Fed, Spokesman-Review/AP (2007) and DNRC 2007 Supplemental EA (archive.legmt.gov dnr0403_2007001.pdf) opened; they name only 'the Wilderness Society' and unnamed groups; also the project was scaled to 50 MW in 2007, not abandoned."
REC-0238,contested_project,MT,Valley County Wind Project,Montana Audubon Society,"In 2007, the company abandoned the project due to opposition from the Montana Wilderness Association, Montana Audubon Society, and the Montana Wilderness Society, who raised concerns about impacts on a nearby wilderness area.",,,,"Named in the Sabin report text (June 2025 ed.); held until a news article naming the group is found and opened. Suggested search: ""Montana Audubon Society"" Valley County Wind Project Searched 2026-10-09 (plain fetch, then Crawl4AI), not found: Not found: no page ties Montana Audubon to the GreenHunter/Wind Hunter Valley County project; same sources as item 18 name only the Wilderness Society."
REC-0238,contested_project,MT,Valley County Wind Project,The Wilderness Society,"In 2007, the company abandoned the project due to opposition from the Montana Wilderness Association, Montana Audubon Society, and the Montana Wilderness Society, who raised concerns about impacts on a nearby wilderness area.",https://www.minneapolisfed.org/article/2007/blowing-down-a-wind-farm,opened,,"The Sabin report calls it ""Montana Wilderness Society""; the source names it ""The Wilderness Society"". Opened 2026-10-09 (Federal Reserve Bank of Minneapolis (fedgazette, 2007)): ""But the Wilderness Society and other environmental groups objected to the farm's proximity to a large tract of native prairie."". Sabin's 'Montana Wilderness Society' appears to be a misnaming of The Wilderness Society (national group); no source names a 'Montana Wilderness Society'. Note project was downsized to 50 MW, not abandoned."
REC-0493,contested_project,WY,Pioneer Wind Parks I and II,Northern Laramie Range Alliance,Local residents formed the Northern Laramie Range Alliance (NLRA) to oppose the project due to concerns about scenic impacts and property values.,https://www.wyomingpublicmedia.org/news/2012-12-18/citizens-group-loses-wyo-wind-farm-challenge,opened,,"Opened 2026-10-09 (Wyoming Public Media (AP)): ""The Northern Laramie Range Alliance had challenged permits issued to the company by the Converse County Board of County Commissioners and Wyoming Industrial Siting Council."". Wyoming Supreme Court upheld Wasatch Wind's Laramie Range (Pioneer) permits against NLRA challenge."
REC-0369,contested_project,OR,Echanis Wind Farm,Oregon Natural Desert Association,The project met immediate opposition from the Oregon Natural Desert Association due to its proximity to the federally-protected Steens Mountain.,https://www.klcc.org/2016-05-26/judges-reject-steens-mountain-wind-project,opened,,"Opened 2026-10-09 (KLCC (EarthFix)): ""The Ninth District Court of Appeals has ruled in favor of the Oregon Natural Desert Association, and rejected a wind turbine project on Steens Mountain in southeast Oregon."". Ninth Circuit sided with ONDA against the Echanis wind project on Steens Mountain (article names Echanis site)."
REC-0375,contested_project,OR,Steens Wind,Oregon Natural Desert Association,"In 2012, the Portland Audubon Society and Oregon Natural Desert Association filed a lawsuit in federal court to challenge the federal government’s approval of a wind farm on Steens Mountain.",https://oregonbusiness.com/7227-groups-sue-over-proposed-wind-farm/,opened,,"Opened 2026-10-09 (Oregon Business): ""The Audobon Society of Portland and the Oregon Natural Desert Association filed a lawsuit to block what they claim is an illegal wind farm proposed near Steens Mountain."". Audubon Society of Portland and ONDA sued to block Steens Mountain wind farm"
REC-0375,contested_project,OR,Steens Wind,Portland Audubon Society,"In 2012, the Portland Audubon Society and Oregon Natural Desert Association filed a lawsuit in federal court to challenge the federal government’s approval of a wind farm on Steens Mountain.",https://oregonbusiness.com/7227-groups-sue-over-proposed-wind-farm/,opened,,"Opened 2026-10-09 (Oregon Business): ""The Audobon Society of Portland and the Oregon Natural Desert Association filed a lawsuit to block what they claim is an illegal wind farm proposed near Steens Mountain."". Suit against Interior/BLM over Echanis wind project on Steens Mountain (article misspells Audubon)."
REC-0149,contested_project,KY,Savion’s Mercer County Solar Farm,Preserve Mercer County Farm Land,Opponents organized against the project on a Facebook group called “Preserve Mercer County Farm Land” and spoke at a public meeting in August 2020.,,,,"Named in the Sabin report text (June 2025 ed.); held until a news article naming the group is found and opened. Suggested search: ""Preserve Mercer County Farm Land"" Savion’s Mercer County Solar Farm Searched 2026-10-09 (plain fetch, then Crawl4AI), not found: Not found: Harrodsburg Herald 2020-07-29, 2020-08-12 (the public-meeting story) and 2020-09-30 Savion articles opened; none name the Facebook group; exact-phrase searches return nothing."
REC-0016,contested_project,AR,Wind Catcher Energy Connection Project,Protect Our Pocketbooks,"In Arkansas, a dark money group called Protect Our Pocketbooks paid for television advertisements claiming that Arkansas would receive no benefits from the project.",https://talkbusiness.net/2018/05/arkansas-regulators-approve-4-5-billion-wind-catcher-project/,opened,,"Opened 2026-10-09 (Talk Business & Politics): ""Protect Our Pocketbooks, another nonprofit group with unknown backers, also opposed the project with TV ads and other marketing pieces. In one ad, headlined “Northing for Arkansas and Louisiana,” the tax-exempt group said Wind Catcher would create jobs and make infrastructure investments in Oklahoma"". Group with unknown backers ran TV ads opposing Wind Catcher, saying no local benefits"
REC-0257,contested_project,NV,Beajy Energy Center Project,Basin and Range Watch,"The projects are opposed by Nevada-based Basin and Range Watch, which thanked BLM for its decision.",https://pvtimes.com/news/beatty-balks-at-solar-project-101545/,opened,,"Opened 2026-10-09 (Pahrump Valley Times): ""Laura Cunningham, who co-founded the non-profit Basin &Range Watch, along with her husband Kevin Emmerich, said, “I like the idea of asking Boulevard Associates to come and talk with us.”"". Group co-founder at Beatty meeting opposing Boulevard Associates' Beatty Energy Center; does not cover BLM decision."
REC-0258,contested_project,NV,Bonnie Clare Solar Project,Basin and Range Watch,"The projects are opposed by Nevada-based Basin and Range Watch, which thanked BLM for its decision.",,,,"Named in the Sabin report text (June 2025 ed.); held until a news article naming the group is found and opened. Suggested search: ""Basin and Range Watch"" Bonnie Clare Solar Project Searched 2026-10-09 (plain fetch, then Crawl4AI), not found: Not found and Sabin likely wrong: 'Bonnie Claire' is a lithium project; no Bonnie Claire/Clare solar project exists in any source; BRW is tied to nearby Beatty/Amargosa solar applications (Rigel, SB Solar; Pahrump Valley Times 125220) but no BLM decision BRW 'thanked' was found."
REC-0265,contested_project,NV,Greenlink West Transmission Project,Basin and Range Watch,"Opponents of the plan, including the founder of Nevada-based Basin and Range Watch, have raised concerns about a 1.5-mile stretch that crosses through Tule Springs Fossil Beds National Monument, where shallowly buried fossils could be disturbed during construction.",https://pvtimes.com/news/federal-review-of-greenlink-west-project-begins-109901/,opened,,"Opened 2026-10-09 (Pahrump Valley Times): ""The transmission line will impact habitat for the desert tortoise, Bi-state sage grouse, pronghorn, golden eagle and numerous other species, according to Basin and Range Watch, a nonprofi that advocates for conservation of deserts in Nevada and California."". Basin and Range Watch criticizes Greenlink West impacts, incl. visibility from Tule Springs Fossil Beds"
REC-0368,contested_project,OR,Boardman-to-Hemingway Transmission Line,STOP B2H Coalition,"However, a group called the STOP B2H Coalition has filed at least two lawsuits to stop the project.",https://bakercityherald.com/2020/11/12/state-nation-world-business-and-ag-news,opened,,"Opened 2026-10-09 (Baker City Herald): ""LA GRANDE — The Stop B2H Coalition and 26 petitioners filed appeals Nov. 6 on Idaho Power’s site application for the Boardman to Hemingway transmission line."". Coalition filed appeals in state siting contested case over B2H line."
REC-0276,contested_project,NJ,Atlantic Shores South Project,Save Long Beach Island,"In April 2023, Save Long Beach Island filed a lawsuit against the federal government challenging authorizations for Atlantic Shores and other offshore wind projects; this lawsuit was dismissed in February 2024.",https://ocnjsentinel.com/?p=76634,opened,,"Opened 2026-10-09 (Ocean City Sentinel): ""Now, three New Jersey shore groups have filed suit challenging the New Jersey Department of Environmental Protection’s approval of the Atlantic Shores offshore wind project, according to Bruce Afran, attorney for Protect Our Coast, Save LBI and Defend Brigantine Beach."". Save LBI and two other groups sued over NJDEP's Atlantic Shores approval (state appellate suit, not the April 2023 federal suit in the excerpt)."
REC-0279,contested_project,NJ,New York Bight Offshore Wind Area,Save Long Beach Island,Save Long Beach Island sued the Interior Department’s Bureau of Ocean Energy Management for designating certain areas in the New York Bight as wind energy areas.,https://electrek.co/?p=220025,opened,,"Opened 2026-10-09 (Electrek): ""The anti-windmill case is Save Long Beach Island v. U.S. Department of the Interior, U.S. District Court for the District of Columbia, No. 1:22-cv-00055, and we’ll be following along in case anything significant comes of it."". Covers Save Long Beach Island suit against Interior tied to New York Bight wind lease areas"
REC-0024,contested_project,CA,Aramis Solar Project,Save North Livermore Valley,"Opponents of two North Livermore Valley solar projects, Aramis (410 acres) and Sunwalker (70 acres), led by a group called Save North Livermore Valley, argued that the proposed locations of the projects impinge on agriculture, natural wildlife habitat, open space, and visual and scenic resources.",https://www.independentnews.com/news/livermore_news/appeal-to-overturn-aramis-is-rejected/article_de468716-3c4d-11ee-8079-d32866c986ce.html,opened,,"Opened 2026-10-09 (The Independent (Livermore)): ""LIVERMORE — California’s 1st District Court of Appeal has rejected Save North Livermore Valley’s (SNLV) appeal to overturn Alameda County’s approval of the 347-acre Aramis solar farm, paving the way for the project’s development."". Appeals court rejected SNLV challenge to Aramis approval."
REC-0468,contested_project,WA,Columbia Solar Project,Save Our Farms,"Neighbors of the site started an organization, Save Our Farms, to advocate against the project.",https://www.spokesman.com/stories/2018/apr/27/solar-panels-on-farmland-stir-fight-in-central-was/,opened,,"Opened 2026-10-09 (The Spokesman-Review): ""“These projects should not be on ag land. There are plenty of other places in the county where they can go,” said Richard Carkner, Brunson’s neighbor and a founder of Save Our Farms, a nonprofit formed to oppose the development."". Save Our Farms formed to oppose Tuusso Energy's Kittitas County solar project (Columbia Solar)."
REC-0256,contested_project,NV,Bajle Born Solar Project,Save Our Mesa,"The project would have been the largest ever built in the United States and faced opposition from groups such as Save Our Mesa, who raised concerns about visual impacts and tourism impacts.",https://knpr.org/knpr/2020-12/overton-logandale-residents-rally-against-massive-solar-project,opened,,"Opened 2026-10-09 (KNPR): ""That has some residents in the nearby towns of Overton and Logandale pretty upset. They’ve banded together to form the protest group Save Our Mesa."". Overton/Logandale residents formed Save Our Mesa against Battle Born Solar on Mormon Mesa"
REC-0053,contested_project,FL,Sand Bluff Solar Project,NAACP,"The local chapters of the NAACP and Sierra Club opposed the project, while the Climate Reality Project and the local chapter of the League of Women Voters supported it.",https://www.wcjb.com/2021/04/26/activist-groups-speak-out-against-archer-solar-array-project-alachua-county-plan-board-approves/,opened,,"Opened 2026-10-09 (WCJB): ""ARCHER, Fla. (WCJB) - The NAACP and Sierra Club Florida are speaking against the development of the proposed Sand Bluff Solar array on the outskirts of Archer, while the Alachua County Planning Commission is encouraging county commissioners to move forward."". Alachua County NAACP opposed Sand Bluff Solar near Archer."
REC-0053,contested_project,FL,Sand Bluff Solar Project,Sierra Club,"The local chapters of the NAACP and Sierra Club opposed the project, while the Climate Reality Project and the local chapter of the League of Women Voters supported it.",https://www.wcjb.com/2021/04/26/activist-groups-speak-out-against-archer-solar-array-project-alachua-county-plan-board-approves/,opened,,"Opened 2026-10-09 (WCJB): ""ARCHER, Fla. (WCJB) - The NAACP and Sierra Club Florida are speaking against the development of the proposed Sand Bluff Solar array on the outskirts of Archer, while the Alachua County Planning Commission is encouraging county commissioners to move forward."". NAACP and Sierra Club Florida spoke against Sand Bluff Solar near Archer."
REC-0182,contested_project,MD,Maryland Piedmont Reliability Project,Stop MPRP,"The proposed Maryland Piedmont Reliability Project by PSEG encountered opposition from local governments in Baltimore, Carroll, and Frederick counties, as well as the Maryland Farm Bureau and an organization called Stop MPRP.",https://wjla.com/news/local/stop-mprp-taking-fight-against-controversial-power-line-to-federal-level-marilyn-piedmont-reliability-project-frederick-county-carroll-baltimore-joanna-parkton,opened,,"Opened 2026-10-09 (WJLA (Sinclair/FOX45)): ""Joanne Frederick, president of ‘Stop MPRP,’ founded her effort in late June, shortly after FOX45 News first reported on a little-known 70-mile high-voltage power line project that aimed to cut a path through her farming neighborhood."". Stop MPRP president Joanne Frederick fighting the 70-mile MPRP power line"
REC-0182,contested_project,MD,Maryland Piedmont Reliability Project,Maryland Farm Bureau,"The proposed Maryland Piedmont Reliability Project by PSEG encountered opposition from local governments in Baltimore, Carroll, and Frederick counties, as well as the Maryland Farm Bureau and an organization called Stop MPRP.",https://wjla.com/news/local/maryland-farm-bureau-announces-opposition-to-controversial-power-line-project-maryland-piedmont-reliability-project-pseg-pjm-green-energy-agriculture-farming-mdfb-jamie-raley-wes-moore-governor-climate-solutions-now-act,opened,,"Opened 2026-10-09 (WJLA): ""“Maryland Farm Bureau stands with our state’s farmers in opposition to the Maryland Piedmont Reliability Project for its substantial impact on our state’s finite farmland.”"". MDFB announced formal opposition to PSEG's MPRP line."
REC-0436,contested_project,TX,Mustang Wind Project,FayCoSaysNo,Local opponents organized a Facebook page called “Fayette County Texas - Stop The Wind Turbines” and an opposition group called “FayCoSaysNo.”,https://www.fayettecountyrecord.com/news/opposition-mounts-against-wind-energy-project-here,opened,,"Opened 2026-10-09 (Fayette County Record): ""Tammy Jo McCleney, one of the leaders who spearheaded the opposition, announced that the group is formally organizing as “Fayette County Says No.” They launched a website as well, www.faycosaysno. com."". Group formed against Apex Clean Energy's wind project north of Schulenburg; article does not use the name Mustang."
REC-0436,contested_project,TX,Mustang Wind Project,Fayette County Texas - Stop The Wind Turbines,Local opponents organized a Facebook page called “Fayette County Texas - Stop The Wind Turbines” and an opposition group called “FayCoSaysNo.”,,,,"Named in the Sabin report text (June 2025 ed.); held until a news article naming the group is found and opened. Suggested search: ""Fayette County Texas - Stop The Wind Turbines"" Mustang Wind Project Searched 2026-10-09 (plain fetch, then Crawl4AI), not found: Not found in fetched text: only source naming the page is KVUE (and TEGNA sister copies khou/wfaa/kcentv/kiiitv), all Akamai 403 to both tools incl. AMP; 5 Fayette County Record + 3 Schulenburg Sticker pages opened name only 'Fayette County Says No'/FayCoSaysNo."
REC-0015,contested_project,AR,Nimbus Wind Farm,Stop Wind Farms,"In 2023, a group called Stop Wind Farms was formed to oppose this development and collected over 1,000 verified signatures in opposition, raising concerns about disturbances to the aesthetic value of the Ozark ridgeline and decreased property values.",https://katv.com/news/local/ozark-mountain-residents-opposing-arkansas-first-wind-farm-project-caroline-rogers-richard-williams-scout-clean-energy-nimbus-wind-turbine-green-energy-green-forrest-carroll-county-nature-natural-state-stop-wind-farms-crittenden-cross-quorum-court-lease,opened,,"Opened 2026-10-09 (KATV): ""With former Carroll County Judge Richard Williams as an ally, Rogers started the Stop Wind Farms group."". Group started to oppose Scout Clean Energy's Nimbus wind farm in Carroll County; KUAF also names it re petitions."
REC-0046,contested_project,DE,Skipjack Wind Farm Interconnection Facility in Fenwick State Park,Surfrider Foundation,"The plan received pushback from the Delaware Chapter of the Surfrider Foundation, who argued that installing transmission infrastructure in a state park was contrary to the mission of the Delaware Division of Parks and Recreation.",https://delaware.surfrider.org/campaigns/Reject%20the%20Proposed%20Skipjack%20Wind%20Project%20Cable%20Landing%20Proposal,opened,,"Opened 2026-10-09 (Surfrider Foundation Delaware Chapter (group's own campaign page)): ""The Delaware Chapter of the Surfrider Foundation has serious concerns with the proposed offshore wind cable landing project in Fenwick Island State Park."". Group's own page opposing Skipjack cable landing in Fenwick Island State Park; Cape Gazette news article blocked (403)."
REC-0078,restriction,IL,wind ordinance,Ford County Citizens for Property Rights,"At a hearing in October 2018, a group called Ford County Citizens for Property Rights demanded 3,250-foot setbacks from any property lines.",https://energynews.us/2018/11/05/how-a-county-election-in-rural-illinois-became-a-referendum-on-wind-energy/,opened,,"Opened 2026-10-09 (Energy News Network): ""The group Ford County Citizens for Property Rights is calling for 3,250-foot setbacks from any property lines. At the recent hearing, where about 100 people packed into the quaint Paxton court house until after 10 p.m., many wore fluorescent yellow T-shirts proclaiming “We (heart) wind” but demandin"". Group demanded 3,250-ft property-line setbacks at Ford County (Paxton) wind ordinance hearing"
REC-0082,restriction,IL,moratorium,"United Citizens of Tazewell County, LLC","The moratorium was adopted in response to a request from an organization called United Citizens of Tazewell County, LLC.",https://www.wcbu.org/local-news/2022-07-28/tazewell-county-implements-a-6-month-moratorium-on-new-wind-farms-as-county-board-hashes-out-policy-revisions,opened,,"Opened 2026-10-09 (WCBU Peoria Public Radio): ""The Tazewell County Board has spent the summer considering what requirements to impose on new wind turbine permits, with the United Citizens of Tazewell County offering an especially restrictive draft ordinance as an answer."". Article on 6-month wind moratorium; names group's restrictive draft ordinance."
REC-0200,restriction,MI,Branch County,Concerned Citizens of Branch County,The restrictions were promoted aggressively on Facebook by a group called Concerned Citizens of Branch County in response to efforts by DTE Energy to develop a wind farm in the area.,https://wtvbam.com/?p=8260,opened,,"Opened 2026-10-09 (WTVB (wtvbam.com)): ""Concerned Citizens of Branch County is opposed to the siting of proposed wind turbines by DTE Energy."". Group opposes DTE wind siting and asked Branch County for zoning help after a township planning-commission vote failed."
REC-0247,restriction,NE,Township Regulations 2015-09,Bohemian Alps Wind Watchers,The regulations were dragged by a group called Bohemian Alps Wind Watchers and implemented around the same time by five other townships in Butler County.,,,,"Named in the Sabin report text (June 2025 ed.); held until a news article naming the group is found and opened. Suggested search: ""Bohemian Alps Wind Watchers"" Township Regulations 2015-09 Searched 2026-10-09 (plain fetch, then Crawl4AI), not found: Not found: no source anywhere names the group; Banner-Press 2015-03-04 (opened, ROT47-decoded) covers NextEra's Jubilee Project in Butler/Saunders but names no group or township rules; group may be misnamed or unpublished."
