priority,county_fips,county,restriction_instruments,sb52_records,contested_projects,siting_standards,pending_queue,negative_check,first_pass,next_step
1,39063,Hancock,"sabin:REC-0351 (ban, severity 4, unverified, Sabin Center, Opposition to Renewable En)",sabin:REC-0351,Border Basin Solar Farm; One Energy Wind; South Branch Solar Farm,,,,,"Search the Hancock County Board of Commissioners resolutions and minutes since 2021-10-11 for a restricted-area resolution or a project veto under Ohio Rev. Code 303.58 or 303.62, and the Ohio Power Siting Board's case record for the county. Queue what you find (data/review/queue.csv) or record a negative_checks row."
2,39045,Fairfield,"sabin:REC-0348 (ban, severity 4, unverified, Sabin Center, Opposition to Renewable En)",sabin:REC-0348,Carnation Solar; Eastern Cottontail Solar,,,,,"Search the Fairfield County Board of Commissioners resolutions and minutes since 2021-10-11 for a restricted-area resolution or a project veto under Ohio Rev. Code 303.58 or 303.62, and the Ohio Power Siting Board's case record for the county. Queue what you find (data/review/queue.csv) or record a negative_checks row."
3,39091,Logan,"sabin:REC-0355 (ban, severity 4, unverified, Sabin Center, Opposition to Renewable En)",sabin:REC-0355,Fountain Point Solar Farm; Grange Solar Grazing Center,,,,,"Search the Logan County Board of Commissioners resolutions and minutes since 2021-10-11 for a restricted-area resolution or a project veto under Ohio Rev. Code 303.58 or 303.62, and the Ohio Power Siting Board's case record for the county. Queue what you find (data/review/queue.csv) or record a negative_checks row."
4,39147,Seneca,"sabin:S26R-5606 (ban, severity 4, unverified, Sabin Center, Opposition to Renewable En)",sabin:S26R-5606,Republic Wind Farm; Seneca Wind,,,,,"Search the Seneca County Board of Commissioners resolutions and minutes since 2021-10-11 for a restricted-area resolution or a project veto under Ohio Rev. Code 303.58 or 303.62, and the Ohio Power Siting Board's case record for the county. Queue what you find (data/review/queue.csv) or record a negative_checks row."
5,39003,Allen,"sabin:REC-0340 (ban, severity 4, unverified, Sabin Center, Opposition to Renewable En)",sabin:REC-0340,Birch Solar Project,,,,,"Search the Allen County Board of Commissioners resolutions and minutes since 2021-10-11 for a restricted-area resolution or a project veto under Ohio Rev. Code 303.58 or 303.62, and the Ohio Power Siting Board's case record for the county. Queue what you find (data/review/queue.csv) or record a negative_checks row."
6,39011,Auglaize,"sabin:REC-0341 (ban_or_moratorium, severity 4, unverified, Sabin Center, Opposition to Renewable En)",sabin:REC-0341,Birch Solar Project,,,,,"Search the Auglaize County Board of Commissioners resolutions and minutes since 2021-10-11 for a restricted-area resolution or a project veto under Ohio Rev. Code 303.58 or 303.62, and the Ohio Power Siting Board's case record for the county. Queue what you find (data/review/queue.csv) or record a negative_checks row."
7,39027,Clinton,"nrel:wind:39027 (setback, severity 2, unverified, NREL U.S. Wind Siting Regulation and Zon); sabin:S26R-5627 (ban, severity 4, unverified, Sabin Center, Opposition to Renewable En)",sabin:S26R-5627,Yellow Wood Solar,4 NREL feature(s),,,,"Search the Clinton County Board of Commissioners resolutions and minutes since 2021-10-11 for a restricted-area resolution or a project veto under Ohio Rev. Code 303.58 or 303.62, and the Ohio Power Siting Board's case record for the county. Queue what you find (data/review/queue.csv) or record a negative_checks row."
8,39029,Columbiana,"nrel:solar:39029 (zoning_restriction, severity 2, unverified, NREL U.S. Solar Siting Regulation and Zo); sabin:REC-0345 (ban, severity 4, unverified, Sabin Center, Opposition to Renewable En)",sabin:REC-0345,Kensington Solar Project,1 NREL feature(s),,,,"Search the Columbiana County Board of Commissioners resolutions and minutes since 2021-10-11 for a restricted-area resolution or a project veto under Ohio Rev. Code 303.58 or 303.62, and the Ohio Power Siting Board's case record for the county. Queue what you find (data/review/queue.csv) or record a negative_checks row."
9,39033,Crawford,"sabin:REC-0346 (ban, severity 4, unverified, Sabin Center, Opposition to Renewable En); sabin:S26R-5625 (ban, severity 4, unverified, Sabin Center, Opposition to Renewable En)",sabin:REC-0346,Honey Creek Wind,,,,,"Search the Crawford County Board of Commissioners resolutions and minutes since 2021-10-11 for a restricted-area resolution or a project veto under Ohio Rev. Code 303.58 or 303.62, and the Ohio Power Siting Board's case record for the county. Queue what you find (data/review/queue.csv) or record a negative_checks row."
10,39083,Knox,"nrel:solar:39083 (height_limit, severity 2, unverified, NREL U.S. Solar Siting Regulation and Zo); nrel:wind:39083 (setback, severity 2, unverified, NREL U.S. Wind Siting Regulation and Zon); sabin:REC-0353 (ban, severity 4, unverified, Sabin Center, Opposition to Renewable En)",sabin:REC-0353,Frasier Solar Project,14 NREL feature(s),,,,"Search the Knox County Board of Commissioners resolutions and minutes since 2021-10-11 for a restricted-area resolution or a project veto under Ohio Rev. Code 303.58 or 303.62, and the Ohio Power Siting Board's case record for the county. Queue what you find (data/review/queue.csv) or record a negative_checks row."
11,39097,Madison,"nrel:wind:39097 (zoning_restriction, severity 2, unverified, NREL U.S. Wind Siting Regulation and Zon); sabin:S26R-5614 (ban, severity 4, unverified, Sabin Center, Opposition to Renewable En)",sabin:S26R-5614,Oak Run Solar Project,2 NREL feature(s),,,,"Search the Madison County Board of Commissioners resolutions and minutes since 2021-10-11 for a restricted-area resolution or a project veto under Ohio Rev. Code 303.58 or 303.62, and the Ohio Power Siting Board's case record for the county. Queue what you find (data/review/queue.csv) or record a negative_checks row."
12,39099,Mahoning,"sabin:S26R-5613 (ban, severity 4, unverified, Sabin Center, Opposition to Renewable En)",sabin:S26R-5613,Alpin Sun Solar Project,,,,,"Search the Mahoning County Board of Commissioners resolutions and minutes since 2021-10-11 for a restricted-area resolution or a project veto under Ohio Rev. Code 303.58 or 303.62, and the Ohio Power Siting Board's case record for the county. Queue what you find (data/review/queue.csv) or record a negative_checks row."
13,39101,Marion,"sabin:S26R-5612 (ban_or_moratorium, severity 4, unverified, Sabin Center, Opposition to Renewable En)",sabin:S26R-5612,Chestnut Solar,,,,,"Search the Marion County Board of Commissioners resolutions and minutes since 2021-10-11 for a restricted-area resolution or a project veto under Ohio Rev. Code 303.58 or 303.62, and the Ohio Power Siting Board's case record for the county. Queue what you find (data/review/queue.csv) or record a negative_checks row."
14,39159,Union,"sabin:S26R-5605 (ban, severity 4, unverified, Sabin Center, Opposition to Renewable En)",sabin:S26R-5605,Richwood Solar,,,,,"Search the Union County Board of Commissioners resolutions and minutes since 2021-10-11 for a restricted-area resolution or a project veto under Ohio Rev. Code 303.58 or 303.62, and the Ohio Power Siting Board's case record for the county. Queue what you find (data/review/queue.csv) or record a negative_checks row."
15,39001,Adams,"sabin:REC-0339 (ban_or_moratorium, severity 4, unverified, Sabin Center, Opposition to Renewable En)",sabin:REC-0339,,,,,,"Search the Adams County Board of Commissioners resolutions and minutes since 2021-10-11 for a restricted-area resolution or a project veto under Ohio Rev. Code 303.58 or 303.62, and the Ohio Power Siting Board's case record for the county. Queue what you find (data/review/queue.csv) or record a negative_checks row."
16,39015,Brown,"sabin:REC-0342 (ban, severity 4, unverified, Sabin Center, Opposition to Renewable En)",sabin:REC-0342,,,,,,"Search the Brown County Board of Commissioners resolutions and minutes since 2021-10-11 for a restricted-area resolution or a project veto under Ohio Rev. Code 303.58 or 303.62, and the Ohio Power Siting Board's case record for the county. Queue what you find (data/review/queue.csv) or record a negative_checks row."
17,39017,Butler,"sabin:REC-0343 (ban_or_moratorium, severity 4, unverified, Sabin Center, Opposition to Renewable En)",sabin:REC-0343,,,,,,"Search the Butler County Board of Commissioners resolutions and minutes since 2021-10-11 for a restricted-area resolution or a project veto under Ohio Rev. Code 303.58 or 303.62, and the Ohio Power Siting Board's case record for the county. Queue what you find (data/review/queue.csv) or record a negative_checks row."
18,39023,Clark,"sabin:S26R-6265 (ban, severity 4, unverified, Sabin Center, Opposition to Renewable En)",sabin:S26R-6265,,,,,,"Search the Clark County Board of Commissioners resolutions and minutes since 2021-10-11 for a restricted-area resolution or a project veto under Ohio Rev. Code 303.58 or 303.62, and the Ohio Power Siting Board's case record for the county. Queue what you find (data/review/queue.csv) or record a negative_checks row."
19,39047,Fayette,"nrel:wind:39047 (zoning_restriction, severity 2, unverified, NREL U.S. Wind Siting Regulation and Zon); sabin:REC-0349 (ban, severity 4, unverified, Sabin Center, Opposition to Renewable En)",sabin:REC-0349,,2 NREL feature(s),,,,"Search the Fayette County Board of Commissioners resolutions and minutes since 2021-10-11 for a restricted-area resolution or a project veto under Ohio Rev. Code 303.58 or 303.62, and the Ohio Power Siting Board's case record for the county. Queue what you find (data/review/queue.csv) or record a negative_checks row."
20,39069,Henry,"sabin:REC-0352 (ban_or_moratorium, severity 4, unverified, Sabin Center, Opposition to Renewable En)",sabin:REC-0352,,,,,,"Search the Henry County Board of Commissioners resolutions and minutes since 2021-10-11 for a restricted-area resolution or a project veto under Ohio Rev. Code 303.58 or 303.62, and the Ohio Power Siting Board's case record for the county. Queue what you find (data/review/queue.csv) or record a negative_checks row."
21,39089,Licking,"sabin:REC-0354 (ban, severity 4, unverified, Sabin Center, Opposition to Renewable En)",sabin:REC-0354,,,,,,"Search the Licking County Board of Commissioners resolutions and minutes since 2021-10-11 for a restricted-area resolution or a project veto under Ohio Rev. Code 303.58 or 303.62, and the Ohio Power Siting Board's case record for the county. Queue what you find (data/review/queue.csv) or record a negative_checks row."
22,39103,Medina,"nrel:solar:39103 (height_limit, severity 2, unverified, NREL U.S. Solar Siting Regulation and Zo); nrel:wind:39103 (height_limit, severity 3, unverified, NREL U.S. Wind Siting Regulation and Zon); sabin:S26R-5611 (ban_or_moratorium, severity 4, unverified, Sabin Center, Opposition to Renewable En)",sabin:S26R-5611,,18 NREL feature(s),,,,"Search the Medina County Board of Commissioners resolutions and minutes since 2021-10-11 for a restricted-area resolution or a project veto under Ohio Rev. Code 303.58 or 303.62, and the Ohio Power Siting Board's case record for the county. Queue what you find (data/review/queue.csv) or record a negative_checks row."
23,39123,Ottawa,"nrel:wind:39123 (setback, severity 2, unverified, NREL U.S. Wind Siting Regulation and Zon); sabin:S26R-5610 (ban_or_moratorium, severity 4, unverified, Sabin Center, Opposition to Renewable En)",sabin:S26R-5610,,4 NREL feature(s),,,,"Search the Ottawa County Board of Commissioners resolutions and minutes since 2021-10-11 for a restricted-area resolution or a project veto under Ohio Rev. Code 303.58 or 303.62, and the Ohio Power Siting Board's case record for the county. Queue what you find (data/review/queue.csv) or record a negative_checks row."
24,39137,Putnam,"nrel:wind:39137 (setback, severity 2, unverified, NREL U.S. Wind Siting Regulation and Zon); sabin:S26R-5608 (ban, severity 4, unverified, Sabin Center, Opposition to Renewable En)",sabin:S26R-5608,,5 NREL feature(s),,,,"Search the Putnam County Board of Commissioners resolutions and minutes since 2021-10-11 for a restricted-area resolution or a project veto under Ohio Rev. Code 303.58 or 303.62, and the Ohio Power Siting Board's case record for the county. Queue what you find (data/review/queue.csv) or record a negative_checks row."
25,39169,Wayne,"nrel:wind:39169 (ban, severity 4, unverified, NREL U.S. Wind Siting Regulation and Zon); sabin:S26R-5604 (ban, severity 4, unverified, Sabin Center, Opposition to Renewable En)",sabin:S26R-5604,,1 NREL feature(s),,,,"Search the Wayne County Board of Commissioners resolutions and minutes since 2021-10-11 for a restricted-area resolution or a project veto under Ohio Rev. Code 303.58 or 303.62, and the Ohio Power Siting Board's case record for the county. Queue what you find (data/review/queue.csv) or record a negative_checks row."
26,39175,Wyandot,"nrel:wind:39175 (zoning_restriction, severity 2, unverified, NREL U.S. Wind Siting Regulation and Zon); sabin:S26R-5603 (ban, severity 4, unverified, Sabin Center, Opposition to Renewable En)",sabin:S26R-5603,,1 NREL feature(s),,,,"Search the Wyandot County Board of Commissioners resolutions and minutes since 2021-10-11 for a restricted-area resolution or a project veto under Ohio Rev. Code 303.58 or 303.62, and the Ohio Power Siting Board's case record for the county. Queue what you find (data/review/queue.csv) or record a negative_checks row."
27,39129,Pickaway,"nrel:solar:39129 (setback, severity 2, unverified, NREL U.S. Solar Siting Regulation and Zo)",,Chipmunk Solar; Circleville Solar; Scioto Farms Solar,5 NREL feature(s),,,,"Search the Pickaway County Board of Commissioners resolutions and minutes since 2021-10-11 for a restricted-area resolution or a project veto under Ohio Rev. Code 303.58 or 303.62, and the Ohio Power Siting Board's case record for the county. Queue what you find (data/review/queue.csv) or record a negative_checks row."
28,39135,Preble,,,Alamo Solar I; Angelina Solar I,,,,,"Search the Preble County Board of Commissioners resolutions and minutes since 2021-10-11 for a restricted-area resolution or a project veto under Ohio Rev. Code 303.58 or 303.62, and the Ohio Power Siting Board's case record for the county. Queue what you find (data/review/queue.csv) or record a negative_checks row."
29,39021,Champaign,,,Hillclimber Solar,,,,,"Search the Champaign County Board of Commissioners resolutions and minutes since 2021-10-11 for a restricted-area resolution or a project veto under Ohio Rev. Code 303.58 or 303.62, and the Ohio Power Siting Board's case record for the county. Queue what you find (data/review/queue.csv) or record a negative_checks row."
30,39035,Cuyahoga,,,Icebreaker Wind Project,2 NREL feature(s),,,,"Search the Cuyahoga County Board of Commissioners resolutions and minutes since 2021-10-11 for a restricted-area resolution or a project veto under Ohio Rev. Code 303.58 or 303.62, and the Ohio Power Siting Board's case record for the county. Queue what you find (data/review/queue.csv) or record a negative_checks row."
31,39039,Defiance,,,Cepheus Solar,,,,,"Search the Defiance County Board of Commissioners resolutions and minutes since 2021-10-11 for a restricted-area resolution or a project veto under Ohio Rev. Code 303.58 or 303.62, and the Ohio Power Siting Board's case record for the county. Queue what you find (data/review/queue.csv) or record a negative_checks row."
32,39043,Erie,"sabin:REC-0347 (ban, severity 4, unverified, Sabin Center, Opposition to Renewable En)",,Emerson Creek Wind Farm,,,,,"Search the Erie County Board of Commissioners resolutions and minutes since 2021-10-11 for a restricted-area resolution or a project veto under Ohio Rev. Code 303.58 or 303.62, and the Ohio Power Siting Board's case record for the county. Queue what you find (data/review/queue.csv) or record a negative_checks row."
33,39051,Fulton,"mn:oh-swancreek-township-fulton-county-2026 (moratorium, severity 4, verified, Moratorium Nation (mjbommar/moratorium-d)",,Ritter Station Solar,,,,,"Search the Fulton County Board of Commissioners resolutions and minutes since 2021-10-11 for a restricted-area resolution or a project veto under Ohio Rev. Code 303.58 or 303.62, and the Ohio Power Siting Board's case record for the county. Queue what you find (data/review/queue.csv) or record a negative_checks row."
34,39057,Greene,"nrel:solar:39057 (size_cap, severity 2, unverified, NREL U.S. Solar Siting Regulation and Zo); nrel:wind:39057 (height_limit, severity 3, unverified, NREL U.S. Wind Siting Regulation and Zon); sabin:REC-0350 (ban, severity 4, unverified, Sabin Center, Opposition to Renewable En)",,Kingwood Solar Project,12 NREL feature(s),,,,"Search the Greene County Board of Commissioners resolutions and minutes since 2021-10-11 for a restricted-area resolution or a project veto under Ohio Rev. Code 303.58 or 303.62, and the Ohio Power Siting Board's case record for the county. Queue what you find (data/review/queue.csv) or record a negative_checks row."
35,39077,Huron,"nrel:solar:39077 (height_limit, severity 2, unverified, NREL U.S. Solar Siting Regulation and Zo)",,Emerson Creek Wind Farm,6 NREL feature(s),Huron County commissioners adopted Resolution 26-110 on Apri,,2026-10-09,
36,39105,Meigs,,,Great Bend Solar,,,,,"Search the Meigs County Board of Commissioners resolutions and minutes since 2021-10-11 for a restricted-area resolution or a project veto under Ohio Rev. Code 303.58 or 303.62, and the Ohio Power Siting Board's case record for the county. Queue what you find (data/review/queue.csv) or record a negative_checks row."
37,39143,Sandusky,,,Republic Wind Farm,,Sandusky County commissioners adopted Resolution 2025-366 on,,2026-10-09,
38,39151,Stark,,,Stark Solar Project,,,,,"Search the Stark County Board of Commissioners resolutions and minutes since 2021-10-11 for a restricted-area resolution or a project veto under Ohio Rev. Code 303.58 or 303.62, and the Ohio Power Siting Board's case record for the county. Queue what you find (data/review/queue.csv) or record a negative_checks row."
39,39025,Clermont,"sabin:REC-0344 (ban, severity 4, unverified, Sabin Center, Opposition to Renewable En)",,,,,,,"Search the Clermont County Board of Commissioners resolutions and minutes since 2021-10-11 for a restricted-area resolution or a project veto under Ohio Rev. Code 303.58 or 303.62, and the Ohio Power Siting Board's case record for the county. Queue what you find (data/review/queue.csv) or record a negative_checks row."
40,39041,Delaware,"nrel:solar:39041 (setback, severity 2, unverified, NREL U.S. Solar Siting Regulation and Zo)",,,11 NREL feature(s),,,,"Search the Delaware County Board of Commissioners resolutions and minutes since 2021-10-11 for a restricted-area resolution or a project veto under Ohio Rev. Code 303.58 or 303.62, and the Ohio Power Siting Board's case record for the county. Queue what you find (data/review/queue.csv) or record a negative_checks row."
41,39049,Franklin,"nrel:wind:39049 (height_limit, severity 3, unverified, NREL U.S. Wind Siting Regulation and Zon)",,,14 NREL feature(s),,,,"Search the Franklin County Board of Commissioners resolutions and minutes since 2021-10-11 for a restricted-area resolution or a project veto under Ohio Rev. Code 303.58 or 303.62, and the Ohio Power Siting Board's case record for the county. Queue what you find (data/review/queue.csv) or record a negative_checks row."
42,39065,Hardin,"nrel:solar:39065 (setback, severity 3, unverified, NREL U.S. Solar Siting Regulation and Zo)",,,4 NREL feature(s),,,,"Search the Hardin County Board of Commissioners resolutions and minutes since 2021-10-11 for a restricted-area resolution or a project veto under Ohio Rev. Code 303.58 or 303.62, and the Ohio Power Siting Board's case record for the county. Queue what you find (data/review/queue.csv) or record a negative_checks row."
43,39095,Lucas,"nrel:solar:39095 (height_limit, severity 2, unverified, NREL U.S. Solar Siting Regulation and Zo)",,,13 NREL feature(s),,,,"Search the Lucas County Board of Commissioners resolutions and minutes since 2021-10-11 for a restricted-area resolution or a project veto under Ohio Rev. Code 303.58 or 303.62, and the Ohio Power Siting Board's case record for the county. Queue what you find (data/review/queue.csv) or record a negative_checks row."
44,39117,Morrow,"nrel:wind:39117 (setback, severity 2, unverified, NREL U.S. Wind Siting Regulation and Zon)",,,11 NREL feature(s),,,,"Search the Morrow County Board of Commissioners resolutions and minutes since 2021-10-11 for a restricted-area resolution or a project veto under Ohio Rev. Code 303.58 or 303.62, and the Ohio Power Siting Board's case record for the county. Queue what you find (data/review/queue.csv) or record a negative_checks row."
45,39127,Perry,"mn:oh-shawnee-township-2026 (moratorium, severity 4, unverified, Moratorium Nation (mjbommar/moratorium-d)",,,,,,,"Search the Perry County Board of Commissioners resolutions and minutes since 2021-10-11 for a restricted-area resolution or a project veto under Ohio Rev. Code 303.58 or 303.62, and the Ohio Power Siting Board's case record for the county. Queue what you find (data/review/queue.csv) or record a negative_checks row."
46,39139,Richland,"sabin:S26R-5607 (ban, severity 4, unverified, Sabin Center, Opposition to Renewable En)",,,,,,,"Search the Richland County Board of Commissioners resolutions and minutes since 2021-10-11 for a restricted-area resolution or a project veto under Ohio Rev. Code 303.58 or 303.62, and the Ohio Power Siting Board's case record for the county. Queue what you find (data/review/queue.csv) or record a negative_checks row."
47,39149,Shelby,"nrel:solar:39149 (size_cap, severity 2, unverified, NREL U.S. Solar Siting Regulation and Zo); nrel:wind:39149 (height_limit, severity 3, unverified, NREL U.S. Wind Siting Regulation and Zon)",,,8 NREL feature(s),,,,"Search the Shelby County Board of Commissioners resolutions and minutes since 2021-10-11 for a restricted-area resolution or a project veto under Ohio Rev. Code 303.58 or 303.62, and the Ohio Power Siting Board's case record for the county. Queue what you find (data/review/queue.csv) or record a negative_checks row."
48,39155,Trumbull,"mn:oh-village-of-lordstown-2026 (moratorium, severity 4, unverified, Moratorium Nation (mjbommar/moratorium-d)",,,,,,,"Search the Trumbull County Board of Commissioners resolutions and minutes since 2021-10-11 for a restricted-area resolution or a project veto under Ohio Rev. Code 303.58 or 303.62, and the Ohio Power Siting Board's case record for the county. Queue what you find (data/review/queue.csv) or record a negative_checks row."
49,39165,Warren,"nrel:solar:39165 (height_limit, severity 2, unverified, NREL U.S. Solar Siting Regulation and Zo); nrel:wind:39165 (height_limit, severity 3, unverified, NREL U.S. Wind Siting Regulation and Zon)",,,17 NREL feature(s),,,,"Search the Warren County Board of Commissioners resolutions and minutes since 2021-10-11 for a restricted-area resolution or a project veto under Ohio Rev. Code 303.58 or 303.62, and the Ohio Power Siting Board's case record for the county. Queue what you find (data/review/queue.csv) or record a negative_checks row."
50,39005,Ashland,,,,,,,,"Search the Ashland County Board of Commissioners resolutions and minutes since 2021-10-11 for a restricted-area resolution or a project veto under Ohio Rev. Code 303.58 or 303.62, and the Ohio Power Siting Board's case record for the county. Queue what you find (data/review/queue.csv) or record a negative_checks row."
51,39007,Ashtabula,,,,,,,,"Search the Ashtabula County Board of Commissioners resolutions and minutes since 2021-10-11 for a restricted-area resolution or a project veto under Ohio Rev. Code 303.58 or 303.62, and the Ohio Power Siting Board's case record for the county. Queue what you find (data/review/queue.csv) or record a negative_checks row."
52,39009,Athens,,,,,,,,"Search the Athens County Board of Commissioners resolutions and minutes since 2021-10-11 for a restricted-area resolution or a project veto under Ohio Rev. Code 303.58 or 303.62, and the Ohio Power Siting Board's case record for the county. Queue what you find (data/review/queue.csv) or record a negative_checks row."
53,39013,Belmont,,,,,,,,"Search the Belmont County Board of Commissioners resolutions and minutes since 2021-10-11 for a restricted-area resolution or a project veto under Ohio Rev. Code 303.58 or 303.62, and the Ohio Power Siting Board's case record for the county. Queue what you find (data/review/queue.csv) or record a negative_checks row."
54,39019,Carroll,,,,,,,,"Search the Carroll County Board of Commissioners resolutions and minutes since 2021-10-11 for a restricted-area resolution or a project veto under Ohio Rev. Code 303.58 or 303.62, and the Ohio Power Siting Board's case record for the county. Queue what you find (data/review/queue.csv) or record a negative_checks row."
55,39031,Coshocton,,,,,,,,"Search the Coshocton County Board of Commissioners resolutions and minutes since 2021-10-11 for a restricted-area resolution or a project veto under Ohio Rev. Code 303.58 or 303.62, and the Ohio Power Siting Board's case record for the county. Queue what you find (data/review/queue.csv) or record a negative_checks row."
56,39037,Darke,,,,,,,,"Search the Darke County Board of Commissioners resolutions and minutes since 2021-10-11 for a restricted-area resolution or a project veto under Ohio Rev. Code 303.58 or 303.62, and the Ohio Power Siting Board's case record for the county. Queue what you find (data/review/queue.csv) or record a negative_checks row."
57,39053,Gallia,,,,,,,,"Search the Gallia County Board of Commissioners resolutions and minutes since 2021-10-11 for a restricted-area resolution or a project veto under Ohio Rev. Code 303.58 or 303.62, and the Ohio Power Siting Board's case record for the county. Queue what you find (data/review/queue.csv) or record a negative_checks row."
58,39055,Geauga,,,,,,,,"Search the Geauga County Board of Commissioners resolutions and minutes since 2021-10-11 for a restricted-area resolution or a project veto under Ohio Rev. Code 303.58 or 303.62, and the Ohio Power Siting Board's case record for the county. Queue what you find (data/review/queue.csv) or record a negative_checks row."
59,39059,Guernsey,,,,,,,,"Search the Guernsey County Board of Commissioners resolutions and minutes since 2021-10-11 for a restricted-area resolution or a project veto under Ohio Rev. Code 303.58 or 303.62, and the Ohio Power Siting Board's case record for the county. Queue what you find (data/review/queue.csv) or record a negative_checks row."
60,39061,Hamilton,,,,,,,,"Search the Hamilton County Board of Commissioners resolutions and minutes since 2021-10-11 for a restricted-area resolution or a project veto under Ohio Rev. Code 303.58 or 303.62, and the Ohio Power Siting Board's case record for the county. Queue what you find (data/review/queue.csv) or record a negative_checks row."
61,39067,Harrison,,,,,,,,"Search the Harrison County Board of Commissioners resolutions and minutes since 2021-10-11 for a restricted-area resolution or a project veto under Ohio Rev. Code 303.58 or 303.62, and the Ohio Power Siting Board's case record for the county. Queue what you find (data/review/queue.csv) or record a negative_checks row."
62,39071,Highland,,,,,,,,"Search the Highland County Board of Commissioners resolutions and minutes since 2021-10-11 for a restricted-area resolution or a project veto under Ohio Rev. Code 303.58 or 303.62, and the Ohio Power Siting Board's case record for the county. Queue what you find (data/review/queue.csv) or record a negative_checks row."
63,39073,Hocking,,,,,,,,"Search the Hocking County Board of Commissioners resolutions and minutes since 2021-10-11 for a restricted-area resolution or a project veto under Ohio Rev. Code 303.58 or 303.62, and the Ohio Power Siting Board's case record for the county. Queue what you find (data/review/queue.csv) or record a negative_checks row."
64,39075,Holmes,,,,,,,,"Search the Holmes County Board of Commissioners resolutions and minutes since 2021-10-11 for a restricted-area resolution or a project veto under Ohio Rev. Code 303.58 or 303.62, and the Ohio Power Siting Board's case record for the county. Queue what you find (data/review/queue.csv) or record a negative_checks row."
65,39079,Jackson,,,,,,,,"Search the Jackson County Board of Commissioners resolutions and minutes since 2021-10-11 for a restricted-area resolution or a project veto under Ohio Rev. Code 303.58 or 303.62, and the Ohio Power Siting Board's case record for the county. Queue what you find (data/review/queue.csv) or record a negative_checks row."
66,39081,Jefferson,,,,,,,,"Search the Jefferson County Board of Commissioners resolutions and minutes since 2021-10-11 for a restricted-area resolution or a project veto under Ohio Rev. Code 303.58 or 303.62, and the Ohio Power Siting Board's case record for the county. Queue what you find (data/review/queue.csv) or record a negative_checks row."
67,39085,Lake,,,,,,,,"Search the Lake County Board of Commissioners resolutions and minutes since 2021-10-11 for a restricted-area resolution or a project veto under Ohio Rev. Code 303.58 or 303.62, and the Ohio Power Siting Board's case record for the county. Queue what you find (data/review/queue.csv) or record a negative_checks row."
68,39087,Lawrence,,,,,,,,"Search the Lawrence County Board of Commissioners resolutions and minutes since 2021-10-11 for a restricted-area resolution or a project veto under Ohio Rev. Code 303.58 or 303.62, and the Ohio Power Siting Board's case record for the county. Queue what you find (data/review/queue.csv) or record a negative_checks row."
69,39093,Lorain,,,,,,,,"Search the Lorain County Board of Commissioners resolutions and minutes since 2021-10-11 for a restricted-area resolution or a project veto under Ohio Rev. Code 303.58 or 303.62, and the Ohio Power Siting Board's case record for the county. Queue what you find (data/review/queue.csv) or record a negative_checks row."
70,39107,Mercer,,,,,,,,"Search the Mercer County Board of Commissioners resolutions and minutes since 2021-10-11 for a restricted-area resolution or a project veto under Ohio Rev. Code 303.58 or 303.62, and the Ohio Power Siting Board's case record for the county. Queue what you find (data/review/queue.csv) or record a negative_checks row."
71,39109,Miami,,,,,,,,"Search the Miami County Board of Commissioners resolutions and minutes since 2021-10-11 for a restricted-area resolution or a project veto under Ohio Rev. Code 303.58 or 303.62, and the Ohio Power Siting Board's case record for the county. Queue what you find (data/review/queue.csv) or record a negative_checks row."
72,39111,Monroe,,,,,,,,"Search the Monroe County Board of Commissioners resolutions and minutes since 2021-10-11 for a restricted-area resolution or a project veto under Ohio Rev. Code 303.58 or 303.62, and the Ohio Power Siting Board's case record for the county. Queue what you find (data/review/queue.csv) or record a negative_checks row."
73,39113,Montgomery,,,,,,,,"Search the Montgomery County Board of Commissioners resolutions and minutes since 2021-10-11 for a restricted-area resolution or a project veto under Ohio Rev. Code 303.58 or 303.62, and the Ohio Power Siting Board's case record for the county. Queue what you find (data/review/queue.csv) or record a negative_checks row."
74,39115,Morgan,,,,,,,,"Search the Morgan County Board of Commissioners resolutions and minutes since 2021-10-11 for a restricted-area resolution or a project veto under Ohio Rev. Code 303.58 or 303.62, and the Ohio Power Siting Board's case record for the county. Queue what you find (data/review/queue.csv) or record a negative_checks row."
75,39119,Muskingum,,,,,,,,"Search the Muskingum County Board of Commissioners resolutions and minutes since 2021-10-11 for a restricted-area resolution or a project veto under Ohio Rev. Code 303.58 or 303.62, and the Ohio Power Siting Board's case record for the county. Queue what you find (data/review/queue.csv) or record a negative_checks row."
76,39121,Noble,,,,,,,,"Search the Noble County Board of Commissioners resolutions and minutes since 2021-10-11 for a restricted-area resolution or a project veto under Ohio Rev. Code 303.58 or 303.62, and the Ohio Power Siting Board's case record for the county. Queue what you find (data/review/queue.csv) or record a negative_checks row."
77,39125,Paulding,,,,,,,,"Search the Paulding County Board of Commissioners resolutions and minutes since 2021-10-11 for a restricted-area resolution or a project veto under Ohio Rev. Code 303.58 or 303.62, and the Ohio Power Siting Board's case record for the county. Queue what you find (data/review/queue.csv) or record a negative_checks row."
78,39131,Pike,,,,,,,,"Search the Pike County Board of Commissioners resolutions and minutes since 2021-10-11 for a restricted-area resolution or a project veto under Ohio Rev. Code 303.58 or 303.62, and the Ohio Power Siting Board's case record for the county. Queue what you find (data/review/queue.csv) or record a negative_checks row."
79,39133,Portage,,,,,,,,"Search the Portage County Board of Commissioners resolutions and minutes since 2021-10-11 for a restricted-area resolution or a project veto under Ohio Rev. Code 303.58 or 303.62, and the Ohio Power Siting Board's case record for the county. Queue what you find (data/review/queue.csv) or record a negative_checks row."
80,39141,Ross,,,,,,,,"Search the Ross County Board of Commissioners resolutions and minutes since 2021-10-11 for a restricted-area resolution or a project veto under Ohio Rev. Code 303.58 or 303.62, and the Ohio Power Siting Board's case record for the county. Queue what you find (data/review/queue.csv) or record a negative_checks row."
81,39145,Scioto,,,,,,,,"Search the Scioto County Board of Commissioners resolutions and minutes since 2021-10-11 for a restricted-area resolution or a project veto under Ohio Rev. Code 303.58 or 303.62, and the Ohio Power Siting Board's case record for the county. Queue what you find (data/review/queue.csv) or record a negative_checks row."
82,39153,Summit,,,,,,,,"Search the Summit County Board of Commissioners resolutions and minutes since 2021-10-11 for a restricted-area resolution or a project veto under Ohio Rev. Code 303.58 or 303.62, and the Ohio Power Siting Board's case record for the county. Queue what you find (data/review/queue.csv) or record a negative_checks row."
83,39157,Tuscarawas,,,,,,,,"Search the Tuscarawas County Board of Commissioners resolutions and minutes since 2021-10-11 for a restricted-area resolution or a project veto under Ohio Rev. Code 303.58 or 303.62, and the Ohio Power Siting Board's case record for the county. Queue what you find (data/review/queue.csv) or record a negative_checks row."
84,39161,Van Wert,,,,,,,,"Search the Van Wert County Board of Commissioners resolutions and minutes since 2021-10-11 for a restricted-area resolution or a project veto under Ohio Rev. Code 303.58 or 303.62, and the Ohio Power Siting Board's case record for the county. Queue what you find (data/review/queue.csv) or record a negative_checks row."
85,39163,Vinton,,,,,,,,"Search the Vinton County Board of Commissioners resolutions and minutes since 2021-10-11 for a restricted-area resolution or a project veto under Ohio Rev. Code 303.58 or 303.62, and the Ohio Power Siting Board's case record for the county. Queue what you find (data/review/queue.csv) or record a negative_checks row."
86,39167,Washington,,,,,,,,"Search the Washington County Board of Commissioners resolutions and minutes since 2021-10-11 for a restricted-area resolution or a project veto under Ohio Rev. Code 303.58 or 303.62, and the Ohio Power Siting Board's case record for the county. Queue what you find (data/review/queue.csv) or record a negative_checks row."
87,39171,Williams,,,,,,,,"Search the Williams County Board of Commissioners resolutions and minutes since 2021-10-11 for a restricted-area resolution or a project veto under Ohio Rev. Code 303.58 or 303.62, and the Ohio Power Siting Board's case record for the county. Queue what you find (data/review/queue.csv) or record a negative_checks row."
88,39173,Wood,,,,,,,,"Search the Wood County Board of Commissioners resolutions and minutes since 2021-10-11 for a restricted-area resolution or a project veto under Ohio Rev. Code 303.58 or 303.62, and the Ohio Power Siting Board's case record for the county. Queue what you find (data/review/queue.csv) or record a negative_checks row."
