priority,tier,source_record_id,state,county,municipality,project_name,technology,outcome,event_date_text,has_litigation,what_would_confirm,located_url,search_query
1,blocked_unverified,REC-0190,MA,Hampshire County,,Amherst Capped Landfill Solar,solar,blocked_unverified,"February 2012, July 2016",yes,"Withdrawal or cancellation notice, permit or zoning denial, or interconnection queue withdrawal",,"""Amherst Capped Landfill Solar"" solar Hampshire County Massachusetts"
2,blocked_unverified,REC-0005,AL,Etowah County,,Noccalula Wind Energy Center,wind,blocked_unverified,August 2014,yes,"Withdrawal or cancellation notice, permit or zoning denial, or interconnection queue withdrawal",,"""Noccalula Wind Energy Center"" wind Etowah County Alabama"
3,blocked_unverified,REC-0007,AL,Cherokee County,,Shinbone Ridge Wind,wind,blocked_unverified,August 2014,yes,"Withdrawal or cancellation notice, permit or zoning denial, or interconnection queue withdrawal",,"""Shinbone Ridge Wind"" wind Cherokee County Alabama"
4,blocked_unverified,REC-0008,AL,Cleburne County,,Turkey Heaven Mountain Wind,wind,blocked_unverified,June 2014,yes,"Withdrawal or cancellation notice, permit or zoning denial, or interconnection queue withdrawal",,"""Turkey Heaven Mountain Wind"" wind Cleburne County Alabama"
5,blocked_unverified,REC-0260,NV,Clark,,Crescent Peak Wind Project,wind,blocked_unverified,November 2018,yes,"Withdrawal or cancellation notice, permit or zoning denial, or interconnection queue withdrawal",,"""Crescent Peak Wind Project"" wind Clark Nevada"
6,blocked_unverified,REC-0149,KY,Mercer County,,Savion’s Mercer County Solar Farm,solar,blocked_unverified,2020-10,yes,"Withdrawal or cancellation notice, permit or zoning denial, or interconnection queue withdrawal",,"""Savion’s Mercer County Solar Farm"" solar Mercer County Kentucky"
7,blocked_unverified,REC-0320,NC,Yadkin,,Shady Grove Solar Farm,solar,blocked_unverified,"October 2020 - December 31, 2024",yes,"Withdrawal or cancellation notice, permit or zoning denial, or interconnection queue withdrawal",,"""Shady Grove Solar Farm"" solar Yadkin North Carolina"
8,blocked_unverified,REC-0396,SC,Horry County,Gallivants Ferry,Gallivants Ferry Solar Project,solar,blocked_unverified,2020,yes,"Withdrawal or cancellation notice, permit or zoning denial, or interconnection queue withdrawal",,"""Gallivants Ferry Solar Project"" solar Gallivants Ferry South Carolina"
9,blocked_unverified,REC-0145,KY,Clark County,,Geenex Solar Project,solar,blocked_unverified,2021-08,yes,"Withdrawal or cancellation notice, permit or zoning denial, or interconnection queue withdrawal",,"""Geenex Solar Project"" solar Clark County Kentucky"
10,blocked_unverified,REC-0256,NV,Clark,,Bajle Born Solar Project,solar,blocked_unverified,July 2021,yes,"Withdrawal or cancellation notice, permit or zoning denial, or interconnection queue withdrawal",,"""Bajle Born Solar Project"" solar Clark Nevada"
11,blocked_unverified,REC-0146,KY,Hardin County,,Hardin Solar LLC Project,solar,blocked_unverified,2022-01,yes,"Withdrawal or cancellation notice, permit or zoning denial, or interconnection queue withdrawal",,"""Hardin Solar LLC Project"" solar Hardin County Kentucky"
12,blocked_unverified,REC-0194,MA,Barnstable County,,Commonwealth Wind,wind,blocked_unverified,"December 2022, October 2023",yes,"Withdrawal or cancellation notice, permit or zoning denial, or interconnection queue withdrawal",,"""Commonwealth Wind"" wind Barnstable County Massachusetts"
13,blocked_unverified,REC-0232,MO,Callaway County,,Guthrie Solar Project,solar,blocked_unverified,"April 27, 2022",yes,"Withdrawal or cancellation notice, permit or zoning denial, or interconnection queue withdrawal",,"""Guthrie Solar Project"" solar Callaway County Missouri"
14,blocked_unverified,REC-0048,DE,Sussex County,,US Wind Substation Project in Dagsboro,wind,blocked_unverified,December 2024,yes,"Withdrawal or cancellation notice, permit or zoning denial, or interconnection queue withdrawal",,"""US Wind Substation Project in Dagsboro"" wind Sussex County Delaware"
15,blocked_unverified,REC-0192,MA,Middlesex County,,Bullard Farm Solar Plant,solar,blocked_unverified,2012,,"Withdrawal or cancellation notice, permit or zoning denial, or interconnection queue withdrawal",,"""Bullard Farm Solar Plant"" solar Middlesex County Massachusetts"
16,blocked_unverified,REC-0223,MN,Goodhue,,New Era Wind Farm,wind,blocked_unverified,August 2013,,"Withdrawal or cancellation notice, permit or zoning denial, or interconnection queue withdrawal",,"""New Era Wind Farm"" wind Goodhue Minnesota"
17,blocked_unverified,REC-0148,KY,Mason County,,NextEra’s Mason County Wind Energy Project,wind,blocked_unverified,2014-05,,"Withdrawal or cancellation notice, permit or zoning denial, or interconnection queue withdrawal",,"""NextEra’s Mason County Wind Energy Project"" wind Mason County Kentucky"
18,blocked_unverified,REC-0272,NH,Granon and Merrimack Counties,,Wild Meadows Wind Farm,wind,blocked_unverified,2014,no,"Withdrawal or cancellation notice, permit or zoning denial, or interconnection queue withdrawal",,"""Wild Meadows Wind Farm"" wind Granon and Merrimack Counties New Hampshire"
19,blocked_unverified,REC-0321,NC,Northampton,Woodland,Woodland Solar Project,solar,blocked_unverified,2015,,"Withdrawal or cancellation notice, permit or zoning denial, or interconnection queue withdrawal",,"""Woodland Solar Project"" solar Woodland North Carolina"
20,blocked_unverified,REC-0332,ND,Billings County,,Charlie Creek Wind Farm,wind,blocked_unverified,November 2016 (county permit denial),,"Withdrawal or cancellation notice, permit or zoning denial, or interconnection queue withdrawal",,"""Charlie Creek Wind Farm"" wind Billings County North Dakota"
21,blocked_unverified,REC-0277,NJ,Somerset County,,Bedminster Solar Project,solar,blocked_unverified,2016,,"Withdrawal or cancellation notice, permit or zoning denial, or interconnection queue withdrawal",,"""Bedminster Solar Project"" solar Somerset County New Jersey"
22,blocked_unverified,REC-0405,SD,Lincoln County,,Dakota Power Community Wind Project,wind,blocked_unverified,2017,no,"Withdrawal or cancellation notice, permit or zoning denial, or interconnection queue withdrawal",,"""Dakota Power Community Wind Project"" wind Lincoln County South Dakota"
23,blocked_unverified,REC-0444,VT,Orleans County,"Kidder Hill, Town of",Kidder Hill Wind Project,wind,blocked_unverified,July 2017,,"Withdrawal or cancellation notice, permit or zoning denial, or interconnection queue withdrawal",,"""Kidder Hill Wind Project"" wind Kidder Hill, Town of Vermont"
24,blocked_unverified,REC-0016,AR,Washington County,,Wind Catcher Energy Connection Project,wind;transmission,blocked_unverified,July 2018,,"Withdrawal or cancellation notice, permit or zoning denial, or interconnection queue withdrawal",,"""Wind Catcher Energy Connection Project"" wind transmission Washington County Arkansas"
25,blocked_unverified,REC-0271,NH,Merrimack County,"West Portsmouth Street, Concord",Concord Solar Project,solar,blocked_unverified,2018,no,"Withdrawal or cancellation notice, permit or zoning denial, or interconnection queue withdrawal",,"""Concord Solar Project"" solar West Portsmouth Street, Concord New Hampshire"
26,blocked_unverified,REC-0181,MD,Charles,,Georgetown University’s Charles County Solar Project,solar,blocked_unverified,2019-08,,"Withdrawal or cancellation notice, permit or zoning denial, or interconnection queue withdrawal",,"""Georgetown University’s Charles County Solar Project"" solar Charles Maryland"
27,blocked_unverified,REC-0318,NC,Rowan,,China Grove Solar Project,solar,blocked_unverified,"September 16, 2019",,"Withdrawal or cancellation notice, permit or zoning denial, or interconnection queue withdrawal",,"""China Grove Solar Project"" solar Rowan North Carolina"
28,blocked_unverified,REC-0046,DE,Sussex County,,Skipjack Wind Farm Interconnection Facility in Fenwick State Park,wind,blocked_unverified,2020,,"Withdrawal or cancellation notice, permit or zoning denial, or interconnection queue withdrawal",,"""Skipjack Wind Farm Interconnection Facility in Fenwick State Park"" wind Sussex County Delaware"
29,blocked_unverified,REC-0222,MN,Hennepin,Minnetrista,Minnetrista Solar Farm,solar,blocked_unverified,October 2020,,"Withdrawal or cancellation notice, permit or zoning denial, or interconnection queue withdrawal",,"""Minnetrista Solar Farm"" solar Minnetrista Minnesota"
30,blocked_unverified,REC-0191,MA,Hampshire County,,ASD Shutesbury MA Solar LLC,solar,blocked_unverified,November 2021,,"Withdrawal or cancellation notice, permit or zoning denial, or interconnection queue withdrawal",,"""ASD Shutesbury MA Solar LLC"" solar Hampshire County Massachusetts"
31,blocked_unverified,REC-0316,NC,Rowan,,Birdseye Renewable Energy,solar,blocked_unverified,November 2021,,"Withdrawal or cancellation notice, permit or zoning denial, or interconnection queue withdrawal",,"""Birdseye Renewable Energy"" solar Rowan North Carolina"
32,blocked_unverified,REC-0446,VT,Bennington County,"Manchester, Town of",Manchester Solar Project,solar,blocked_unverified,September 2021,,"Withdrawal or cancellation notice, permit or zoning denial, or interconnection queue withdrawal",,"""Manchester Solar Project"" solar Manchester, Town of Vermont"
33,blocked_unverified,REC-0062,GA,Bibb County,,Cubico Solar Farm,solar,blocked_unverified,"May 23, 2022",,"Withdrawal or cancellation notice, permit or zoning denial, or interconnection queue withdrawal",,"""Cubico Solar Farm"" solar Bibb County Georgia"
34,blocked_unverified,REC-0315,NC,Surry,,Bacon’s Castle Solar Farm,solar,blocked_unverified,"June 16, 2022",,"Withdrawal or cancellation notice, permit or zoning denial, or interconnection queue withdrawal",,"""Bacon’s Castle Solar Farm"" solar Surry North Carolina"
35,blocked_unverified,REC-0317,NC,Catawba,,Blackburn Solar Project,solar,blocked_unverified,"April 18, 2022",,"Withdrawal or cancellation notice, permit or zoning denial, or interconnection queue withdrawal",,"""Blackburn Solar Project"" solar Catawba North Carolina"
36,blocked_unverified,REC-0280,NJ,Monmouth County,,NJ Solar 2000 (Freehold Township),solar,blocked_unverified,September 2022,,"Withdrawal or cancellation notice, permit or zoning denial, or interconnection queue withdrawal",,"""NJ Solar 2000 (Freehold Township)"" solar Monmouth County New Jersey"
37,blocked_unverified,REC-0045,DE,Sussex County,Frankford Town Council,Frankford Solar,solar,blocked_unverified,May 2024,no,"Withdrawal or cancellation notice, permit or zoning denial, or interconnection queue withdrawal",,"""Frankford Solar"" solar Frankford Town Council Delaware"
38,blocked_unverified,REC-0064,GA,Houston County,,Silicon Ranch’s Kathleen Solar Project,solar,blocked_unverified,"September 3, 2024",,"Withdrawal or cancellation notice, permit or zoning denial, or interconnection queue withdrawal",,"""Silicon Ranch’s Kathleen Solar Project"" solar Houston County Georgia"
39,blocked_unverified,REC-0084,IL,Mercer County,,Alexis Solar Project,solar,blocked_unverified,,,"Withdrawal or cancellation notice, permit or zoning denial, or interconnection queue withdrawal",,"""Alexis Solar Project"" solar Mercer County Illinois"
40,blocked_unverified,REC-0238,MT,Valley County,,Valley County Wind Project,wind,blocked_unverified,,,"Withdrawal or cancellation notice, permit or zoning denial, or interconnection queue withdrawal",,"""Valley County Wind Project"" wind Valley County Montana"
41,blocked_unverified,REC-0331,ND,Burleigh County,,Burleigh-Emmons Wind Farm,wind,blocked_unverified,,,"Withdrawal or cancellation notice, permit or zoning denial, or interconnection queue withdrawal",,"""Burleigh-Emmons Wind Farm"" wind Burleigh County North Dakota"
42,blocked_unverified,REC-0361,OK,McIntosh County,,Canadian River Wind Project,wind,blocked_unverified,,,"Withdrawal or cancellation notice, permit or zoning denial, or interconnection queue withdrawal",,"""Canadian River Wind Project"" wind McIntosh County Oklahoma"
43,advanced_unverified,REC-0231,MO,Callaway and Chariton Counties,,Grain Belt Express Tiger Connector Expansion,solar;transmission,advanced_unverified,October 2024,yes,"Permit or zoning approval, construction start, or commercial operation (EIA-860, utility or developer announcement)",,"""Grain Belt Express Tiger Connector Expansion"" solar transmission Callaway and Chariton Counties Missouri"
44,advanced_unverified,REC-0329,ND,Stark County,,Brady Wind Farm,wind,advanced_unverified,"March 2016 (PSC hearing), June 2016 (PSC approval)",,"Permit or zoning approval, construction start, or commercial operation (EIA-860, utility or developer announcement)",,"""Brady Wind Farm"" wind Stark County North Dakota"
45,advanced_unverified,REC-0468,WA,Kittitas,,Columbia Solar Project,solar,advanced_unverified,"January 10, 2017",,"Permit or zoning approval, construction start, or commercial operation (EIA-860, utility or developer announcement)",,"""Columbia Solar Project"" solar Kittitas Washington"
46,advanced_unverified,REC-0052,FL,Alachua County,,Archer Solar Project,solar,advanced_unverified,October 2020,,"Permit or zoning approval, construction start, or commercial operation (EIA-860, utility or developer announcement)",,"""Archer Solar Project"" solar Alachua County Florida"
47,advanced_unverified,REC-0147,KY,Madison County,,Madison County Solar Farm,solar,advanced_unverified,2020-12 or 2021-01,,"Permit or zoning approval, construction start, or commercial operation (EIA-860, utility or developer announcement)",,"""Madison County Solar Farm"" solar Madison County Kentucky"
48,advanced_unverified,REC-0053,FL,Alachua County,,Sand Bluff Solar Project,solar,advanced_unverified,July 2021,,"Permit or zoning approval, construction start, or commercial operation (EIA-860, utility or developer announcement)",,"""Sand Bluff Solar Project"" solar Alachua County Florida"
49,advanced_unverified,REC-0385,PA,York,,Dover Solar I Project,solar,advanced_unverified,2022,,"Permit or zoning approval, construction start, or commercial operation (EIA-860, utility or developer announcement)",,"""Dover Solar I Project"" solar York Pennsylvania"
50,needs_review,REC-0023,CA,Alameda and Contra Costa,,Altamont Pass Wind Resource Area First-Generation Wind Farms,wind,needs_review,2004,yes,The project's current status from county records or recent coverage,,"""Altamont Pass Wind Resource Area First-Generation Wind Farms"" wind Alameda and Contra Costa California"
51,needs_review,REC-0026,CA,Riverside,,Blythe Mesa Solar Power Project,solar,needs_review,2014,yes,The project's current status from county records or recent coverage,,"""Blythe Mesa Solar Power Project"" solar Riverside California"
52,needs_review,REC-0282,NJ,Ocean County,,Six Flags Theme Park Solar Project,solar,needs_review,January 2017,yes,The project's current status from county records or recent coverage,,"""Six Flags Theme Park Solar Project"" solar Ocean County New Jersey"
53,needs_review,REC-0027,CA,San Diego,,Boulder Brush Project,wind;transmission,needs_review,2021,yes,The project's current status from county records or recent coverage,,"""Boulder Brush Project"" wind transmission San Diego California"
54,needs_review,REC-0028,CA,Santa Barbara,,BW-IDEOL Offshore Wind Project,wind,needs_review,2022,yes,The project's current status from county records or recent coverage,,"""BW-IDEOL Offshore Wind Project"" wind Santa Barbara California"
55,needs_review,REC-0279,NJ,"Atlantic, Cape May, Monmouth, Ocean Counties",,New York Bight Offshore Wind Area,wind,needs_review,"March 10, 2023",yes,The project's current status from county records or recent coverage,,"""New York Bight Offshore Wind Area"" wind Atlantic, Cape May, Monmouth, Ocean Counties New Jersey"
56,needs_review,REC-0475,WV,Mason County,,Tyr Energy Solar Project,solar,needs_review,2010-2023,,The project's current status from county records or recent coverage,,"""Tyr Energy Solar Project"" solar Mason County West Virginia"
57,needs_review,REC-0381,PA,Carbon,,AtlanDc Wind Project,wind,needs_review,"2016, December 2017",,The project's current status from county records or recent coverage,,"""AtlanDc Wind Project"" wind Carbon Pennsylvania"
58,needs_review,REC-0407,SD,Davison County,,Juhl Energy’s Davison County Wind Project,wind,needs_review,2016,,The project's current status from county records or recent coverage,,"""Juhl Energy’s Davison County Wind Project"" wind Davison County South Dakota"
59,needs_review,REC-0278,NJ,Salem County,,Leading Light Wind Project,wind,needs_review,"October 6, 2024",,The project's current status from county records or recent coverage,,"""Leading Light Wind Project"" wind Salem County New Jersey"
60,needs_review,REC-0237,MT,Park County,,Mission Creek Wind Project,wind,needs_review,,,The project's current status from county records or recent coverage,,"""Mission Creek Wind Project"" wind Park County Montana"
61,pending,REC-0367,OR,Clackamas,,Beehive Solar Project,solar,pending,June 2018,yes,"Any decision since the event date: approval, denial or withdrawal",,"""Beehive Solar Project"" solar Clackamas Oregon"
62,pending,REC-0374,OR,Jackson,,Origis Energy Solar Project,solar,pending,June 2018,yes,"Any decision since the event date: approval, denial or withdrawal",,"""Origis Energy Solar Project"" solar Jackson Oregon"
63,pending,REC-0440,VT,Bennington County,,Apple Hill Solar and Willow Road Solar (f/k/a Chelsea Solar),solar,pending,"January 2018, May 2020, June 2019, January 2023, June 2023, July 2023, October 2023, December 2023",yes,"Any decision since the event date: approval, denial or withdrawal",,"""Apple Hill Solar and Willow Road Solar (f/k/a Chelsea Solar)"" solar Bennington County Vermont"
64,pending,REC-0494,WY,Albany County,,Rail Tie Wind Project,wind,pending,February 2020,yes,"Any decision since the event date: approval, denial or withdrawal",,"""Rail Tie Wind Project"" wind Albany County Wyoming"
65,pending,REC-0154,LA,Calcasieu Parish,,Cajun Crescent Energy Center,solar,pending,"September 2021 - November 19, 2024",yes,"Any decision since the event date: approval, denial or withdrawal",,"""Cajun Crescent Energy Center"" solar Calcasieu Parish Louisiana"
66,pending,REC-0220,MN,McLeod,,Hale Township Community Solar Garden,solar,pending,2021,yes,"Any decision since the event date: approval, denial or withdrawal",,"""Hale Township Community Solar Garden"" solar McLeod Minnesota"
67,pending,REC-0285,NM,Chaves County,,Chaves Solar 2 LLC Community Solar Project,solar,pending,"October 2021, November 2021",yes,"Any decision since the event date: approval, denial or withdrawal",,"""Chaves Solar 2 LLC Community Solar Project"" solar Chaves County New Mexico"
68,pending,REC-0261,NV,Churchill,,Dixie Valley Geothermal Project,geothermal,pending,November 2021,yes,"Any decision since the event date: approval, denial or withdrawal",,"""Dixie Valley Geothermal Project"" geothermal Churchill Nevada"
69,pending,REC-0044,DE,Kent County,,Cedar Creek Solar,solar,pending,March 2022,yes,"Any decision since the event date: approval, denial or withdrawal",,"""Cedar Creek Solar"" solar Kent County Delaware"
70,pending,REC-0319,NC,Pender,,Coastal Pine Solar Farm,solar,pending,December 2022 - June 2023,yes,"Any decision since the event date: approval, denial or withdrawal",,"""Coastal Pine Solar Farm"" solar Pender North Carolina"
71,pending,REC-0257,NV,Nye,,Beajy Energy Center Project,solar;battery_storage,pending,June 2022,yes,"Any decision since the event date: approval, denial or withdrawal",,"""Beajy Energy Center Project"" solar battery storage Nye Nevada"
72,pending,REC-0258,NV,Nye,,Bonnie Clare Solar Project,solar;battery_storage,pending,June 2022,yes,"Any decision since the event date: approval, denial or withdrawal",,"""Bonnie Clare Solar Project"" solar battery storage Nye Nevada"
73,pending,REC-0397,SC,Sumter County,Runnymede subdivision of Sumner City,Runnymeade Solar Project,solar,pending,"April 29, 2022",yes,"Any decision since the event date: approval, denial or withdrawal",,"""Runnymeade Solar Project"" solar Runnymede subdivision of Sumner City South Carolina"
74,pending,REC-0404,SD,Codington and Grant Counties,,Crowned Ridge Wind Project,wind,pending,2022,yes,"Any decision since the event date: approval, denial or withdrawal",,"""Crowned Ridge Wind Project"" wind Codington and Grant Counties South Dakota"
75,pending,REC-0011,AZ,Apache and Navajo Counties,,Black Mesa Pumped Storage Project,hydro,pending,"July 2023, February 2024",yes,"Any decision since the event date: approval, denial or withdrawal",,"""Black Mesa Pumped Storage Project"" hydro Apache and Navajo Counties Arizona"
76,pending,REC-0150,KY,Hardin County,,Stonefield Solar Project,solar,pending,2023-05,yes,"Any decision since the event date: approval, denial or withdrawal",,"""Stonefield Solar Project"" solar Hardin County Kentucky"
77,pending,REC-0210,MI,Van Buren County,Decatur Township,Southwest Michigan Solar Project,solar,pending,August 2023,yes,"Any decision since the event date: approval, denial or withdrawal",,"""Southwest Michigan Solar Project"" solar Decatur Township Michigan"
78,pending,REC-0276,NJ,Ocean County,,Atlantic Shores South Project,wind,pending,July 2023,yes,"Any decision since the event date: approval, denial or withdrawal",,"""Atlantic Shores South Project"" wind Ocean County New Jersey"
79,pending,REC-0255,NV,Clark,,Angora Solar Project,solar,pending,"March 21, 2023",yes,"Any decision since the event date: approval, denial or withdrawal",,"""Angora Solar Project"" solar Clark Nevada"
80,pending,REC-0259,NV,Clark,,Clark County Solar Development,solar,pending,September 2023,yes,"Any decision since the event date: approval, denial or withdrawal",,"""Clark County Solar Development"" solar Clark Nevada"
81,pending,REC-0264,NV,Washoe,,Gerlach Geothermal ExploraDon Project,geothermal,pending,"January 9, 2023",yes,"Any decision since the event date: approval, denial or withdrawal",,"""Gerlach Geothermal ExploraDon Project"" geothermal Washoe Nevada"
82,pending,REC-0265,NV,"Various (Clark, Lyon, Esmeralda, Lyon, Mineral, and Nye)",,Greenlink West Transmission Project,transmission,pending,May 2023,yes,"Any decision since the event date: approval, denial or withdrawal",,"""Greenlink West Transmission Project"" transmission Various (Clark, Lyon, Esmeralda, Lyon, Mineral, and Nye) Nevada"
83,pending,REC-0368,OR,"Baker, Malheur, Morrow, Umatilla, Union",,Boardman-to-Hemingway Transmission Line,transmission,pending,"March 9, 2023",yes,"Any decision since the event date: approval, denial or withdrawal",,"""Boardman-to-Hemingway Transmission Line"" transmission Baker, Malheur, Morrow, Umatilla, Union Oregon"
84,pending,REC-0495,WY,Albany County,,Rock Creek Gen-Tie Line,transmission,pending,July 2023,yes,"Any decision since the event date: approval, denial or withdrawal",,"""Rock Creek Gen-Tie Line"" transmission Albany County Wyoming"
85,pending,REC-0013,AZ,Cochise County,,SunZia Transmission Line,transmission,pending,"January 2024, June 2024",yes,"Any decision since the event date: approval, denial or withdrawal",,"""SunZia Transmission Line"" transmission Cochise County Arizona"
86,pending,REC-0038,CT,New Haven,,Denslow Hill Road Solar Project,solar,pending,2024-08,yes,"Any decision since the event date: approval, denial or withdrawal",,"""Denslow Hill Road Solar Project"" solar New Haven Connecticut"
87,pending,REC-0039,CT,Tolland,Ellington,Ellington Airport Solar Project,solar,pending,2024-08,yes,"Any decision since the event date: approval, denial or withdrawal",,"""Ellington Airport Solar Project"" solar Ellington Connecticut"
88,pending,REC-0040,CT,Fairfield,,Fairfield to Congress Railroad Transmission Line,transmission,pending,2024-08,yes,"Any decision since the event date: approval, denial or withdrawal",,"""Fairfield to Congress Railroad Transmission Line"" transmission Fairfield Connecticut"
89,pending,REC-0041,CT,Hartford,Manchester,TRITEC America’s Carter Street Solar Project,solar,pending,2024-10,yes,"Any decision since the event date: approval, denial or withdrawal",,"""TRITEC America’s Carter Street Solar Project"" solar Manchester Connecticut"
90,pending,REC-0178,MD,Montgomery,,Chaberton Energy Sugarloaf Solar Project,solar,pending,2024-09,yes,"Any decision since the event date: approval, denial or withdrawal",,"""Chaberton Energy Sugarloaf Solar Project"" solar Montgomery Maryland"
91,pending,REC-0179,MD,Worcester,,Chaberton Snow Solar Project,solar,pending,2024-05,yes,"Any decision since the event date: approval, denial or withdrawal",,"""Chaberton Snow Solar Project"" solar Worcester Maryland"
92,pending,REC-0262,NV,Esmeralda,,Esmeralda Seven Solar Project,solar,pending,Proposed in 2024,yes,"Any decision since the event date: approval, denial or withdrawal",,"""Esmeralda Seven Solar Project"" solar Esmeralda Nevada"
93,pending,REC-0235,MT,Silver Bow County,,Basin Creek Solar Project,solar,pending,,yes,"Any decision since the event date: approval, denial or withdrawal",,"""Basin Creek Solar Project"" solar Silver Bow County Montana"
94,pending,REC-0372,OR,Umatilla,,Nolin Hills Energy Project,solar;wind;battery_storage,pending,September 2017,,"Any decision since the event date: approval, denial or withdrawal",,"""Nolin Hills Energy Project"" solar wind battery storage Umatilla Oregon"
95,pending,REC-0335,ND,Mercer County,,Garrison Buje Wind Farm,wind,pending,"2018 (proposed), May 2020 (moratorium)",,"Any decision since the event date: approval, denial or withdrawal",,"""Garrison Buje Wind Farm"" wind Mercer County North Dakota"
96,pending,REC-0373,OR,Lake,,Obsidian Solar Center,solar,pending,2018,,"Any decision since the event date: approval, denial or withdrawal",,"""Obsidian Solar Center"" solar Lake Oregon"
97,pending,REC-0330,ND,Burke County,,Burke County Wind Project,wind,pending,June 2019 (PSC rejection),,"Any decision since the event date: approval, denial or withdrawal",,"""Burke County Wind Project"" wind Burke County North Dakota"
98,pending,REC-0370,OR,Clackamas,,Mountain Meadow Solar Project,solar,pending,April 2019,,"Any decision since the event date: approval, denial or withdrawal",,"""Mountain Meadow Solar Project"" solar Clackamas Oregon"
99,pending,REC-0382,PA,Lancaster,Mount Joy Township,Brookfield Solar Energy Center,solar,pending,January 2020 - March 2021,,"Any decision since the event date: approval, denial or withdrawal",,"""Brookfield Solar Energy Center"" solar Mount Joy Township Pennsylvania"
100,pending,REC-0224,MS,Hinds County,,Soul City Solar,solar;battery_storage,pending,2021,,"Any decision since the event date: approval, denial or withdrawal",,"""Soul City Solar"" solar battery storage Hinds County Mississippi"
101,pending,REC-0387,PA,Lawrence,North Beaver Township,Firefly Solar Project,solar,pending,2021 - 2023,,"Any decision since the event date: approval, denial or withdrawal",,"""Firefly Solar Project"" solar North Beaver Township Pennsylvania"
102,pending,REC-0284,NM,Chaves County,,Cenergy’s Two Community Solar Projects,solar,pending,"April 6, 2022",,"Any decision since the event date: approval, denial or withdrawal",,"""Cenergy’s Two Community Solar Projects"" solar Chaves County New Mexico"
103,pending,REC-0286,NM,Chaves County,,Energy Management Inc.’s Community Solar Project,solar,pending,November 2022,,"Any decision since the event date: approval, denial or withdrawal",,"""Energy Management Inc.’s Community Solar Project"" solar Chaves County New Mexico"
104,pending,REC-0287,NM,Chaves County,,NextEra’s Two Community Solar Projects,solar,pending,November 2022,,"Any decision since the event date: approval, denial or withdrawal",,"""NextEra’s Two Community Solar Projects"" solar Chaves County New Mexico"
105,pending,REC-0469,WA,Klickitat,,Goldendale Energy Storage Project,battery_storage,pending,"July 28, 2022",,"Any decision since the event date: approval, denial or withdrawal",,"""Goldendale Energy Storage Project"" battery storage Klickitat Washington"
106,pending,REC-0006,AL,Covington County,,Origis Energy Solar Farm,solar,pending,"August 21, 2023",,"Any decision since the event date: approval, denial or withdrawal",,"""Origis Energy Solar Farm"" solar Covington County Alabama"
107,pending,REC-0063,GA,Sumter County,,SA Solar Farm,solar,pending,"November 2023, December 2023",,"Any decision since the event date: approval, denial or withdrawal",,"""SA Solar Farm"" solar Sumter County Georgia"
108,pending,REC-0156,LA,Iberville Parish,,White Castle Solar Farm,solar,pending,September 2023 - present,,"Any decision since the event date: approval, denial or withdrawal",,"""White Castle Solar Farm"" solar Iberville Parish Louisiana"
109,pending,REC-0225,MS,Lamar County,,Minkar Solar Farm,solar,pending,July 2023,,"Any decision since the event date: approval, denial or withdrawal",,"""Minkar Solar Farm"" solar Lamar County Mississippi"
110,pending,REC-0288,NM,Santa Fe County,,Rancho Viejo Solar Project,solar;battery_storage,pending,"August 2023, September 2023, August 2024",,"Any decision since the event date: approval, denial or withdrawal",,"""Rancho Viejo Solar Project"" solar battery storage Santa Fe County New Mexico"
111,pending,REC-0289,NM,Luna County,,South Peak Solar Project,solar,pending,January 2023,,"Any decision since the event date: approval, denial or withdrawal",,"""South Peak Solar Project"" solar Luna County New Mexico"
112,pending,REC-0383,PA,Lancaster,,Brookview Solar 1,solar,pending,November 2023,,"Any decision since the event date: approval, denial or withdrawal",,"""Brookview Solar 1"" solar Lancaster Pennsylvania"
113,pending,REC-0384,PA,York,,Cuffs Run Pumped Storage Project,hydro,pending,July 2023 - February 2024,,"Any decision since the event date: approval, denial or withdrawal",,"""Cuffs Run Pumped Storage Project"" hydro York Pennsylvania"
114,pending,REC-0386,PA,Lackawanna,Scranton,Electric City Solar Initiative,solar,pending,February 2023,,"Any decision since the event date: approval, denial or withdrawal",,"""Electric City Solar Initiative"" solar Scranton Pennsylvania"
115,pending,REC-0388,PA,Lackawanna,Greenfield Township,Greenfield Township Solar Farm,solar,pending,January 2023 - February 2024,,"Any decision since the event date: approval, denial or withdrawal",,"""Greenfield Township Solar Farm"" solar Greenfield Township Pennsylvania"
116,pending,REC-0409,SD,McCook County,,National Grid Renewables McCook County Solar Farm,solar,pending,February 2023,no,"Any decision since the event date: approval, denial or withdrawal",,"""National Grid Renewables McCook County Solar Farm"" solar McCook County South Dakota"
117,pending,REC-0410,SD,Walworth County,,Oahe Solar Project,solar,pending,November 2023,no,"Any decision since the event date: approval, denial or withdrawal",,"""Oahe Solar Project"" solar Walworth County South Dakota"
118,pending,REC-0466,WA,Douglas,,Badger Mountain Solar Project,solar,pending,May 2023,,"Any decision since the event date: approval, denial or withdrawal",,"""Badger Mountain Solar Project"" solar Douglas Washington"
119,pending,REC-0467,WA,Klickitat,,Carriger Solar Project,solar,pending,"January 10, 2023",,"Any decision since the event date: approval, denial or withdrawal",,"""Carriger Solar Project"" solar Klickitat Washington"
120,pending,REC-0012,AZ,Cochise County,,Prince Road Solar Project,solar,pending,September 2024,,"Any decision since the event date: approval, denial or withdrawal",,"""Prince Road Solar Project"" solar Cochise County Arizona"
121,pending,REC-0155,LA,St. James Parish,,St. James Solar,solar,pending,"June 2024 - November 19, 2024",no,"Any decision since the event date: approval, denial or withdrawal",,"""St. James Solar"" solar St. James Parish Louisiana"
122,pending,REC-0182,MD,"Bal>more, Carroll, Frederick",,Maryland Piedmont Reliability Project,transmission,pending,2024-09,,"Any decision since the event date: approval, denial or withdrawal",,"""Maryland Piedmont Reliability Project"" transmission Bal>more, Carroll, Frederick Maryland"
123,pending,REC-0333,ND,McLean County,,Coal Creek Wind Farm,wind,pending,April 2024 (denial of preliminary project area permit),,"Any decision since the event date: approval, denial or withdrawal",,"""Coal Creek Wind Farm"" wind McLean County North Dakota"
124,pending,REC-0436,TX,Fayette County,,Mustang Wind Project,wind,pending,June 2024,no,"Any decision since the event date: approval, denial or withdrawal",,"""Mustang Wind Project"" wind Fayette County Texas"
125,pending,REC-0470,WA,Skagit,Sedro-Woolley,Goldeneye Energy Storage,battery_storage,pending,June 2024,,"Any decision since the event date: approval, denial or withdrawal",,"""Goldeneye Energy Storage"" battery storage Sedro-Woolley Washington"
126,pending,REC-0360,OK,Craig County,,Cabin Creek Wind Farm,wind,pending,,,"Any decision since the event date: approval, denial or withdrawal",,"""Cabin Creek Wind Farm"" wind Craig County Oklahoma"
127,pending,REC-0362,OK,Lincoln County,,Cedar Run Wind Project,wind,pending,,,"Any decision since the event date: approval, denial or withdrawal",,"""Cedar Run Wind Project"" wind Lincoln County Oklahoma"
128,pending,REC-0371,OR,Lane,,Muddy Creek Energy Park,solar,pending,,,"Any decision since the event date: approval, denial or withdrawal",,"""Muddy Creek Energy Park"" solar Lane Oregon"
