source_id,raw_path,extracted_at,entity_type,review_status,reviewer_notes,state,county,municipality,jurisdiction_type,project_name,technology,severity_score,description,source_url,restriction_type,mechanisms,mechanism_detail,adopted_date,effective_date,opposition_type,first_event_date,status,opposition_groups,group_sources,court_level,filing_date,docket_number,evidence_text,access,archived_url,source_kind,queue_id
web_research_2026-10-06,,2026-10-06,restriction,promoted,"Replaces the 2022 to 2023 utility-scale solar moratorium (Sabin REC-0118, held back as lifted; last set to expire Sept. 30, 2023). Opened 2026-10-07: the ordinance text, https://www.cleanenergydistricts.org/wp-content/uploads/2024/03/Linn-County-Utility-Scale-Solar-Siting-Ordinance.pdf , headed 'Prepared by Stephanie Lientz, Linn County Planning & Development' and 'An Ordinance Amending the Code of Ordinances, Linn County, Iowa by modifying provisions in Chapter 107: Article VI Section 107-117 regarding utility scale solar installations and battery energy storage systems, and Article VII Section 107-149 Renewable Energy Overlay District, and Article VII Table 107-147-1 regarding battery energy storage systems, and Article IX Section 107-180 definitions'. This copy leaves the ordinance number and the Gazette publication date blank. It records Planning and Zoning Commission Aug. 16, 2023; public hearing and first consideration Sept. 5, 2023; second consideration Sept. 13, 2023; third consideration and final passage Sept. 20, 2023. Also opened: The Gazette, https://www.thegazette.com/local-government/government-notes-linn-county-supervisors-pass-solar-ordinance/ : the Board of Supervisors 'unanimously adopted tighter restrictions for utility-scale solar installations', approved the score card 2-1 (Running-Marquardt and Rogers for, Zumbach against), and 'The changes won't apply to previously approved projects'. Corrected against the source: added the 50 dBA night limit (the row had only 55 dBA daytime); added the battery storage 500 ft setback from off-site occupied structures and the 120 ft stream setback for storage; added the CSP prohibition; replaced 'Acreage caps: none found' with the 160-acre fenced-array wildlife corridor rule; added battery_storage to technology, since the ordinance regulates battery energy storage systems too; source_url changed from the Sept. 20, 2023 minutes, which were not read, to the ordinance text that was. Removed, since neither document read contains it: that land rated 65 CSR or above is discouraged through the scorecard (the scorecard itself was not found; the Gazette says only that supervisors discussed the points deducted for higher-CSR areas). Not read: the county pages (linncountyiowa.gov answers with a Cloudflare challenge, HTTP 403, so allowing the host does not help) and the minutes. Not found: the ordinance number and the Gazette publication date. CSP prohibition and the corridor rule are not in the restriction scoring vocabulary, so they sit in mechanism_detail; listing 'ban/prohibition' would score the whole instrument as a solar ban. Severity 2 by the README rule (largest solar setback 300 ft, under 1,000 ft).",IA,Linn County,,County,,solar;battery_storage,2,"Linn County replaced its utility-scale solar moratorium with siting rules in its Unified Development Code: solar equipment 300 ft from dwellings unless the owner waives it, 120 ft from perennial streams and ditches, 50 ft from property lines in the Renewable Energy overlay district; battery storage 200 ft from property lines and rights-of-way and 500 ft from off-site occupied structures unless waived; 55 dBA day and 50 dBA night noise limits; RE overlay rezoning and a passing score on the county's solar scorecard. Concentrating solar power is prohibited, and fenced arrays over 160 acres need a wildlife corridor.",https://www.cleanenergydistricts.org/wp-content/uploads/2024/03/Linn-County-Utility-Scale-Solar-Siting-Ordinance.pdf,setback,setback; overlay_zone; noise_limit,"setback: solar panels, structures and electrical equipment (excluding fences and interconnection lines) 300 ft from dwellings unless the owner waives it in writing (recorded); 120 ft from the centerline of perennial stream corridors and open ditches; 50 ft from property lines in the Renewable Energy overlay district (may be reduced to zero next to another overlay use). Battery energy storage: 200 ft from a property line or right-of-way; 500 ft from the nearest property line including an occupied structure off the subject property, reducible to 200 ft by a recorded, notarized waiver from that owner; 120 ft from perennial stream corridors and open ditches; sited inside a new solar facility when built with one. overlay_zone: rezoning to the Renewable Energy overlay district and the minimum passing threshold on the Linn County Utility Scale Solar Scorecard. noise_limit: hourly average 55 dBA by day (sunrise to sunset) and 50 dBA at night (sunset to sunrise) at the occupied dwelling of an adjacent residential property, or ambient Leq plus 5 dBA where ambient is higher; neighbours may waive in writing. Other: concentrating solar power (CSP) systems prohibited; fenced array areas over 160 acres require a wildlife corridor; panels at least 24 in. above ground at maximum tilt.",2023-09-20,,,,active,,,,,,"Solar panels, structures, and electrical equipment, excluding fences and power lines for interconnection, shall be kept a minimum of three hundred (300) feet from dwellings, unless the property owner waives the setback. Waiver must be in writing and recorded.",opened,,instrument,q_82dfad9133
web_research_2026-10-09,,2026-10-09,contested_project,pending,"Found in the step 4 first pass for Linn County, IA (19113). Also located, not read: county release https://www.linncountyiowa.gov/CivicAlerts.aspx?AID=2628 (Jan. 25, 2022); KWWL on the postponed final consideration https://www.kwwl.com/news/top-stories/linn-county-board-of-supervisors-postpone-final-consideration-of-rezoning-ordinance-for-solar-project/article_81a088ba-78de-11ec-962b-fb2a3e8bd08e.html . No opposition group was named in the text seen. Whether the project was built is not known. Open the article (or the county release) and set access before promotion.",IA,Linn County,,,Coggon Solar,solar,,"Clenera's proposed 100 MW, roughly 750-acre Coggon Solar project west of Coggon drew organized opposition over prime farmland. The Planning and Zoning Commission voted 6-1 on Nov. 29, 2021 to recommend denying the rezoning; the Board of Supervisors approved it 2-1 on third reading Jan. 24, 2022, after adding conditions (a 950 ft soft setback for non-participating landowners, panels at least 28 in. above ground at the leading edge, vegetative screening for homes within 1,000 ft, a full-cost decommissioning bond). More than 40 speakers commented at the public session, for and against.",https://corridorbusiness.com/linn-supervisors-give-green-light-to-coggon-solar-project/,,,,,,public_hearing,2021-11-29,approved_after_opposition,,,,,,Search-index text (2026-10-09): the Planning & Zoning Commission voted 6-1 to recommend denial of the rezoning request; the board voted 2-1 Jan. 24 to approve the third and final reading of a rezoning request for a utility-scale solar project west of Coggon.,snippet,,news,
web_research_2026-10-09,,2026-10-09,restriction,pending,"Found in the step 4 first pass for Cherokee County, KS (20021). Status left blank on purpose: the extended term ran to Sept. 9, 2025, and no later extension, lapse or replacement was found, so it stops promotion until someone reads the commission minutes. The source is an automated meeting summary (CitizenPortal), so it locates the instrument but cannot verify it; find the commission minutes or resolution.",KS,Cherokee County,,County,,solar,,"Cherokee County, Kansas extended its countywide moratorium on commercial solar energy projects to Sept. 9, 2025, by a commission vote on Sept. 9, 2024 with one commissioner opposed, while it debated countywide zoning.",https://citizenportal.ai/articles/8828225/kansas/cherokee-county/cherokee-county-extends-one-year-moratorium-on-commercial-solar-projects,,moratorium; extension,"moratorium: commercial solar energy projects, countywide; extended on 2024-09-09 to 2025-09-09. Original adoption date not found.",2024-09-09,,,,,,,,,,"Search-index text (2026-10-09): The Cherokee County Board of Commissioners voted Sept. 9 to extend a countywide moratorium on commercial solar energy projects until Sept. 9, 2025.",snippet,,tracker,
web_research_2026-10-09,,2026-10-09,restriction,pending,"Found in the step 4 first pass for Cherokee County, KS (20021). Adoption date not found (effective Dec. 22, 2025). Status left blank on purpose: the nine-month term ran to about Sept. 22, 2026 and no extension or replacement was found. Also located, not read: https://digital-release.fourstateshomepage.com/news/local/cherokee-countys-moratorium-affects-solar-project-plans/amp/ . A news article locates the instrument but cannot verify it; find the commission resolution or minutes.",KS,Cherokee County,,County,,battery_storage,,"Cherokee County, Kansas commissioners enacted a nine-month moratorium, effective Dec. 22, 2025 and passed 2-1, that prohibits the use of county resources for projects including nuclear power, battery storage systems, landfill stations and quarries, while a hired firm keeps collecting feedback for a comprehensive zoning plan. Clearway Energy, developer of the proposed Rainbow Springs Solar project, responded to it.",https://digital-release.fourstateshomepage.com/news/local/new-moratorium-in-cherokee-county-halts-specific-developments/amp/,,moratorium,"moratorium: nine months from 2025-12-22 on the use of Cherokee County resources for nuclear power, battery storage systems, landfill stations and quarries. Whether it reaches solar is not stated in the text seen.",,2025-12-22,,,,,,,,,"Search-index text (2026-10-09): Effective Dec. 22, the nine-month moratorium prohibits the use of Cherokee County resources for a range of projects, including nuclear power, battery storage systems, landfill stations, and quarries.",snippet,,news,
web_research_2026-10-09,,2026-10-09,contested_project,pending,"Found in the step 4 first pass for Cherokee County, KS (20021). Clearway's response and the project's size were not in the text seen. No opposition group was named. Open the article and set access before promotion.",KS,Cherokee County,,,Rainbow Springs Solar,solar,,"Clearway Energy's proposed Rainbow Springs Solar project in Cherokee County, Kansas was affected by the county's nine-month moratorium effective Dec. 22, 2025, adopted 2-1 while the county drafts comprehensive zoning; Clearway responded publicly to the commissioners' decision.",https://digital-release.fourstateshomepage.com/news/local/cherokee-countys-moratorium-affects-solar-project-plans/amp/,,,,,,,2025-12,proposed,,,,,,"Search-index text (2026-10-09): Clearway Energy, the company behind the proposed Rainbow Springs Solar Project in Cherokee County, has responded to the commissioner's decision to enact a new moratorium in late December.",snippet,,news,
data-center-map: Clarke County (master_opposition.csv row 70),,2026-10-09,restriction,pending,"Lead from data-center-map master_opposition.csv row 70 (Clarke County, 2025-06-23, 'data center and solar moratorium'; its source: https://clarkecounty.iowa.gov/wp-content/uploads/2025/07/6-23-2025.pdf). That June 23, 2025 instrument is Resolution #25-011, a data center moratorium only (its title, per Moratorium Nation ia-clarke-county-2025 and the agenda https://clarkecounty.iowa.gov/wp-content/uploads/2025/06/BOARD-AGENDA-6-23-25.pdf), so it is not queued. The solar moratorium is a separate, earlier instrument: source_url is the Dec. 16, 2024 minutes, located but not read (clarkecounty.iowa.gov is blocked from this session); agenda: https://clarkecounty.iowa.gov/wp-content/uploads/2024/12/BOARD-AGENDA-12-16-24.pdf . A wind moratorium was rescinded effective Oct. 1, 2025 (minutes https://clarkecounty.iowa.gov/wp-content/uploads/2025/09/9-22-25.pdf); not queued, being lifted. Status left blank: whether the solar moratorium is still in force was not found. Open the minutes, set status and access.",IA,Clarke County,,County,,solar,,"Clarke County, Iowa supervisors adopted Resolution #24-219 on Dec. 16, 2024, a temporary moratorium on the construction of commercial solar panels in the unincorporated areas of the county, until zoning ordinances could be updated.",https://clarkecounty.iowa.gov/wp-content/uploads/2025/01/12-16-2024.pdf,,moratorium,moratorium: construction of commercial solar panels in the unincorporated county; adopted 2024-12-16 as Resolution #24-219; no end date seen.,2024-12-16,,,,,,,,,,"Search-index text (2026-10-09): In December 2024, the board considered a resolution to establish a temporary moratorium on the construction of commercial solar panels in the unincorporated areas of Clarke County. That was adopted as Resolution #24-219 on December 16, 2024.",snippet,,minutes,
data-center-map: Mitchell County (master_opposition.csv row 191),,2026-10-09,restriction,pending,"Lead from data-center-map master_opposition.csv row 191 (Mitchell County, 2025-11, 'pause on data centers and solar pending regulations'; sources: https://mitchellcounty.iowa.gov/wp-content/uploads/Board-Proceedings-11-12-25.pdf ; https://mitchellcounty.iowa.gov/wp-content/uploads/Board-Proceedings-11-25-25.pdf ; https://insideclimatenews.org/news/01032026/iowa-county-data-center-ordinance/). The Nov. 25, 2025 instrument (Resolution #1336-25, to Dec. 31, 2026) covers data centers only (Moratorium Nation ia-mitchell-county-2025), so it is not queued. The solar moratorium detail comes from https://citizenportal.ai/articles/7244145/iowa/mitchell-county/mitchell-county-imposes-ninemonth-moratorium-on-utilityscale-solar-projects (an automated summary); source_url is the Nov. 12 proceedings, located but not read. Feb. 24, 2026 proceedings mention solar ordinance workshops (https://mitchellcounty.iowa.gov/wp-content/uploads/Board-Proceedings-02-24-26.pdf). Status left blank: the nine-month term ran to about Aug. 12, 2026 and no extension or replacement was found.",IA,Mitchell County,,County,,solar,,"Mitchell County, Iowa supervisors adopted a nine-month moratorium on development, construction and permit applications for utility-scale solar systems (1 MW and up) on Nov. 12, 2025, unanimously, to give planners time to write an ordinance.",https://mitchellcounty.iowa.gov/wp-content/uploads/Board-Proceedings-11-12-25.pdf,,moratorium,"moratorium: development, construction and permit applications for utility-scale solar systems of 1 MW or more; nine months from 2025-11-12 (Resolution 1326-25 per an automated meeting summary; number not confirmed in the minutes).",2025-11-12,,,,,,,,,,"Search-index text (2026-10-09): the board adopted Resolution 1326-25 that day, imposing a nine-month moratorium on development, construction and permit applications for utility-scale solar systems (1 MW+).",snippet,,minutes,
data-center-map: Logan County (master_opposition.csv row 167),,2026-10-09,restriction,pending,"Lead from data-center-map master_opposition.csv row 167 (Logan County, 2025-10-21; sources: https://www.journal-advocate.com/2025/10/22/county-imposes-6-month-moratorium-on-solar-wind-data-center-and-battery-storage-permits/ ; https://www.govtech.com/infrastructure/logan-county-colo-pauses-future-energy-data-center-projects). Moratorium Nation has it as co-logan-county-2025 with enacted_status replaced, which fetch_moratorium_nation.py excludes, so it is not a duplicate of a published row. Status lifted: replaced by Resolutions 2026-4, 2026-5 (data centers), 2026-6 and 2026-11 (per Moratorium Nation and data-center-map row 743), so it is recorded but never published. The replacement solar, wind and battery storage regulations are restrictions in their own right; their setbacks were not seen, so they are not queued. source_url is the signed Oct. 21, 2025 minutes, located but not read.",CO,Logan County,,County,,solar;wind;battery_storage,,"Logan County, Colorado commissioners adopted Resolution 2025-25 on Oct. 21, 2025, 3-0: a 180-day moratorium on permits for community solar gardens, wind power, data centers and battery energy storage systems while the county wrote rules. It was replaced before the term ran out by permanent regulations: Resolution 2026-4 (battery storage) and 2026-6 (solar), effective Feb. 17, 2026, and Resolution 2026-11 (wind), adopted Apr. 7, 2026.",https://logancounty.colorado.gov/sites/logancounty/files/October%2021%2C%202025%20Signed.pdf,,moratorium,"moratorium: permits for community solar gardens, wind power, data centers and battery energy storage systems; 180 days from 2025-10-21; each part lifted when its regulations were adopted.",2025-10-21,,,,lifted,,,,,,"Search-index text (2026-10-09): Commissioner Yahn moved to approve Resolution 2025-25 ... for 180 days. Commissioner Santomaso seconded, and the motion carried 3-0.",snippet,,minutes,
data-center-map: Jay County (master_opposition.csv row 1161),,2026-10-09,restriction,pending,"Lead from data-center-map master_opposition.csv row 1161 (Jay County, 2026-05-11; source: https://www.thecr.com/news/rules-approved-for-data-centers-and-battery-storage/article_d1e08843-27f1-4d1a-8ef3-742607be0bad.html). Copy at https://now.solar/2026/05/12/rules-approved-for-data-centers-and-battery-storage-the-commercial-review/ . A news article locates the ordinance but does not verify it: find the ordinance or the commissioners' May 11, 2026 minutes. Not queued for want of their values: the amended commercial solar and wind ordinances. The 2025 one-year moratoria on wind, solar and battery storage (The Commercial Review, https://thecr.com/news/2025/apr/28/moratoriums-put-in-place and https://thecr.com/news/2025/may/09/more-moratoriums) were repealed or ended on May 11, 2026, and are not in this dataset.",IN,Jay County,,County,,battery_storage,,"Jay County, Indiana commissioners approved a battery storage ordinance on May 11, 2026, after a public hearing: facilities 500 ft from property lines, equipment inside a 7-ft security fence set back 50 ft, and allowed only in agricultural-residential zones by special exception from the Board of Zoning Appeals. The same day they approved a data center ordinance, amended the commercial solar and wind ordinances, and repealed the one-year moratoria on new wind, solar and battery storage developments.",https://www.thecr.com/news/rules-approved-for-data-centers-and-battery-storage/article_d1e08843-27f1-4d1a-8ef3-742607be0bad.html,,setback; zoning restriction,"setback: battery storage facilities 500 ft from property lines; equipment enclosed by a 7-ft security fence set back 50 ft from the property line; setbacks may be waived in writing by adjoining landowners. zoning restriction: permitted only in agricultural-residential zones with a special exception from the Jay County Board of Zoning Appeals. Permit fee $2,500 per MW.",2026-05-11,,,,active,,,,,,Search-index text (2026-10-09): Facilities must keep 500-foot setbacks from property lines. Equipment must be enclosed within a 7-foot security fence set back 50 feet from the property line.,snippet,,news,
data-center-map: Goodyear (master_opposition.csv row 1734),,2026-10-09,restriction,pending,"Lead from data-center-map master_opposition.csv row 1734 (Goodyear, 2026-07-06; source: https://www.westvalleyview.com/news/goodyear-updates-zoning-ordinance/article_77028a57-b824-4794-92f5-f981749e0570.html). source_url is the ordinance with its exhibit from the July 6, 2026 council packet, located but not read; staff presentation: https://public.destinyhosted.com/goodydocs/2026/CC/20260706_2200/3175_CC_Staff_Presentation_ZO_update.pdf . The BESS description comes from search summaries of the draft; confirm the adopted text and its separation distances, which would decide the severity.",AZ,Maricopa County,Goodyear,City,,battery_storage,,"Goodyear, Arizona adopted a rewritten zoning ordinance (Ordinance No. 2026-1652) on July 6, 2026, effective 30 days later, replacing its 1999 code. Battery energy storage systems are allowed only with a special use permit in the light and general industrial park districts, with minimum separation standards from other uses and standards for noise, hazard mitigation, emergency response and decommissioning.",https://public.destinyhosted.com/goodydocs/2026/CC/20260706_2200/3175_Ordinance_No._2026-1652_with_Exhibit.pdf,,zoning restriction,"zoning restriction: battery energy storage systems only with a special use permit in the light and general industrial park districts, with minimum separation standards from other uses; separation distances and noise limits not read.",2026-07-06,,,,active,,,,,,"Search-index text (2026-10-09): The draft would allow BESS with a special use permit in the light and general industrial park districts, with minimum separation standards from other uses.",snippet,,instrument,
data-center-map: Ada County (master_opposition.csv row 39),,2026-10-09,restriction,pending,"Lead from data-center-map master_opposition.csv row 39 (Ada County, 2025-11, 'zoning code update'; sources include https://adacounty.id.gov/blog/news/zoning-ordinance-update-public-hearing/ ; that row concerns data centers). It does restrict renewables: the solar farmland rule above, stated by the commissioners in an Idaho Press guest commentary (https://www.idahopress.com/guest-commentary-ada-county-balancing-community-needs-with-property-rights/article_b4d25663-b8e1-4556-ab92-91f985b88286.html). adopted_date left blank: the final adoption date and ordinance number were not found (BoiseDev said a final code vote was expected in October 2025; one report says the board reopened deliberations Oct. 7). County page: https://adacounty.id.gov/developmentservices/solar-farms-zoning-ordinance-amendment/ . Find the adopted ordinance.",ID,Ada County,,County,,solar,,"Ada County, Idaho's rewritten zoning ordinance bars solar facilities in the unincorporated county from prime farmland and from farmland of statewide or local importance unless the land is shown not to be economically viable for agriculture. Commissioners voted 2-1 for the solar standards in September 2025 (application 20240258-ZOA), after opposition to the Powers Butte solar project near Kuna.",https://boisedev.com/news/2025/09/11/solar-rules-ada/,,ag_land_exclusion,"ag_land_exclusion: no solar facility on prime farmland or farmland of statewide or local importance unless the land is shown not economically viable for agriculture. Setbacks, decommissioning and a possible overlay district were left to later language; values not seen.",,,,,active,,,,,,"Search-index text (2026-10-09): commissioners voted 2-1 to adopt a new set of standards regulating solar panels, going beyond staff's original prime-farmland proposal.",snippet,,news,
web_research_2026-10-09,,2026-10-09,restriction,pending,"Found while checking the data-center-map lead for Breckinridge County (row 220), whose Nov. 2025 instrument is a data center moratorium only (Ordinance 2025-1117A; Moratorium Nation ky-breckinridge-county-2025). Status left blank: after the Court of Appeals ruling (date not seen) the ordinance may be unenforceable; read the ruling (https://www.messenger-inquirer.com/breck_herald/news/court-of-appeals-overturns-county-solar-ordinance/article_2d11a8f4-cb2b-5f06-b69d-0018365e6284.html) and the ordinance. PSC comment on the ordinance: https://psc.ky.gov/pscecf/2024-00253/Public%20Comments//20250319_Breckinridge_re_Ordinance_031725.pdf . The Court of Appeals case is a case candidate too.",KY,Breckinridge County,,County,,solar,,"Breckinridge County, Kentucky fiscal court approved a replacement solar ordinance on second reading on Feb. 17, 2025, 4-3, with setbacks the county judge-executive said amounted to banning other solar fields. Clover Creek Solar challenged it; the circuit court upheld the ordinance and the Kentucky Court of Appeals later reversed that decision in the solar company's favor.",https://www.messenger-inquirer.com/breck_herald/news/fiscal-court-adopts-updated-solar-ordinance/article_fc2a00cd-bb15-56d2-b3e9-dc446ec56464.html,,setback,setback: values not in the text seen. Penalty: a fine of $100 to $500 per day of violation.,2025-02-17,,,,,,,,,,"Search-index text (2026-10-09): the second reading was approved on Feb. 17, 2025 on a 4-3 vote; Judge Executive Maurice Lucas said they amounted to basically you're banning any other solar fields to come in.",snippet,,news,
