record_id,kind,state,name,technology,status,edition_status,what_to_check,candidates_2026,crosswalk_basis
REC-0017,2025 record,CA,CA (state),"wind,solar,storage",in_force,not_in_latest_edition,"not found in the September 2026 edition: check whether it was lifted, merged or renamed, then set review_decision",,
REC-0019,2025 record,CA,Del Norte,wind,in_force,crosswalk_ambiguous,"several 2026 entries could be this record: choose one in review_decision, or none",S26R-6249 Crescent City (2.00),"only same county, entry at town or township level: a reviewer decides"
REC-0029,2025 record,CO,CO (state),"wind,solar",in_force,not_in_latest_edition,"not found in the September 2026 edition: check whether it was lifted, merged or renamed, then set review_decision",,
REC-0036,2025 record,CT,CT (state),"wind,solar",in_force,not_in_latest_edition,"not found in the September 2026 edition: check whether it was lifted, merged or renamed, then set review_decision",,
REC-0049,2025 record,FL,2024 Florida Statutes 377.708,wind,in_force,not_in_latest_edition,"not found in the September 2026 edition: check whether it was lifted, merged or renamed, then set review_decision",,
REC-0050,2025 record,FL,Alachua County,,lifted,not_in_latest_edition,"not found in the September 2026 edition: check whether it was lifted, merged or renamed, then set review_decision",,
REC-0051,2025 record,FL,Alachua County,solar,lifted,not_in_latest_edition,"not found in the September 2026 edition: check whether it was lifted, merged or renamed, then set review_decision",,
REC-0066,2025 record,HI,Honolulu City,wind,in_force,not_in_latest_edition,"not found in the September 2026 edition: check whether it was lifted, merged or renamed, then set review_decision",,
REC-0502,2025 record,IA,IA (state),wind,unknown,not_in_latest_edition,"not found in the September 2026 edition: check whether it was lifted, merged or renamed, then set review_decision",,
REC-0074,2025 record,IL,IL (state),"wind,solar",in_force,not_in_latest_edition,"not found in the September 2026 edition: check whether it was lifted, merged or renamed, then set review_decision",,
REC-0075,2025 record,IL,Public Law 102-1123,"wind, solar",in_force,not_in_latest_edition,"not found in the September 2026 edition: check whether it was lifted, merged or renamed, then set review_decision",,
REC-0083,2025 record,IL,"Effingham County, Village of Teutopolis",wind,in_force,not_in_latest_edition,"not found in the September 2026 edition: check whether it was lifted, merged or renamed, then set review_decision",,
REC-0499,2025 record,IL,IL (state),"wind, solar",unknown,not_in_latest_edition,"not found in the September 2026 edition: check whether it was lifted, merged or renamed, then set review_decision",,
REC-0089,2025 record,IN,Clinton,wind,in_force,not_in_latest_edition,"not found in the September 2026 edition: check whether it was lifted, merged or renamed, then set review_decision",,
REC-0101,2025 record,IN,Montgomery,"wind, solar",in_force,not_in_latest_edition,"not found in the September 2026 edition: check whether it was lifted, merged or renamed, then set review_decision",,
REC-0119,2025 record,KS,Tallgrass Heartland Wind Moratorium,wind,in_force,not_in_latest_edition,"not found in the September 2026 edition: check whether it was lifted, merged or renamed, then set review_decision",,
REC-0128,2025 record,KS,Labette,,in_force,not_in_latest_edition,"not found in the September 2026 edition: check whether it was lifted, merged or renamed, then set review_decision",,
REC-0134,2025 record,KS,Pawnee,solar,in_force,not_in_latest_edition,"not found in the September 2026 edition: check whether it was lifted, merged or renamed, then set review_decision",,
REC-0135,2025 record,KS,Prairie,wind,in_force,not_in_latest_edition,"not found in the September 2026 edition: check whether it was lifted, merged or renamed, then set review_decision",,
REC-0138,2025 record,KY,Boyle County,solar,in_force,crosswalk_ambiguous,"several 2026 entries could be this record: choose one in review_decision, or none",S26R-6042 Boyle County (1.00),best candidate has no mechanism in common: a reviewer decides
REC-0142,2025 record,KY,Meade County,solar,in_force,crosswalk_ambiguous,"several 2026 entries could be this record: choose one in review_decision, or none",S26R-6033 Meade County (1.00),best candidate has no mechanism in common: a reviewer decides
REC-0187,2025 record,MA,Town of Northfield,"solar, storage",in_force,not_in_latest_edition,"not found in the September 2026 edition: check whether it was lifted, merged or renamed, then set review_decision",,
REC-0171,2025 record,MD,MD (state),solar,unknown,not_in_latest_edition,"not found in the September 2026 edition: check whether it was lifted, merged or renamed, then set review_decision",,
REC-0173,2025 record,MD,Anne Arundel,"wind, solar",in_force,not_in_latest_edition,"not found in the September 2026 edition: check whether it was lifted, merged or renamed, then set review_decision",,
REC-0176,2025 record,MD,Somerset,wind,in_force,not_in_latest_edition,"not found in the September 2026 edition: check whether it was lifted, merged or renamed, then set review_decision",,
REC-0161,2025 record,ME,Albion,"solar, transmission",in_force,crosswalk_ambiguous,"several 2026 entries could be this record: choose one in review_decision, or none",S26R-6011 Town of Albion (2.50); S26R-6012 Town of Albion (2.50),2 candidates within 0.75 of each other
REC-0166,2025 record,ME,Dexter,solar,in_force,not_in_latest_edition,"not found in the September 2026 edition: check whether it was lifted, merged or renamed, then set review_decision",,
REC-0195,2025 record,MI,MI (state),"wind,solar",in_force,not_in_latest_edition,"not found in the September 2026 edition: check whether it was lifted, merged or renamed, then set review_decision",,
REC-0201,2025 record,MI,Beaver Township,"wind, solar",in_force,crosswalk_ambiguous,"several 2026 entries could be this record: choose one in review_decision, or none",S26R-5950 Beaver Township (2.50); S26R-5951 Beaver Township (2.50),2 candidates within 0.75 of each other
REC-0209,2025 record,MI,Conway Township,"wind, solar",in_force,crosswalk_ambiguous,"several 2026 entries could be this record: choose one in review_decision, or none",S26R-5910 Conway Township (2.50); S26R-5913 Conway Township (2.50),2 candidates within 0.75 of each other
REC-0211,2025 record,MN,MN (state),wind,in_force,not_in_latest_edition,"not found in the September 2026 edition: check whether it was lifted, merged or renamed, then set review_decision",,
REC-0212,2025 record,MN,Minnesota Energy Infrastructure Permiung Act,,in_force,not_in_latest_edition,"not found in the September 2026 edition: check whether it was lifted, merged or renamed, then set review_decision",,
REC-0305,2025 record,NC,NC (state),"wind,solar",in_force,not_in_latest_edition,"not found in the September 2026 edition: check whether it was lifted, merged or renamed, then set review_decision",,
REC-0311,2025 record,NC,Herndon,solar,in_force,not_in_latest_edition,"not found in the September 2026 edition: check whether it was lifted, merged or renamed, then set review_decision",,
REC-0323,2025 record,ND,Grand Forks County,wind,in_force,crosswalk_ambiguous,"several 2026 entries could be this record: choose one in review_decision, or none",S26R-5642 Grand Forks County (1.00),best candidate has no mechanism in common: a reviewer decides
REC-0324,2025 record,ND,McLean County,"wind, transmission",in_force,crosswalk_ambiguous,"several 2026 entries could be this record: choose one in review_decision, or none",S26R-5640 McLean County (2.33),"S26R-5640 is the best match for 2 2025 records (REC-0324, REC-0325)"
REC-0325,2025 record,ND,McLean County,solar,in_force,crosswalk_ambiguous,"several 2026 entries could be this record: choose one in review_decision, or none",S26R-5640 McLean County (2.50),"S26R-5640 is the best match for 2 2025 records (REC-0324, REC-0325)"
REC-0326,2025 record,ND,McLean County,wind,in_force,not_in_latest_edition,"not found in the September 2026 edition: check whether it was lifted, merged or renamed, then set review_decision",,
REC-0248,2025 record,NE,Gage County,"wind, solar",in_force,crosswalk_ambiguous,"several 2026 entries could be this record: choose one in review_decision, or none",S26R-5789 Gage County (1.50); S26R-5790 Gage County (1.50),2 candidates within 0.75 of each other
REC-0266,2025 record,NH,NH (state),,in_force,not_in_latest_edition,"not found in the September 2026 edition: check whether it was lifted, merged or renamed, then set review_decision",,
REC-0267,2025 record,NH,Town of Canaan,wind,in_force,not_in_latest_edition,"not found in the September 2026 edition: check whether it was lifted, merged or renamed, then set review_decision",,
REC-0273,2025 record,NJ,NJ (state),"wind,solar",in_force,not_in_latest_edition,"not found in the September 2026 edition: check whether it was lifted, merged or renamed, then set review_decision",,
REC-0274,2025 record,NJ,Atlantic County,wind,in_force,not_in_latest_edition,"not found in the September 2026 edition: check whether it was lifted, merged or renamed, then set review_decision",,
REC-0275,2025 record,NJ,Middletown Township,wind,in_force,not_in_latest_edition,"not found in the September 2026 edition: check whether it was lifted, merged or renamed, then set review_decision",,
REC-0283,2025 record,NM,NM (state),"wind,solar",in_force,not_in_latest_edition,"not found in the September 2026 edition: check whether it was lifted, merged or renamed, then set review_decision",,
REC-0254,2025 record,NV,Nye County,"solar, wind",in_force,crosswalk_ambiguous,"several 2026 entries could be this record: choose one in review_decision, or none",S26R-5762 Nye County (1.00),best candidate has no mechanism in common: a reviewer decides
REC-0256,2025 record,NV,Bajle Born Solar Project,solar,cancelled,not_in_latest_edition,"not found in the September 2026 edition: check whether it was lifted, merged or renamed, then set review_decision",,
REC-0261,2025 record,NV,Dixie Valley Geothermal Project,geothermal,pending,not_in_latest_edition,"not found in the September 2026 edition: check whether it was lifted, merged or renamed, then set review_decision",,
REC-0264,2025 record,NV,Gerlach Geothermal ExploraDon Project,geothermal,pending,not_in_latest_edition,"not found in the September 2026 edition: check whether it was lifted, merged or renamed, then set review_decision",,
REC-0290,2025 record,NY,NY (state),"wind,solar,storage,transmission,hydro",in_force,not_in_latest_edition,"not found in the September 2026 edition: check whether it was lifted, merged or renamed, then set review_decision",,
REC-0291,2025 record,NY,Pub. Auth. Law. § 1005(27-a)(b),"solar, wind",in_force,not_in_latest_edition,"not found in the September 2026 edition: check whether it was lifted, merged or renamed, then set review_decision",,
REC-0296,2025 record,NY,Niagara,solar,in_force,crosswalk_ambiguous,"several 2026 entries could be this record: choose one in review_decision, or none",S26R-5723 Town of Lockport (1.50); S26R-5720 Town of Porter (1.00); S26R-5722 Town of Hartland (1.00); S26R-5721 Town of Niagara (0.50),"only same county, entry at town or township level: a reviewer decides"
REC-0298,2025 record,NY,Clinton,wind,in_force,crosswalk_ambiguous,"several 2026 entries could be this record: choose one in review_decision, or none",S26R-5741 Town of Clinton (1.00),best candidate has no mechanism in common: a reviewer decides
REC-0302,2025 record,NY,Enfield,"wind, solar",in_force,crosswalk_ambiguous,"several 2026 entries could be this record: choose one in review_decision, or none",S26R-5682 Town of Enfield (2.00); S26R-5683 Town of Enfield (1.50),2 candidates within 0.75 of each other
REC-0304,2025 record,NY,Florida,"solar, wind",in_force,not_in_latest_edition,"not found in the September 2026 edition: check whether it was lifted, merged or renamed, then set review_decision",,
REC-0497,2025 record,NY,NY (state),"wind, solar",unknown,not_in_latest_edition,"not found in the September 2026 edition: check whether it was lifted, merged or renamed, then set review_decision",,
REC-0336,2025 record,OH,OH (state),"wind,solar",in_force,not_in_latest_edition,"not found in the September 2026 edition: check whether it was lifted, merged or renamed, then set review_decision",,
REC-0344,2025 record,OH,Clermont County,"wind, solar",in_force,crosswalk_ambiguous,"several 2026 entries could be this record: choose one in review_decision, or none","S26R-5628 Batavia, Jackson, Monroe, Stonelick, Tate, Washington, and Williamsburg Townships (3.00)","only same county, entry at town or township level: a reviewer decides"
REC-0350,2025 record,OH,Greene County,"wind, solar",in_force,crosswalk_ambiguous,"several 2026 entries could be this record: choose one in review_decision, or none","S26R-5620 Cedarville, Jefferson, Ross, Sugarcreek, and Xenia Townships (3.00)","only same county, entry at town or township level: a reviewer decides"
REC-0354,2025 record,OH,Licking County,"wind, solar",in_force,crosswalk_ambiguous,"several 2026 entries could be this record: choose one in review_decision, or none","S26R-5616 Hanover, Licking, St. Albans, Union and Washington (3.00)","only same county, entry at town or township level: a reviewer decides"
REC-0356,2025 record,OK,OK (state),"wind,solar",in_force,not_in_latest_edition,"not found in the September 2026 edition: check whether it was lifted, merged or renamed, then set review_decision",,
REC-0358,2025 record,OK,Owasso,wind,in_force,crosswalk_ambiguous,"several 2026 entries could be this record: choose one in review_decision, or none",S26R-5600 City of Owasso (1.00),best candidate has no mechanism in common: a reviewer decides
REC-0359,2025 record,OK,Yukon,wind,in_force,crosswalk_ambiguous,"several 2026 entries could be this record: choose one in review_decision, or none",S26R-5602 City of Yukon (1.00),best candidate has no mechanism in common: a reviewer decides
REC-0365,2025 record,OR,Department of Land Conservation and Development Solar Siting Rules,solar,in_force,not_in_latest_edition,"not found in the September 2026 edition: check whether it was lifted, merged or renamed, then set review_decision",,
REC-0376,2025 record,PA,PA (state),"wind,solar",in_force,not_in_latest_edition,"not found in the September 2026 edition: check whether it was lifted, merged or renamed, then set review_decision",,
REC-0377,2025 record,PA,Pennsylvania Game Commission Moratorium,wind,in_force,not_in_latest_edition,"not found in the September 2026 edition: check whether it was lifted, merged or renamed, then set review_decision",,
REC-0380,2025 record,PA,Smith Township,solar,in_force,not_in_latest_edition,"not found in the September 2026 edition: check whether it was lifted, merged or renamed, then set review_decision",,
REC-0384,2025 record,PA,Cuffs Run Pumped Storage Project,hydro,pending,not_in_latest_edition,"not found in the September 2026 edition: check whether it was lifted, merged or renamed, then set review_decision",,
REC-0387,2025 record,PA,Firefly Solar Project,solar,pending,not_in_latest_edition,"not found in the September 2026 edition: check whether it was lifted, merged or renamed, then set review_decision",,
REC-0498,2025 record,PA,PA (state),solar,unknown,not_in_latest_edition,"not found in the September 2026 edition: check whether it was lifted, merged or renamed, then set review_decision",,
REC-0389,2025 record,RI,"2023-S 0684A, 2023-H 5853A",solar,in_force,not_in_latest_edition,"not found in the September 2026 edition: check whether it was lifted, merged or renamed, then set review_decision",,
REC-0392,2025 record,RI,Foster,wind,pending,not_in_latest_edition,"not found in the September 2026 edition: check whether it was lifted, merged or renamed, then set review_decision",,
REC-0394,2025 record,SC,Calhoun County,solar,in_force,crosswalk_ambiguous,"several 2026 entries could be this record: choose one in review_decision, or none",S26R-5531 Calhoun County (2.00),"S26R-5531 is the best match for 2 2025 records (REC-0394, REC-0395)"
REC-0395,2025 record,SC,Calhoun County,solar,in_force,crosswalk_ambiguous,"several 2026 entries could be this record: choose one in review_decision, or none",S26R-5531 Calhoun County (3.00),"S26R-5531 is the best match for 2 2025 records (REC-0394, REC-0395)"
REC-0399,2025 record,SD,Letcher Township,wind,in_force,crosswalk_ambiguous,"several 2026 entries could be this record: choose one in review_decision, or none",S26R-6264 Letcher Township (3.00),"S26R-6264 is the best match for 2 2025 records (REC-0399, REC-0408)"
REC-0400,2025 record,SD,Lincoln County,wind,in_force,not_in_latest_edition,"not found in the September 2026 edition: check whether it was lifted, merged or renamed, then set review_decision",,
REC-0402,2025 record,SD,Walworth County,wind,in_force,not_in_latest_edition,"not found in the September 2026 edition: check whether it was lifted, merged or renamed, then set review_decision",,
REC-0406,2025 record,SD,Beulah Township,wind,lifted,not_in_latest_edition,"not found in the September 2026 edition: check whether it was lifted, merged or renamed, then set review_decision",,
REC-0408,2025 record,SD,Letcher Township,wind,in_force,crosswalk_ambiguous,"several 2026 entries could be this record: choose one in review_decision, or none",S26R-6264 Letcher Township (3.00),"S26R-6264 is the best match for 2 2025 records (REC-0399, REC-0408)"
REC-0409,2025 record,SD,National Grid Renewables McCook County Solar Farm,solar,pending,not_in_latest_edition,"not found in the September 2026 edition: check whether it was lifted, merged or renamed, then set review_decision",,
REC-0411,2025 record,TN,TN (state),"wind,solar",in_force,not_in_latest_edition,"not found in the September 2026 edition: check whether it was lifted, merged or renamed, then set review_decision",,
REC-0418,2025 record,TX,TX (state),"wind,solar",in_force,not_in_latest_edition,"not found in the September 2026 edition: check whether it was lifted, merged or renamed, then set review_decision",,
REC-0419,2025 record,TX,Balch Springs,wind,in_force,crosswalk_ambiguous,"several 2026 entries could be this record: choose one in review_decision, or none",S26R-5509 City of Balch Springs (1.00),best candidate has no mechanism in common: a reviewer decides
REC-0422,2025 record,TX,Burleson,wind,in_force,crosswalk_ambiguous,"several 2026 entries could be this record: choose one in review_decision, or none",S26R-5488 City of Burleson (3.00); S26R-5498 City of Burleson (3.00),2 candidates within 0.75 of each other
REC-0424,2025 record,TX,Garland,wind,in_force,crosswalk_ambiguous,"several 2026 entries could be this record: choose one in review_decision, or none",S26R-5492 City of Garland (3.00); S26R-5507 City of Garland (3.00); S26R-5510 City of Garland (3.00),3 candidates within 0.75 of each other
REC-0425,2025 record,TX,Grand Prairie,wind,in_force,crosswalk_ambiguous,"several 2026 entries could be this record: choose one in review_decision, or none",S26R-5490 City of Grand Prairie (2.00); S26R-5504 City of Grand Prairie (2.00); S26R-5508 City of Grand Prairie (2.00),3 candidates within 0.75 of each other
REC-0431,2025 record,TX,Waller,"wind, solar",in_force,crosswalk_ambiguous,"several 2026 entries could be this record: choose one in review_decision, or none",S26R-5486 City of Waller (2.50); S26R-5500 City of Waller (2.50),2 candidates within 0.75 of each other
REC-0449,2025 record,VA,Augusta County,solar,in_force,crosswalk_ambiguous,"several 2026 entries could be this record: choose one in review_decision, or none",S26R-5470 Augusta County (1.00),best candidate has no mechanism in common: a reviewer decides
REC-0452,2025 record,VA,Charloje County,solar,lifted,not_in_latest_edition,"not found in the September 2026 edition: check whether it was lifted, merged or renamed, then set review_decision",,
REC-0500,2025 record,VA,VA (state),solar,unknown,not_in_latest_edition,"not found in the September 2026 edition: check whether it was lifted, merged or renamed, then set review_decision",,
REC-0438,2025 record,VT,VT (state),wind,in_force,not_in_latest_edition,"not found in the September 2026 edition: check whether it was lifted, merged or renamed, then set review_decision",,
REC-0439,2025 record,VT,"Caledonia, Essex, Orleans Counties",wind,pending,not_in_latest_edition,"not found in the September 2026 edition: check whether it was lifted, merged or renamed, then set review_decision",,
REC-0441,2025 record,VT,Brandon,solar,pending,not_in_latest_edition,"not found in the September 2026 edition: check whether it was lifted, merged or renamed, then set review_decision",,
REC-0442,2025 record,VT,"Holland, Town of",wind,cancelled,not_in_latest_edition,"not found in the September 2026 edition: check whether it was lifted, merged or renamed, then set review_decision",,
REC-0443,2025 record,VT,"Castleton, Town of",wind,cancelled,not_in_latest_edition,"not found in the September 2026 edition: check whether it was lifted, merged or renamed, then set review_decision",,
REC-0476,2025 record,WI,Manitowoc County,wind,in_force,not_in_latest_edition,"not found in the September 2026 edition: check whether it was lifted, merged or renamed, then set review_decision",,
REC-0482,2025 record,WI,Green Valley,wind,in_force,not_in_latest_edition,"not found in the September 2026 edition: check whether it was lifted, merged or renamed, then set review_decision",,
REC-0486,2025 record,WI,Lowville,wind,in_force,not_in_latest_edition,"not found in the September 2026 edition: check whether it was lifted, merged or renamed, then set review_decision",,
REC-0488,2025 record,WI,Deerfield,solar,in_force,not_in_latest_edition,"not found in the September 2026 edition: check whether it was lifted, merged or renamed, then set review_decision",,
REC-0471,2025 record,WV,WV (state),wind,in_force,not_in_latest_edition,"not found in the September 2026 edition: check whether it was lifted, merged or renamed, then set review_decision",,
REC-0496,2025 record,WY,WY (state),"wind, solar",unknown,not_in_latest_edition,"not found in the September 2026 edition: check whether it was lifted, merged or renamed, then set review_decision",,
REC-0501,2025 record,WY,,"wind, solar",unknown,not_in_latest_edition,"not found in the September 2026 edition: check whether it was lifted, merged or renamed, then set review_decision",,
S26R-6249,2026 entry held,CA,Crescent City,wind,in_force,held,a candidate for ambiguous 2025 record(s) REC-0019: set review_decision in the crosswalk,,
S26R-6033,2026 entry held,KY,Meade County,solar,in_force,held,a candidate for ambiguous 2025 record(s) REC-0142: set review_decision in the crosswalk,,
S26R-6042,2026 entry held,KY,Boyle County,solar,in_force,held,a candidate for ambiguous 2025 record(s) REC-0138: set review_decision in the crosswalk,,
S26R-6011,2026 entry held,ME,Town of Albion,transmission,expired,held,a candidate for ambiguous 2025 record(s) REC-0161: set review_decision in the crosswalk,,
S26R-6012,2026 entry held,ME,Town of Albion,solar,in_force,held,a candidate for ambiguous 2025 record(s) REC-0161: set review_decision in the crosswalk,,
S26R-5910,2026 entry held,MI,Conway Township,solar,in_force,held,a candidate for ambiguous 2025 record(s) REC-0209: set review_decision in the crosswalk,,
S26R-5913,2026 entry held,MI,Conway Township,wind,in_force,held,a candidate for ambiguous 2025 record(s) REC-0209: set review_decision in the crosswalk,,
S26R-5950,2026 entry held,MI,Beaver Township,solar,in_force,held,a candidate for ambiguous 2025 record(s) REC-0201: set review_decision in the crosswalk,,
S26R-5951,2026 entry held,MI,Beaver Township,wind,in_force,held,a candidate for ambiguous 2025 record(s) REC-0201: set review_decision in the crosswalk,,
S26R-5640,2026 entry held,ND,McLean County,"solar, transmission",expired,held,"a candidate for ambiguous 2025 record(s) REC-0324, REC-0325: set review_decision in the crosswalk",,
S26R-5642,2026 entry held,ND,Grand Forks County,wind,in_force,held,a candidate for ambiguous 2025 record(s) REC-0323: set review_decision in the crosswalk,,
S26R-5789,2026 entry held,NE,Gage County,solar,in_force,held,a candidate for ambiguous 2025 record(s) REC-0248: set review_decision in the crosswalk,,
S26R-5790,2026 entry held,NE,Gage County,wind,in_force,held,a candidate for ambiguous 2025 record(s) REC-0248: set review_decision in the crosswalk,,
S26R-5762,2026 entry held,NV,Nye County,"wind, solar",in_force,held,a candidate for ambiguous 2025 record(s) REC-0254: set review_decision in the crosswalk,,
S26R-5682,2026 entry held,NY,Town of Enfield,"wind, solar",in_force,held,a candidate for ambiguous 2025 record(s) REC-0302: set review_decision in the crosswalk,,
S26R-5683,2026 entry held,NY,Town of Enfield,solar,in_force,held,a candidate for ambiguous 2025 record(s) REC-0302: set review_decision in the crosswalk,,
S26R-5720,2026 entry held,NY,Town of Porter,solar,expired,held,a candidate for ambiguous 2025 record(s) REC-0296: set review_decision in the crosswalk,,
S26R-5721,2026 entry held,NY,Town of Niagara,"wind, solar",expired,held,a candidate for ambiguous 2025 record(s) REC-0296: set review_decision in the crosswalk,,
S26R-5722,2026 entry held,NY,Town of Hartland,solar,in_force,held,a candidate for ambiguous 2025 record(s) REC-0296: set review_decision in the crosswalk,,
S26R-5723,2026 entry held,NY,Town of Lockport,"solar, storage",in_force,held,a candidate for ambiguous 2025 record(s) REC-0296: set review_decision in the crosswalk,,
S26R-5741,2026 entry held,NY,Town of Clinton,wind,in_force,held,a candidate for ambiguous 2025 record(s) REC-0298: set review_decision in the crosswalk,,
S26R-5616,2026 entry held,OH,"Hanover, Licking, St. Albans, Union and Washington","wind, solar",in_force,held,a candidate for ambiguous 2025 record(s) REC-0354: set review_decision in the crosswalk,,
S26R-5620,2026 entry held,OH,"Cedarville, Jefferson, Ross, Sugarcreek, and Xenia Townships","wind, solar",in_force,held,a candidate for ambiguous 2025 record(s) REC-0350: set review_decision in the crosswalk,,
S26R-5628,2026 entry held,OH,"Batavia, Jackson, Monroe, Stonelick, Tate, Washington, and Williamsburg Townships","wind, solar",in_force,held,a candidate for ambiguous 2025 record(s) REC-0344: set review_decision in the crosswalk,,
S26R-5600,2026 entry held,OK,City of Owasso,wind,in_force,held,a candidate for ambiguous 2025 record(s) REC-0358: set review_decision in the crosswalk,,
S26R-5602,2026 entry held,OK,City of Yukon,wind,in_force,held,a candidate for ambiguous 2025 record(s) REC-0359: set review_decision in the crosswalk,,
S26R-5531,2026 entry held,SC,Calhoun County,solar,in_force,held,"a candidate for ambiguous 2025 record(s) REC-0394, REC-0395: set review_decision in the crosswalk",,
S26R-6264,2026 entry held,SD,Letcher Township,wind,in_force,held,"a candidate for ambiguous 2025 record(s) REC-0399, REC-0408: set review_decision in the crosswalk",,
S26R-5486,2026 entry held,TX,City of Waller,wind,in_force,held,a candidate for ambiguous 2025 record(s) REC-0431: set review_decision in the crosswalk,,
S26R-5488,2026 entry held,TX,City of Burleson,wind,in_force,held,a candidate for ambiguous 2025 record(s) REC-0422: set review_decision in the crosswalk,,
S26R-5490,2026 entry held,TX,City of Grand Prairie,wind,in_force,held,a candidate for ambiguous 2025 record(s) REC-0425: set review_decision in the crosswalk,,
S26R-5492,2026 entry held,TX,City of Garland,wind,in_force,held,a candidate for ambiguous 2025 record(s) REC-0424: set review_decision in the crosswalk,,
S26R-5498,2026 entry held,TX,City of Burleson,wind,in_force,held,a candidate for ambiguous 2025 record(s) REC-0422: set review_decision in the crosswalk,,
S26R-5500,2026 entry held,TX,City of Waller,wind,in_force,held,a candidate for ambiguous 2025 record(s) REC-0431: set review_decision in the crosswalk,,
S26R-5504,2026 entry held,TX,City of Grand Prairie,wind,in_force,held,a candidate for ambiguous 2025 record(s) REC-0425: set review_decision in the crosswalk,,
S26R-5507,2026 entry held,TX,City of Garland,wind,in_force,held,a candidate for ambiguous 2025 record(s) REC-0424: set review_decision in the crosswalk,,
S26R-5508,2026 entry held,TX,City of Grand Prairie,wind,in_force,held,a candidate for ambiguous 2025 record(s) REC-0425: set review_decision in the crosswalk,,
S26R-5509,2026 entry held,TX,City of Balch Springs,wind,in_force,held,a candidate for ambiguous 2025 record(s) REC-0419: set review_decision in the crosswalk,,
S26R-5510,2026 entry held,TX,City of Garland,wind,in_force,held,a candidate for ambiguous 2025 record(s) REC-0424: set review_decision in the crosswalk,,
S26R-5470,2026 entry held,VA,Augusta County,solar,in_force,held,a candidate for ambiguous 2025 record(s) REC-0449: set review_decision in the crosswalk,,
