source_record_id,state,jurisdiction,technology,mechanisms,status,reason,description,long_description
S26R-6232,CO,Grand County,solar,"moratorium (wind), moratorium (solar), moratorium (storage)",in_force,duplicate of Moratorium Nation co-grand-county-2025,"On June 24, 2025, the Grand County Board of Commissioners unanimously adopted a two-year moratorium on commercial solar, wind, and battery storage projects of 2.5 MW or more.","On June 24, 2025, the Grand County Board of Commissioners unanimously adopted a two-year moratorium on commercial solar, wind, and battery storage projects of 2.5 MW or more. The moratorium is effective through June 24, 2027."
S26R-6232,CO,Grand County,wind,"moratorium (wind), moratorium (solar), moratorium (storage)",in_force,duplicate of Moratorium Nation co-grand-county-2025,"On June 24, 2025, the Grand County Board of Commissioners unanimously adopted a two-year moratorium on commercial solar, wind, and battery storage projects of 2.5 MW or more.","On June 24, 2025, the Grand County Board of Commissioners unanimously adopted a two-year moratorium on commercial solar, wind, and battery storage projects of 2.5 MW or more. The moratorium is effective through June 24, 2027."
S26R-6232,CO,Grand County,battery_storage,"moratorium (wind), moratorium (solar), moratorium (storage)",in_force,duplicate of Moratorium Nation co-grand-county-2025,"On June 24, 2025, the Grand County Board of Commissioners unanimously adopted a two-year moratorium on commercial solar, wind, and battery storage projects of 2.5 MW or more.","On June 24, 2025, the Grand County Board of Commissioners unanimously adopted a two-year moratorium on commercial solar, wind, and battery storage projects of 2.5 MW or more. The moratorium is effective through June 24, 2027."
S26R-6099,IA,Henry County,battery_storage,"moratorium (solar), moratorium (storage)",in_force,duplicate of Moratorium Nation ia-henry-county-2026,"In April 2024, the Henry County Board of Supervisors approved a 1-year moratorium on the rezoning of land for commercial wind energy or other forms of alternative energy generation.","In April 2024, the Henry County Board of Supervisors approved a 1-year moratorium on the rezoning of land for commercial wind energy or other forms of alternative energy generation."
S26R-5922,MI,Comstock charter township,solar,moratorium (solar),in_force,duplicate of Moratorium Nation mi-comstock-charter-township-2026-2,"In March 2025, the township enacted a temporary moratorium on the acceptance and/or processing of any applications for large scale renewable energy projects and/or facilities, including solar energy projects 50 MW or larger.","In March 2025, the township enacted a temporary moratorium on the acceptance and/or processing of any applications for large scale renewable energy projects and/or facilities, including solar energy projects 50 MW or larger. The moratorium will remain in effect until December 31, 2025 or until amendments to the Zoning Ordinance become effective, whichever occurs first. The Township Board may extend the moratorium by resolution if needed before it expires."
S26R-5690,NY,Oyster Bay,battery_storage,moratorium (storage),in_force,duplicate of Moratorium Nation ny-oyster-bay-2024,The Town of Oyster Bay adopted a battery moratorium in April 2024 that was extended by 6 months in October 2024.,"The Town of Oyster Bay adopted a battery moratorium in April 2024 that was extended by 6 months in October 2024. The moratorium was extended for two additional periods of 6 months, most recently in September 2025. The moratorium is to be in effect through 2026."
S26R-5691,NY,Town of Southold,battery_storage,moratorium (storage),in_force,duplicate of Moratorium Nation ny-southold-2023,Southold’s battery storage moratorium was extended by 12 months in March 2024.,"Southold’s battery storage moratorium was extended by 12 months in March 2024. In March 2025, the town extended the moratorium for an additional 12 months, through 2026."
REC-0401,SD,Pennington County,solar,"moratorium (solar), moratorium (wind)",in_force,duplicate of Moratorium Nation sd-pennington-county-2024,"On November 19, 2024, the Pennington County Board of Commissioners adopted a countywide 1-year moratorium on utility-scale alternative energy systems, including both solar and wind energy systems.","On November 19, 2024, the Pennington County Board of Commissioners adopted a countywide 1-year moratorium on utility-scale alternative energy systems, including both solar and wind energy systems. The moratorium is set to expire on November 18, 2025."
REC-0401,SD,Pennington County,wind,"moratorium (solar), moratorium (wind)",in_force,duplicate of Moratorium Nation sd-pennington-county-2024,"On November 19, 2024, the Pennington County Board of Commissioners adopted a countywide 1-year moratorium on utility-scale alternative energy systems, including both solar and wind energy systems.","On November 19, 2024, the Pennington County Board of Commissioners adopted a countywide 1-year moratorium on utility-scale alternative energy systems, including both solar and wind energy systems. The moratorium is set to expire on November 18, 2025."
REC-0050,FL,Alachua County,,,lifted,no restricting mechanism recorded,Alachua County commissioners denied a permit for a proposed solar project citing community outreach and property value concerns.,"In October 2020, Alachua County commissioners voted to deny a permit for the Archer Solar Project, a 75-MW, 643-acre solar facility by First Solar and Duke Energy. The denial was based on a lack of outreach to the historically Black community where the project was to be located and concerns about impacts on property values."
REC-0051,FL,Alachua County,solar,,lifted,no restricting mechanism recorded,Alachua County commissioners denied a permit for the Sand Bluff Solar Project citing community outreach concerns.,"In July 2021, Alachua County commissioners voted to disallow the proposed Sand Bluff Solar Project on 600 acres outside of Archer, Florida. Opposition against the project centered on lack of outreach to the historically Black community in which it was to be sited. The local chapters of the NAACP and Sierra Club opposed the project, while the Climate Reality Project and the local chapter of the League of Women Voters supported it."
REC-0406,SD,Beulah Township,wind,,lifted,no restricting mechanism recorded,Davison County Commissioners rejected a conditional use permit application for the construction of 9 wind turbines.,"In April 2018, the Davison County Commissioners in South Dakota unanimously voted to reject a conditional use permit application for the construction of 9 wind turbines in Beulah Township. It marked the second time in three years that the Commission had rejected a wind energy project. Several Commissioners expressed concern about potential impacts on solar developments."
REC-0441,VT,Brandon,solar,,pending,no restricting mechanism recorded,Developer requested permission to change the site of a proposed solar project due to significant opposition from neighbors.,"On March 30, 2018, the developer of a proposed 2.2-MW solar project near downtown Brandon wrote a letter to the Vermont Public Utility Commission requesting permission to change the site of the project because of ‘significant opposition to the project from neighboring property owners and residents due to aesthetic concerns.’"
REC-0442,VT,"Holland, Town of",wind,,cancelled,no restricting mechanism recorded,"AllEarth Renewables proposed a single wind turbine project but faced significant delays and opposition, ultimately dropping the plans.","In July 2016, AllEarth Renewables proposed a single 2.2-MW wind turbine on a 450-acre dairy farm in the Town of Holland after winning a state contract. The project was stymied by significant delays at the Public Utility Commission and Governor Phil Scott’s stringent decibel limits for wind turbines. In January 2020, the developer announced that it was dropping plans for the project due to opposition."
REC-0443,VT,"Castleton, Town of",wind,,cancelled,no restricting mechanism recorded,Developer abandoned plans for a single-turbine wind project amidst local opposition.,"In 2022, the developer of a proposed single-turbine, 1.5-MW wind project in Castleton, Vermont and surrounding towns abandoned plans amid local opposition. The failure followed an unsuccessful 2012 proposal for 20 turbines along the ridgeline at Grandpa’s Knob that was unanimously opposed by the Castleton Select Board."
S26R-5875,MI,St. Clair County,battery_storage,"ban or moratorium (wind), ban or moratorium (solar), visual_impact_rule (solar)",in_force,no rule of the entry names battery_storage,St. Clair County: Ban / Moratorium (wind) | Ban / Moratorium (solar) | Viewshed Restriction (solar),
S26R-6040,KY,Caldwell County,solar,setback (wind),in_force,no rule of the entry names solar,"The Cadwell County zoning regulations require that wind turbines be set back 2,500 feet from active residential buildings, although the setback can be reduced to 1,000 feet with the written permission of all affected residents.","The Cadwell County zoning regulations require that wind turbines be set back 2,500 feet from active residential buildings, although the setback can be reduced to 1,000 feet with the written permission of all affected residents."
REC-0196,MI,Adams Township,solar,"setback (wind), noise limit (wind)",in_force,no rule of the entry names solar,"In August 2021, the Adams Township Board unanimously voted to impose a 6-month moratorium on commercial wind and solar projects.","In August 2021, the Adams Township Board unanimously voted to impose a 6-month moratorium on commercial wind and solar projects. The vote came at a time when Adams was being considered as the site for a wind farm. The president of a group opposed to that wind project— Guardians of the Keweenaw Ridge—stated that he was “ecstatic” about Adams Township imposing the moratorium."
S26R-5872,MI,Sanilac County,solar,cap on project size (wind),in_force,no rule of the entry names solar,"In 2024, Fremont Township restricted renewable energy development to a 520-acre overlay district that was limited to 2.25% of the township’s land.","In 2024, Fremont Township restricted renewable energy development to a 520-acre overlay district that was limited to 2.25% of the township’s land."
S26R-5589,PA,South Fayette,solar,"ban or moratorium (wind), height limit (wind)",in_force,no rule of the entry names solar,South Fayette Township (Allegheny County): Ban / Moratorium (wind) | Ban / Moratorium (wind) | Height Restriction (wind),
S26R-5935,MI,Montrose Township,wind,setback (solar),in_force,no rule of the entry names wind,"In April 2022, Montrose Township implemented a 6-month moratorium on solar and wind development.","In April 2022, Montrose Township implemented a 6-month moratorium on solar and wind development.  In November 2023, Montrose Township narrowly passed a solar ordinance that requires solar projects to be set back 500 feet or more from dwellings on adjoining properties."
REC-0213,MN,Chippewa County,wind,"moratorium (solar), setback (solar)",in_force,no rule of the entry names wind,"In February 2024, Chippewa County Commissioners adopted a 1-year moratorium on the permitting or zoning wind and solar energy conversion systems, with the purpose of studying possible ordinance reforms.","In February 2024, Chippewa County Commissioners adopted a 1-year moratorium on the permitting or zoning wind and solar energy conversion systems, with the purpose of studying possible ordinance reforms. Subsequently in 2024, the county amended its wind and solar ordinances, effectively ending the moratorium. The solar ordinance provides that large solar energy systems are to be set back at least 1,000 feet from residences and are only allowed in the Agricultural, Highway Business, Industrial and Airport Zone C districts."
S26R-5704,NY,Town of Rotterdam,wind,moratorium (storage),in_force,no rule of the entry names wind,"In September 2023, the Town of Rotterdam adopted 6-month moratoria on battery energy storage facilities and wind projects.","In September 2023, the Town of Rotterdam adopted 6-month moratoria on battery energy storage facilities and wind projects. In April 2024, the town extended its battery energy storage and wind project moratoria by 6 months. In October 2025, the town once again extended the moratorium on battery energy storage for an additional 6 months."
S26R-5604,OH,Wayne County,wind,ban/prohibition (solar),in_force,no rule of the entry names wind,"In July 2023, Wayne County commissioners unanimously voted to prohibit large solar facilities, economically significant wind farms, and large wind farms in unincorporated parts of Wayne County pursuant to SB52.","In July 2023, Wayne County commissioners unanimously voted to prohibit large solar facilities, economically significant wind farms, and large wind farms in unincorporated parts of Wayne County pursuant to SB52. The commissioners stated that they expect continued discussion about large-scale solar in Wayne County going forward."
S26R-5992,ME,Town of Palermo,transmission,"moratorium (transmission), cap on capacity (transmission)",in_force,no solar/wind/storage technology in scope,"In September 2023, in response to plans for the Aroostook Renewable Gateway Project, Palermo residents unanimously voted to adopt a moratorium on transmission lines.","In September 2023, in response to plans for the Aroostook Renewable Gateway Project, Palermo residents unanimously voted to adopt a moratorium on transmission lines. More information on the moratorium is not currently accessible."
S26R-5993,ME,Town of Unity,transmission,"moratorium (transmission), cap on capacity (transmission)",in_force,no solar/wind/storage technology in scope,"In November 2023, in response to plans for the Aroostook Renewable Gateway Project, Unity residents enacted a 180-day moratorium on high-voltage power lines.","In November 2023, in response to plans for the Aroostook Renewable Gateway Project, Unity residents enacted a 180-day moratorium on high-voltage power lines."
S26R-5786,NE,Hitchcock County,solar,"ban or moratorium (wind), ban or moratorium (solar)",in_force,possible duplicate of Moratorium Nation ne-hitchcock-county-undated: the edition does not say whether this is a ban or a moratorium,Hitchcock County: Ban / Moratorium (wind) | Ban / Moratorium (solar),
S26R-5786,NE,Hitchcock County,wind,"ban or moratorium (wind), ban or moratorium (solar)",in_force,possible duplicate of Moratorium Nation ne-hitchcock-county-undated: the edition does not say whether this is a ban or a moratorium,Hitchcock County: Ban / Moratorium (wind) | Ban / Moratorium (solar),
S26R-6287,AR,,wind,"setback (wind), noise limit (wind)",in_force,state-level row: verify the statute against the report before seeding,"In April 2025, the Arkansas legislature enacted the Wind Energy Development Act (SB437) which was signed into law on April 22, 2025.","In April 2025, the Arkansas legislature enacted the Wind Energy Development Act (SB437) which was signed into law on April 22, 2025. The law became effective on August 3, 2025, though its implementing rules (adopted on January 14, 2026) are still pending Legislative Council approval. The law  created Arkansas’ first statewide permitting regime for wind energy facilities of at least 5 megawatts (MW) and exceeding 200 feet in height. The law requires a minimum setback from non-participating property lines of 3.5 times the total height of the wind turbines or 2,500 feet, whichever is greater and a 1-mile setback from a school, hospital, nursing home or church. The law provides that the noise level from wind turbines at non-participating dwellings shall not exceed 35 dBA. Among other things, the law also prohibits wind energy facilities from causing interference to radio, television, or internet reception on adjoining properties; requires developers to file insurance policies, acoustics expert reports, and financial security documentation at least 30 days before commencing construction; and requires developers to publish notice of the project at least once per week, for two consecutive weeks, within 30 days before filing the permit application."
REC-0017,CA,,"wind,solar,storage",ban/prohibition,in_force,state-level row: verify the statute against the report before seeding,"Multiple bans and prohibitions on wind, solar, and storage projects were enacted in California between 2018-2020.","Between 2018 and 2020, various local jurisdictions within California implemented bans or prohibitions on the development of renewable energy projects such as wind, solar, and storage facilities. These measures were often driven by concerns over land use, aesthetics, and environmental impacts."
REC-0029,CO,,"wind,solar",ban/prohibition,in_force,state-level row: verify the statute against the report before seeding,State-level prohibitions on wind and solar projects have been adopted in Colorado.,"Colorado has implemented state-level prohibitions on the construction of new wind and solar energy facilities, which have faced opposition from various stakeholders. These restrictions were adopted between 2019 and 2023 and are currently in force. Legal challenges to these prohibitions have been filed by affected parties."
REC-0036,CT,,"wind,solar",ban/prohibition,in_force,state-level row: verify the statute against the report before seeding,"Connecticut has state-level opposition to wind and solar projects, with a ban in place.","From 2019 to 2023, Connecticut faced significant opposition to renewable energy projects, particularly wind and solar installations. A state-wide ban on new utility-scale wind projects was implemented during this period, leading to legal challenges from various stakeholders."
REC-0037,CT,,solar,ban/prohibition (solar),in_force,state-level row: verify the statute against the report before seeding,"In 2017, the Legislature enacted Public Act No. 17-218, which prohibits solar photovoltaic projects of 2 MW or greater on “core forest” or “prime farmland” statewide unless state regulators find that the project will not “materially affect” the land’s status as core forest or prime farmland.","In 2017, the Legislature enacted Public Act No. 17-218, which prohibits solar photovoltaic projects of 2 MW or greater on “core forest” or “prime farmland” statewide unless state regulators find that the project will not “materially affect” the land’s status as core forest or prime farmland."
REC-0049,FL,,wind,ban/prohibition,in_force,state-level row: verify the statute against the report before seeding,Florida enacted a state law prohibiting the construction or expansion of wind energy facilities in specific areas.,"In 2024, Florida enacted a state statute that prohibits the construction or expansion of any wind energy facility offshore; within 1 mile of the coastline; within 1 mile of intercoastal waterways; on any waters or submerged lands. This law is effective and in force."
S26R-6285,FL,,wind,ban/prohibition (wind),in_force,state-level row: verify the statute against the report before seeding,"In 2024, Florida enacted a state law that prohibits the construction or expansion of any wind energy facility (a) offshore; (b) within 1 mile of the coastline; (c) within 1 mile of the intercoastal waterways; (d) on any waters or submerged lands.","In 2024, Florida enacted a state law that prohibits the construction or expansion of any wind energy facility (a) offshore; (b) within 1 mile of the coastline; (c) within 1 mile of the intercoastal waterways; (d) on any waters or submerged lands."
REC-0502,IA,,wind,ban/prohibition,unknown,state-level row: verify the statute against the report before seeding,Casey Kelly et al. report found that 16 out of 99 counties in Iowa have stringent restrictions on wind energy.,"As of 2022, Casey Kelly et al.'s report found that 16 out of 99 counties in Iowa have stringent restrictions on wind energy and that more than 49% of candidate project areas are ruled out by local ordinances. This highlights the significant impact of local restrictions on large-scale wind developments."
REC-0074,IL,,"wind,solar",ban/prohibition,in_force,state-level row: verify the statute against the report before seeding,State-level opposition to wind and solar projects through prohibitions.,"Opposition to renewable energy facilities, particularly wind and solar projects, has been expressed in Illinois through state-level prohibitions. These measures have been adopted over the period 2019-2020."
REC-0075,IL,,"wind, solar","moratorium, setback, noise_limit, shadow_flicker_limit, zoning_restriction",in_force,state-level row: verify the statute against the report before seeding,"Illinois enacted Public Law 102-1123 to limit local authority over renewable energy projects, including moratoriums and setback requirements.","On January 27, 2023, Illinois enacted Public Law 102-1123 which sets limits on counties' authority to restrict or otherwise regulate renewable energy facilities. The law prohibits counties from establishing moratoriums on wind or solar projects and establishes statewide setback parameters that override more restrictive local regulations."
REC-0499,IL,,"wind, solar","setback, ban/prohibition",unknown,state-level row: verify the statute against the report before seeding,"University of Michigan Energy Zoning database contains local regulations and other information on renewable energy siting from over 6,000 local units of government in six Midwestern states.","The University of Michigan Energy Zoning database provides a searchable resource containing local regulations and other information on renewable energy siting from over 6,000 local units of government across Illinois, Indiana, Michigan, Minnesota, Ohio, and Wisconsin. This resource highlights local restrictions affecting wind and solar projects."
S26R-6284,IL,,"wind, solar","ban or moratorium (wind), ban or moratorium (solar)",in_force,state-level row: verify the statute against the report before seeding,"In June 2023, Senate Bill 1127 was signed into law by Gov. JB Pritzker after passing through the House and Senate without opposition and enacted as Public Act 103-0081.","In June 2023, Senate Bill 1127 was signed into law by Gov. JB Pritzker after passing through the House and Senate without opposition and enacted as Public Act 103-0081. The law prevents future solar and wind development in the Lee-Ogle Enterprise Zone, a 2,000-acre area in and southeast of Rochelle."
REC-0119,KS,,wind,moratorium,in_force,state-level row: verify the statute against the report before seeding,"Governor Laura Kelly continued the Tallgrass Heartland Wind Moratorium in July 2020, which protects parts of 12 counties.","In 2004, Governor Kathleen Sebelius instated a wind development moratorium on parts of the Flint Hills to protect the tallgrass prairie. In 2011, Governor Sam Brownback expanded and renamed it as 'Tallgrass Heartland.' This moratorium was continued by Governor Laura Kelly in July 2020."
S26R-6283,KS,,wind,moratorium (wind),in_force,state-level row: verify the statute against the report before seeding,"In 2004, Kansas Governor Kathleen Sebelius instated a wind development moratorium on parts of the Flint Hills in order to protect the tallgrass prairie.","In 2004, Kansas Governor Kathleen Sebelius instated a wind development moratorium on parts of the Flint Hills in order to protect the tallgrass prairie. In 2011, Governor Sam Brownback doubled the protected area, renaming it the “Tallgrass Heartland.” This moratorium, which covers parts of 12 counties, was continued in July 2020 by Governor Laura Kelly."
REC-0137,KY,,wind,setback (wind),in_force,state-level row: verify the statute against the report before seeding,"Under House Bill 291, adopted in 2014, wind turbines must be set back at least 1,000 feet from property lines and at least 2,000 feet from “any residential neighborhood, school, hospital, or nursing home facility.”","Under House Bill 291, adopted in 2014, wind turbines must be set back at least 1,000 feet from property lines and at least 2,000 feet from “any residential neighborhood, school, hospital, or nursing home facility.”"
S26R-6309,LA,,solar,setback (solar),in_force,state-level row: verify the statute against the report before seeding,Louisiana HB 459 Act 279 of 2025: Setback Restriction (solar),
REC-0171,MD,,solar,,unknown,state-level row: verify the statute against the report before seeding,,Maryland’s highest court held in 2019 that state law preempts local zoning authority approval for the siting and local of generating stations such as solar energy generating systems.
S26R-6310,MD,,solar,"ban or moratorium (solar), cap on project size (solar)",in_force,state-level row: verify the statute against the report before seeding,Maryland Renewable Energy Certainty Act of 2025: Ban/Moratorium (solar) | Size Cap (solar),
REC-0157,ME,,wind,ban/prohibition (wind),in_force,state-level row: verify the statute against the report before seeding,"In July 2021, Governor Janet Mills signed into law L.D. 1619, sponsored by Senator Mark Lawrence.","In July 2021, Governor Janet Mills signed into law L.D. 1619, sponsored by Senator Mark Lawrence. With some exceptions, the law permanently banned the development of all offshore wind projects in Maine state waters but allowed the permitting of offshore wind in federal waters if the Governor’s Energy Office developed a planned research strategy for such projects by March 2023. The law also created the Offshore Wind Research Consortium (ORWC) to study the effects of offshore wind energy on the Gulf of Maine. The law was supported by Maine lobstermen, who expressed concerns about the impact of offshore wind on the state’s fishing industry."
S26R-6280,ME,,wind,moratorium (wind),expired,state-level row: verify the statute against the report before seeding,Governor LePage signed an executive order in January 2018 that imposed a moratorium on wind energy development in certain parts of western and coastal Maine.,"Governor LePage signed an executive order in January 2018 that imposed a moratorium on wind energy development in certain parts of western and coastal Maine. In February 2019, Governor Mills signed an executive order to end the moratorium."
REC-0195,MI,,"wind,solar",ban/prohibition,in_force,state-level row: verify the statute against the report before seeding,Michigan has state-level restrictions on wind and solar projects.,"Michigan has enacted laws that prohibit or restrict the development of wind and solar energy projects, reflecting opposition to renewable energy facilities within the state."
REC-0211,MN,,wind,ban/prohibition,in_force,state-level row: verify the statute against the report before seeding,State-level ban on wind energy projects in certain counties.,"The state of Minnesota has implemented a ban on new wind energy projects in specific counties, effective from 2019 to 2020. This restriction is aimed at addressing local concerns and environmental impacts."
REC-0212,MN,,,preemption,in_force,state-level row: verify the statute against the report before seeding,"Minnesota passed a law that preempts local zoning rules for large energy storage, wind, and other electric generating facilities.","In May 2024, Governor Walz signed the Minnesota Energy Infrastructure Permiung Act, which consolidated permiung requirements and eased transmission siting while limiting circumstances under which environmental impact statements and certificates of need are required. This act preempts local zoning, building, or land use rules for large energy storage systems with a capacity of 10 MW or more, wind facilities of 5 MW or more, and other electric generating facilities of 50 MW or more."
S26R-6279,MN,,"wind, solar","ban or moratorium (wind), ban or moratorium (solar)",in_force,state-level row: verify the statute against the report before seeding,"A Minnesota administrative rule provides that “[n]o large electric power generating plant site may be permitted where the developed portion of the plant site, excluding water storage reservoirs and cooling ponds, includes more than 0.5 acres of prime farmland per megawatt of net generating capacity, unless there is no feasible and prudent alternative.”","A Minnesota administrative rule provides that “[n]o large electric power generating plant site may be permitted where the developed portion of the plant site, excluding water storage reservoirs and cooling ponds, includes more than 0.5 acres of prime farmland per megawatt of net generating capacity, unless there is no feasible and prudent alternative.”"
REC-0305,NC,,"wind,solar",ban/prohibition,in_force,state-level row: verify the statute against the report before seeding,State-level opposition to wind and solar projects through prohibitions.,"North Carolina has faced state-level opposition to renewable energy projects, particularly wind and solar, through legislative bans or prohibitions. These measures were adopted in 2019-2020."
REC-0306,NC,,wind,moratorium (wind),expired,state-level row: verify the statute against the report before seeding,"In July 2017, House Bill 589 / Senate Law 192 (“Competitive Energy Solutions for NC”) was signed into law.","In July 2017, House Bill 589 / Senate Law 192 (“Competitive Energy Solutions for NC”) was signed into law. The law included a moratorium on the permitting of wind energy facilities until the end of 2018 for the purpose of studying the impact of future wind energy development on military operations, training, and readiness."
REC-0266,NH,,,ban/prohibition,in_force,state-level row: verify the statute against the report before seeding,State banned offshore wind projects.,"The state of New Hampshire enacted a ban on offshore wind projects in 2019-2020, prohibiting any development in state waters due to concerns over environmental and economic impacts."
REC-0273,NJ,,"wind,solar",ban/prohibition,in_force,state-level row: verify the statute against the report before seeding,New Jersey has enacted a ban on new wind and solar projects in certain areas.,"In 2019, New Jersey passed legislation that prohibits the construction of new utility-scale wind and solar projects in specific coastal and agricultural regions. This ban is intended to protect sensitive ecosystems and farmland. Legal challenges have been filed against this policy by renewable energy developers."
REC-0283,NM,,"wind,solar",ban/prohibition,in_force,state-level row: verify the statute against the report before seeding,State-level opposition to wind and solar projects through prohibitions.,"Opposition to renewable energy facilities, particularly wind and solar projects, has been expressed in New Mexico through state-level prohibitions. These restrictions have been adopted between 2019 and 2023, with ongoing legal challenges."
REC-0290,NY,,"wind,solar,storage,transmission,hydro",ban/prohibition,in_force,state-level row: verify the statute against the report before seeding,"Multiple state-level policies have been enacted or proposed to restrict renewable energy projects, including wind, solar, storage, transmission, and hydro.","Between 2019 and 2023, New York has seen the implementation of several state-level restrictions on various types of renewable energy projects. These include bans or prohibitions on certain technologies such as wind, solar, storage, transmission, and hydro. Legal challenges have been a common feature in these policy developments."
REC-0291,NY,,"solar, wind","ag_land_exclusion, overlay_zone",in_force,state-level row: verify the statute against the report before seeding,New York state law restricts renewable energy projects on agricultural land and Native American territories.,"The New York State Legislature adopted a law in 2023 directing the New York Power Authority (NYPA) to develop renewable energy projects, with restrictions that prohibit development on agricultural land unless it is an agrivoltaics project or on Native American territory without consent."
REC-0497,NY,,"wind, solar",ban/prohibition,unknown,state-level row: verify the statute against the report before seeding,"New York Department of State maintains a database of local laws and county codes, which includes restrictions on renewable energy development.",The New York Department of State maintains a comprehensive database of local laws and county codes that include restrictions on renewable energy development. This resource provides information on local ordinances affecting wind and solar projects in the state.
S26R-6277,NY,,"wind, solar","ban or moratorium (wind), ban or moratorium (solar)",in_force,state-level row: verify the statute against the report before seeding,"On May 3, 2023, the state adopted a law directing the New York Power Authority (NYPA) to develop renewable energy projects “to support the state’s renewable energy goals established pursuant to the climate leadership and community protection act.” While the law generally encourages renewable energy development, it places two significant limitations on where renewable energy facilities may be sited.","On May 3, 2023, the state adopted a law directing the New York Power Authority (NYPA) to develop renewable energy projects “to support the state’s renewable energy goals established pursuant to the climate leadership and community protection act.” While the law generally encourages renewable energy development, it places two significant limitations on where renewable energy facilities may be sited. First, the law specifies that NYPA shall not develop renewable energy generation projects on “land used in agricultural production . . . unless [the] project is in furtherance of an agrivoltaics project” (i.e., unless the project is designed to accommodate dual-use farming and energy production). Second, the law provides that NYPA “shall . . . not build on lands located upon any Native American territory or reservation . . . except through voluntary sale or other agreement for such use with the consent of the relevant nation.”"
REC-0336,OH,,"wind,solar",ban/prohibition,in_force,state-level row: verify the statute against the report before seeding,Multiple bans and prohibitions on wind and solar projects have been enacted in Ohio.,"Several counties in Ohio have passed local ordinances banning or prohibiting the installation of wind and solar energy facilities. These actions were part of a broader effort to restrict renewable energy development, with some opposition citing concerns over property values, aesthetics, and noise pollution."
REC-0337,OH,,wind,setback (wind),in_force,state-level row: verify the statute against the report before seeding,"H.B. 483 requires that wind turbines be sited at least 1,125 feet from the tip of the turbine’s nearest blade to the nearest adjacent property line.","H.B. 483 requires that wind turbines be sited at least 1,125 feet from the tip of the turbine’s nearest blade to the nearest adjacent property line."
REC-0338,OH,,"wind, solar","ban/prohibition (wind), ban/prohibition (solar)",in_force,state-level row: verify the statute against the report before seeding,"S.B. 52 which took effect October 11, 2021, gives counties the power to veto specific projects and to declare themselves categorically off-limits to large renewable energy projects.","S.B. 52 which took effect October 11, 2021, gives counties the power to veto specific projects and to declare themselves categorically off-limits to large renewable energy projects. Specifically, the law allows counties to adopt binding resolutions to (a) prohibit or limit the construction of a proposed project; and/or (b) designate a “restricted area” in which wind projects of at least 5 MW and solar projects of at least 50 MW are prohibited or otherwise limited. Renewable energy developers must also receive project approval from the Ohio Power Siting Board (OPSB), giving opponents a second opportunity to contest projects if they do not succeed in lobbying the county government for a resolution."
REC-0356,OK,,"wind,solar",ban/prohibition,in_force,state-level row: verify the statute against the report before seeding,State-level ban on wind and solar projects.,"In 2019, Oklahoma passed a state law prohibiting the construction of new wind and solar energy facilities. This ban is currently in force."
REC-0357,OK,,wind,setback (wind),in_force,state-level row: verify the statute against the report before seeding,"In May 2019, Oklahoma Governor Kevin Sitt signed House Bill 2118 which establishes a setback requirement of 1.5 nautical miles for the construction of individual wind turbines near military airspace, including military training routes, runway approaches, drop zones and bombing ranges.","In May 2019, Oklahoma Governor Kevin Sitt signed House Bill 2118 which establishes a setback requirement of 1.5 nautical miles for the construction of individual wind turbines near military airspace, including military training routes, runway approaches, drop zones and bombing ranges. The law requires developers to submit to the Corporation Commission and the Oklahoma Aeronautics Commission a “Determination of No Hazard” from the Federal Aviation Administration and documentation showing that any adverse impacts to the Department of Defense have been resolved. Two weeks after the passage of the bill, NextEra Energy cancelled two proposed wind projects: Minco V and Crowder."
S26R-6273,OK,,wind,setback (wind),in_force,state-level row: verify the statute against the report before seeding,"Since August 21, 2015, Oklahoma has required that wind energy facilities be set back 1.5 miles from any public school, hospital, or airport.","Since August 21, 2015, Oklahoma has required that wind energy facilities be set back 1.5 miles from any public school, hospital, or airport."
REC-0365,OR,,solar,zoning_restriction,in_force,state-level row: verify the statute against the report before seeding,Oregon Department of Land Conservation and Development adopted regulations restricting solar facilities on farmland.,"On May 23, 2019, the Oregon Department of Land Conservation and Development adopted regulations that restrict the construction of solar facilities on certain categories of farmland. The new rules do not allow solar facilities that use, occupy, or cover more than 12 acres of prime farmland or 20 acres of other farmland unless an exception applies."
S26R-6272,OR,,solar,ban/prohibition (solar),in_force,state-level row: verify the statute against the report before seeding,"On May 23, 2019, the Oregon Department of Land Conservation and Development adopted regulations that restrict the construction of solar facilities on certain categories of farmland.","On May 23, 2019, the Oregon Department of Land Conservation and Development adopted regulations that restrict the construction of solar facilities on certain categories of farmland. The new rules do not allow solar facilities that use, occupy, or cover more than 12 acres of prime farmland or 20 acres of other farmland unless an exception applies. The regulations effectively prohibit commercial-scale solar projects from 86% of the Willamette Valley."
REC-0376,PA,,"wind,solar",ban/prohibition,in_force,state-level row: verify the statute against the report before seeding,State-level prohibitions on wind and solar projects were enacted in 2019-2020.,"Pennsylvania has implemented state-level prohibitions on both wind and solar energy projects, which have been adopted between 2019 and 2020. These restrictions are currently in force."
REC-0377,PA,,wind,ban/prohibition,in_force,state-level row: verify the statute against the report before seeding,Pennsylvania Game Commission approved a wind energy moratorium on over 1.5 million acres of game lands in April 2018.,"In April 2018, the Pennsylvania Game Commission unanimously approved a wind energy moratorium across over 1.5 million acres of game lands in the state. The Commission stated that it recognizes the value in renewable energy systems but that the construction and operation of wind energy would threaten the habitat stability of game and other species in the area."
REC-0498,PA,,solar,ban/prohibition,unknown,state-level row: verify the statute against the report before seeding,Pennsylvania State University Center for Energy Law and Policy provides a database of solar ordinances in Pennsylvania.,"The Pennsylvania State University Center for Energy Law and Policy maintains a searchable spreadsheet documenting solar ordinances in 67 counties and 2,559 municipal corporations across the state. This resource highlights local restrictions on solar energy development."
S26R-6271,PA,,wind,moratorium (wind),in_force,state-level row: verify the statute against the report before seeding,"In April 2018, the Pennsylvania Game Commission unanimously approved a wind energy moratorium across over 1.5 million acres of game lands in the state.","In April 2018, the Pennsylvania Game Commission unanimously approved a wind energy moratorium across over 1.5 million acres of game lands in the state. The Commission stated that it recognizes the value in renewable energy systems, but that the construction and operation of wind energy would threaten the habitat stability of game and other species in the area. The Commission therefore “declare[d] as policy that wind energy development on State Game Lands [is] inconsistent with the responsibilities of the Pennsylvania Game Commission under both the Game and Wildlife Code and Article I, Section 27 of the Pennsylvania Constitution.”"
REC-0389,RI,,solar,ban/prohibition,in_force,state-level row: verify the statute against the report before seeding,Rhode Island enacted a solar siting bill that prohibits developing solar farms in core forests.,"In 2023, Rhode Island enacted a solar siting bill that increases the annual statewide cap on new Renewable Energy Growth developments from 40 MW to 300 MW per year but prohibits participating developers from developing solar farms in 'core forests'. Core forests are defined as unfragmented forest blocks of single or multiple parcels totaling at least 250 acres and at least 25 yards from mapped roads. Exceptions could be allowed for projects already underway or on preferred sites within core forests."
S26R-6270,RI,,solar,cap on capacity (solar),in_force,state-level row: verify the statute against the report before seeding,"In 2023, Rhode Island enacted a solar siting bill that increases the annual statewide cap on new Renewable Energy Growth developments from 40 MW to 300 MW per year but prohibits participating developers from developing solar farms in “core forests.” The law defines core forests as “unfragmented forest blocks of single or multiple parcels totaling two hundred fifty (250) acres or greater unbroken by development and at least twenty-five (25) yards from mapped roads.” Exceptions could be allowed for projects already underway or projects on “preferred sites” within core forests.","In 2023, Rhode Island enacted a solar siting bill that increases the annual statewide cap on new Renewable Energy Growth developments from 40 MW to 300 MW per year but prohibits participating developers from developing solar farms in “core forests.” The law defines core forests as “unfragmented forest blocks of single or multiple parcels totaling two hundred fifty (250) acres or greater unbroken by development and at least twenty-five (25) yards from mapped roads.” Exceptions could be allowed for projects already underway or projects on “preferred sites” within core forests."
REC-0411,TN,,"wind,solar",ban/prohibition,in_force,state-level row: verify the statute against the report before seeding,Tennessee passed a ban on new utility-scale solar and wind projects in 2019.,"In 2019, Tennessee enacted legislation that prohibits the construction of new utility-scale solar and wind energy facilities. This ban is effective statewide and applies to both public and private utilities."
REC-0412,TN,,wind,"setback (wind), noise limit (wind)",in_force,state-level row: verify the statute against the report before seeding,"In April 2018, the Tennessee General Assembly passed HB 1731 to amend sections of the state legislation relating wind energy facilities.","In April 2018, the Tennessee General Assembly passed HB 1731 to amend sections of the state legislation relating wind energy facilities. The law establishes setback requirements of 3.5 times the total height of the wind turbine from non-participating landowner’s property lines. The law also provides that the noise level from wind turbines at non-participating dwellings shall not exceed 35 dBA."
REC-0413,TN,,wind,moratorium (wind),expired,state-level row: verify the statute against the report before seeding,"In April 2017, the Tennessee General Assembly passed a 1-year moratorium on the construction, operation, expansion, or redevelopment of wind energy facilities in the state, with an exemption for counties and municipalities that adopted regulations for siting wind energy facilities on or before July 1, 2017.","In April 2017, the Tennessee General Assembly passed a 1-year moratorium on the construction, operation, expansion, or redevelopment of wind energy facilities in the state, with an exemption for counties and municipalities that adopted regulations for siting wind energy facilities on or before July 1, 2017. The bill also created a temporary six-member joint legislative study committee to evaluate and make recommendations related to siting wind energy facilities."
REC-0418,TX,,"wind,solar",ban/prohibition,in_force,state-level row: verify the statute against the report before seeding,Texas state government has enacted bans on wind and solar projects in certain areas.,"The Texas state government has implemented a series of bans on the development of wind and solar energy projects in specific regions, citing environmental concerns and land use issues. These restrictions have been adopted over several years from 2019 to 2023, with ongoing legal challenges."
REC-0500,VA,,solar,ban/prohibition,unknown,state-level row: verify the statute against the report before seeding,University of Virginia Weldon Cooper Center for Public Service provides a summary of large-scale solar projects proposed in Virginia.,"The University of Virginia Weldon Cooper Center for Public Service maintains a database that summarizes large-scale solar projects proposed for local approval in Virginia. This resource includes data on approved megawatts, denied megawatts, and the approval rate of solar projects in the state."
REC-0438,VT,,wind,ban/prohibition,in_force,state-level row: verify the statute against the report before seeding,Vermont enacted a ban on new wind projects in 2019.,"In 2019, Vermont passed legislation prohibiting the construction of new utility-scale wind energy facilities. This ban was implemented to address local concerns and opposition from residents and environmental groups regarding visual impacts and noise pollution."
REC-0471,WV,,wind,ban/prohibition,in_force,state-level row: verify the statute against the report before seeding,West Virginia passed a ban on new wind energy projects in 2019-2020.,"In 2019-2020, West Virginia enacted a state law prohibiting the construction of new utility-scale wind energy projects within the state. This ban was implemented to address local concerns and opposition from various stakeholders."
REC-0472,WV,,solar,cap on capacity (solar),in_force,state-level row: verify the statute against the report before seeding,"S.B. 583, codified at W.V. Code §24-2-1o, limits utility-scale solar generation capacity in several ways.","S.B. 583, codified at W.V. Code §24-2-1o, limits utility-scale solar generation capacity in several ways. The law prohibits any single solar generation facility from having a generating capacity greater than 200 MW, and the law sets a cumulative generating capacity limit of 400 MW for all solar generation facilities “operating at any given time, and for which rate recovery is provided by the commission under this section.” The law also prohibits solar generation facilities from “hav[ing] a generating capacity greater than 50 megawatts until such time as 85 percent of that . . . facility’s annual energy output is being sold or is contracted to be sold to residential, commercial, or industrial customers pursuant to a renewable special contract or renewable tariff.” After that point, the facility’s generating capacity can expand in increments no greater than 50 MW until the facility again reaches the 85% benchmark."
REC-0496,WY,,"wind, solar","setback, ban/prohibition",unknown,state-level row: verify the statute against the report before seeding,"NREL published a comprehensive database of local ordinances in the United States, including wind and solar energy databases.","In August 2022, NREL released a database containing nearly 1028 2,000 wind ordinances and nearly 1,000 solar ordinances from across the United States. This resource provides information on local restrictions affecting renewable energy development."
REC-0014,AR,Madison County,wind,moratorium (wind),expired,status expired: no longer in force,"In December 2024, the Madison County Quorum Court unanimously passed a one-year moratorium on wind development within the county.","In December 2024, the Madison County Quorum Court unanimously passed a one-year moratorium on wind development within the county."
REC-0030,CO,Delta County,"wind, solar","moratorium (wind), moratorium (solar)",expired,status expired: no longer in force,"In September 2022, the Delta County Board of County Commissioners imposed a 6-month moratorium on applications for commercial-scale renewable energy facilities.","In September 2022, the Delta County Board of County Commissioners imposed a 6-month moratorium on applications for commercial-scale renewable energy facilities. The moratorium was later extended, and it was still in effect as of December 2023."
REC-0033,CO,Rio Blanco County,"wind, solar","moratorium (wind), moratorium (solar)",expired,status expired: no longer in force,"In August 2023, the Rio Blanco Board of County Commissioners adopted a moratorium on wind and solar projects in order to determine how to incorporate such projects into the county’s land use plan.","In August 2023, the Rio Blanco Board of County Commissioners adopted a moratorium on wind and solar projects in order to determine how to incorporate such projects into the county’s land use plan."
REC-0035,CO,Washington County,"wind, solar","moratorium (wind), moratorium (solar)",expired,status expired: no longer in force,"A temporary moratorium on accepting, processing, and approving wind and solar farm permits in unincorporated parts of the county went into effect on March 24, 2020.","A temporary moratorium on accepting, processing, and approving wind and solar farm permits in unincorporated parts of the county went into effect on March 24, 2020. The moratorium was extended multiple times until August 31, 2021 or later."
S26R-6203,DE,Kent County,wind,moratorium (wind),expired,status expired: no longer in force,"In December 2022, the Kent County Levy Court voted to impose a moratorium on utility-scale wind farms in anticipation of a future decision to prohibit wind facilities from agricultural land.","In December 2022, the Kent County Levy Court voted to impose a moratorium on utility-scale wind farms in anticipation of a future decision to prohibit wind facilities from agricultural land."
REC-0056,GA,Grady County,solar,moratorium (solar),expired,status expired: no longer in force,"In February 2017, Grady County imposed a 60-day moratorium on solar farm applications.","In February 2017, Grady County imposed a 60-day moratorium on solar farm applications."
REC-0059,GA,Lee County,solar,moratorium (solar),expired,status expired: no longer in force,"In May 2019, Lee County officials placed a moratorium on solar farm construction in response to increased interest from solar developers.","In May 2019, Lee County officials placed a moratorium on solar farm construction in response to increased interest from solar developers. In January 2021, Lee County imposed a moratorium on large-scale solar farms through October 2021."
REC-0109,IA,Emmet County,wind,moratorium (wind),expired,status expired: no longer in force,"In October 2024, the Emmet County Board of Supervisors approved a temporary moratorium on construction permits for new wind energy projects through January 2025 to give the Board time to update the county’s wind ordinance. [Note: On January 28, 2025, the Board extended the moratorium for another six months.]","In October 2024, the Emmet County Board of Supervisors approved a temporary moratorium on construction permits for new wind energy projects through January 2025 to give the Board time to update the county’s wind ordinance. [Note: On January 28, 2025, the Board extended the moratorium for another six months.]"
REC-0110,IA,Floyd County,"wind, storage","moratorium (wind), moratorium (storage)",expired,status expired: no longer in force,"On November 20, 2023, Floyd County instituted a moratorium on applications for utility-scale wind and battery storage projects, which was scheduled to run until May 20, 2024.","On November 20, 2023, Floyd County instituted a moratorium on applications for utility-scale wind and battery storage projects, which was scheduled to run until May 20, 2024. In February 2025, the Floyd County supervisors, with a 3-0 vote, passed an indefinite moratorium on utility-scale solar energy projects."
REC-0114,IA,Henry County,"wind, solar","moratorium (wind), moratorium (solar)",expired,status expired: no longer in force,"In April 2024, the Henry County Board of Supervisors approved a 1-year moratorium on the rezoning of land for commercial wind energy or other forms of alternative energy generation.","In April 2024, the Henry County Board of Supervisors approved a 1-year moratorium on the rezoning of land for commercial wind energy or other forms of alternative energy generation."
REC-0115,IA,Humboldt County,"wind, solar, transmission","moratorium (wind), moratorium (solar), moratorium (transmission)",expired,status expired: no longer in force,"In January 2024, Humboldt County adopted a 1-year moratorium on new energy systems, including commercial wind, solar, and transmission systems.","In January 2024, Humboldt County adopted a 1-year moratorium on new energy systems, including commercial wind, solar, and transmission systems."
REC-0116,IA,Johnson County,solar,moratorium (solar),expired,status expired: no longer in force,"In December 2021, the Johnson County Board of Supervisors approved a temporary moratorium on the issuance of conditional use permits for utility-scale solar energy farms with a cumulative nameplate alternating current capacity greater than 10 MW.","In December 2021, the Johnson County Board of Supervisors approved a temporary moratorium on the issuance of conditional use permits for utility-scale solar energy farms with a cumulative nameplate alternating current capacity greater than 10 MW. The Board set the moratorium to expire in June 2022."
REC-0118,IA,Linn County,solar,moratorium (solar),expired,status expired: no longer in force,"In October 2022, Linn County adopted a moratorium on utility-scale solar installations.","In October 2022, Linn County adopted a moratorium on utility-scale solar installations. The moratorium has since been extended multiple times and was last set to expire on September 30, 2023. In late September 2023, the Linn County Board of Supervisors adopted new regulations for utility-scale solar with tighter restrictions than the county’s previous ordinance."
S26R-6072,IA,Sioux County,solar,moratorium (solar),expired,status expired: no longer in force,"In September 2023, Sioux County enacted a 1-year moratorium on commercial solar development.","In September 2023, Sioux County enacted a 1-year moratorium on commercial solar development."
S26R-6073,IA,Sioux County,wind,moratorium (wind),expired,status expired: no longer in force,"In September 2022, Sioux County adopted a 1-year moratorium on commercial wind development.","In September 2022, Sioux County adopted a 1-year moratorium on commercial wind development. Sioux County extended the wind energy moratorium for another year in September 2023."
S26R-6086,IA,Muscatine County,wind,moratorium (wind),expired,status expired: no longer in force,"In January 2024, the Muscatine County Board of Supervisors passed a 9-month moratorium on the issuance of special use permits for commercial wind farms, in order to provide time for the Board to consult wind farm experts and potentially promulgate revised ordinances.","In January 2024, the Muscatine County Board of Supervisors passed a 9-month moratorium on the issuance of special use permits for commercial wind farms, in order to provide time for the Board to consult wind farm experts and potentially promulgate revised ordinances."
REC-0072,ID,Bonneville County,wind,ban or moratorium (wind),expired,status expired: no longer in force,"In 2010, the Bonneville County Planning and Zoning Commission significantly restricted wind development to a specific “turbine zone” in the southern portion of the county.","In 2010, the Bonneville County Planning and Zoning Commission significantly restricted wind development to a specific “turbine zone” in the southern portion of the county. However, the current version of the ordinance does not appear to reference this restricted zone."
REC-0077,IL,DeKalb County,wind,"setback (wind), shadow_flicker_limit (wind)",expired,status expired: no longer in force,"In 2018, DeKalb County passed an ordinance that requires wind turbines to be set back from property lines by a distance of 6 times turbine height and 3 miles from any municipality.","In 2018, DeKalb County passed an ordinance that requires wind turbines to be set back from property lines by a distance of 6 times turbine height and 3 miles from any municipality. The ordinance also requires that zero shadow flicker occur beyond property lines and that wind projects not increase background noise levels by more than 5 dBA. These restrictions were removed to achieve compliance with Public Act 102-1123 (2023)."
REC-0079,IL,Lee County,"wind, solar, storage","moratorium (wind), moratorium (solar), moratorium (storage)",expired,status expired: no longer in force,"In December 2021, the Lee County Board imposed a 6-month moratorium on solar, wind, and battery storage projects, which was ultimately extended to November 2022.","In December 2021, the Lee County Board imposed a 6-month moratorium on solar, wind, and battery storage projects, which was ultimately extended to November 2022. The moratorium was lifted after finalization of a new ordinance addressing concerns from neighbors about setbacks and visual buffers. This type of moratorium would be invalid under state law pursuant to Public Act 102-1123 (2023)."
REC-0121,KS,Brown County,wind,moratorium (wind),expired,status expired: no longer in force,"In July 2022, Brown County adopted a moratorium on wind energy facility permitting in order to work on zoning regulations.","In July 2022, Brown County adopted a moratorium on wind energy facility permitting in order to work on zoning regulations."
REC-0132,KS,Nemaha County,wind,moratorium (wind),expired,status expired: no longer in force,Nemaha County adopted a moratorium on wind energy projects in May 2019.,Nemaha County adopted a moratorium on wind energy projects in May 2019. The moratorium was most recently extended for an additional 12 months in October 2023.
S26R-6054,KS,Linn County,solar,moratorium (solar),expired,status expired: no longer in force,"A solar moratorium was put in place in October 2022, and again in November 2023.","A solar moratorium was put in place in October 2022, and again in November 2023."
S26R-5965,MA,Franklin County,"solar, storage","moratorium (solar), moratorium (storage)",expired,status expired: no longer in force,"In May 2024, residents of Northfield voted in favor of two citizen’s petitions to place 1-year moratoriums on utility-scale solar projects and battery storage facilities.","In May 2024, residents of Northfield voted in favor of two citizen’s petitions to place 1-year moratoriums on utility-scale solar projects and battery storage facilities. During the annual town meeting, proponents argued that the moratoriums would provide time for the town to draft bylaws regulating utility-scale solar projects and battery storage facilities. Opponents argued that the moratoriums would halt the town’s efforts toward clean energy. Some commenters noted that the moratorium might conflict with state law, as Chapter 40A, Section 3 of Massachusetts General Law states that “No zoning ordinance or bylaw shall prohibit or unreasonably regulate the installation of solar energy systems or the building of structures that facilitate the collection of solar energy, except where necessary to protect the public health, safety or welfare.”"
REC-0160,ME,City of Ellsworth,solar,moratorium (solar),expired,status expired: no longer in force,"On October 18, 2021, citing concerns about overdevelopment, the Ellsworth City Council enacted a 6-month moratorium on solar development, which was ultimately extended until October 13, 2022.","On October 18, 2021, citing concerns about overdevelopment, the Ellsworth City Council enacted a 6-month moratorium on solar development, which was ultimately extended until October 13, 2022."
REC-0164,ME,Town of Corinth,solar,moratorium (solar),expired,status expired: no longer in force,"In March 2024, the Town of Corinth imposed a 180-day moratorium on commercial solar projects.","In March 2024, the Town of Corinth imposed a 180-day moratorium on commercial solar projects."
S26R-6001,ME,Penobscot County,solar,moratorium (solar),expired,status expired: no longer in force,"In May 2024, the Town Council of Dexter passed a 180-day moratorium on commercial solar arrays.","In May 2024, the Town Council of Dexter passed a 180-day moratorium on commercial solar arrays."
S26R-6018,ME,Town of Mechanic Falls,solar,moratorium (solar),expired,status expired: no longer in force,"In November 2021, following the approval of two solar farms, the Town Council enacted a 180-day moratorium on the development of solar projects in order for the Planning Board to develop an ordinance.","In November 2021, following the approval of two solar farms, the Town Council enacted a 180-day moratorium on the development of solar projects in order for the Planning Board to develop an ordinance."
REC-0204,MI,Bridgehampton Township,wind,moratorium (wind),expired,status expired: no longer in force,"In March 2016, a Bridgehampton Township council member moved for a wind moratorium, but this moratorium was eventually rejected.","In March 2016, a Bridgehampton Township council member moved for a wind moratorium, but this moratorium was eventually rejected. Bridgehampton then adopted a six-month moratorium on new wind development in November 2016 under a new board supervisor."
REC-0208,MI,Cohoctah Township,solar,moratorium (solar),expired,status expired: no longer in force,"In December 2021, Cohoctah Township adopted a year-long moratorium on utility-scale solar.","In December 2021, Cohoctah Township adopted a year-long moratorium on utility-scale solar. The township adopted another year-long utility-scale solar moratorium in February 2023."
S26R-5867,MI,Hazelton Township,solar,moratorium (solar),expired,status expired: no longer in force,"In July 2021, Hazelton Township officials imposed a 12-month solar moratorium.","In July 2021, Hazelton Township officials imposed a 12-month solar moratorium. A local businessman had led a campaign against solar in Hazelton, erecting 2,000 yard signs reading “No Solar Farms.”"
S26R-5870,MI,Marion Township,wind,moratorium (wind),expired,status expired: no longer in force,"In March 2016, Marion Township adopted a 6-month moratorium on wind energy development at the same time as it was being considered as a site for a planned wind project.","In March 2016, Marion Township adopted a 6-month moratorium on wind energy development at the same time as it was being considered as a site for a planned wind project. This moratorium was later revised to only apply to future applications for permits, licenses, or approvals."
S26R-5874,MI,Wales Township,"wind, solar","moratorium (wind), moratorium (solar)",expired,status expired: no longer in force,"In February 2023, Wales Township adopted an 18-month moratorium on wind and solar projects.","In February 2023, Wales Township adopted an 18-month moratorium on wind and solar projects."
S26R-5909,MI,Tyrone Township,solar,moratorium (solar),expired,status expired: no longer in force,"In April 2023, Tyrone Township adopted a 6-month moratorium on solar projects in order to develop solar regulations.","In April 2023, Tyrone Township adopted a 6-month moratorium on solar projects in order to develop solar regulations. The moratorium was in response to community concerns about noise, property values, and environmental impacts. In October 2023, the township extended the moratorium by six months, and in November 2023, the township Board of Trustees unanimously adopted a resolution in favor of maintaining local control of utility-scale solar facilities."
S26R-5915,MI,Ogden Township,wind,moratorium (wind),expired,status expired: no longer in force,"In March 2011, Ogden Township officials voted unanimously (5-0) to institute a 6-month moratorium on wind turbine construction.","In March 2011, Ogden Township officials voted unanimously (5-0) to institute a 6-month moratorium on wind turbine construction. Ogden created a citizens advisory committee to research the effects of wind energy and alternative options for power generation."
S26R-5929,MI,Stanton Township,wind,moratorium (wind),expired,status expired: no longer in force,"In August 2021, Stanton Township adopted a 9-month moratorium on wind energy development.","In August 2021, Stanton Township adopted a 9-month moratorium on wind energy development."
REC-0216,MN,Meeker County,"wind, solar","moratorium (wind), moratorium (solar)",expired,status expired: no longer in force,"In February 2024, the Meeker County Commissioners voted 4-1 to approve a 1-year moratorium on solar and wind energy systems, in order to consider updates to the county’s wind and solar zoning ordinances.","In February 2024, the Meeker County Commissioners voted 4-1 to approve a 1-year moratorium on solar and wind energy systems, in order to consider updates to the county’s wind and solar zoning ordinances."
REC-0217,MN,Traverse County,wind,moratorium (wind),expired,status expired: no longer in force,"In 2023, Traverse County passed an interim ordinance that temporarily prohibited the permitting and constructing of wind energy facilities for 12 months.","In 2023, Traverse County passed an interim ordinance that temporarily prohibited the permitting and constructing of wind energy facilities for 12 months. In February 2024, the county extended its moratorium by an additional 12 months to allow time to update its current Wind Energy Conversion Systems ordinance."
REC-0230,MO,Monroe County,wind,moratorium (wind),expired,status expired: no longer in force,"In August 2019, the Monroe County Board of Commissioners put in place an 18-month moratorium on wind energy development amidst early plans for a wind energy project in the county.","In August 2019, the Monroe County Board of Commissioners put in place an 18-month moratorium on wind energy development amidst early plans for a wind energy project in the county."
REC-0313,NC,Rowan County,solar,moratorium (solar),expired,status expired: no longer in force,"In October 2019, Rowan County instituted a moratorium on large solar farms, set to expire in April 2020.","In October 2019, Rowan County instituted a moratorium on large solar farms, set to expire in April 2020. It was extended twice. At the time of the most recent extension on October 5, 2020, it was set to expire on April 6, 2021."
REC-0314,NC,Town of Woodland,solar,moratorium (solar),expired,status expired: no longer in force,"In 2015, the Woodland Town Council approved a moratorium on all future solar projects in the midst of opposition to a project proposed by Strata Solar.","In 2015, the Woodland Town Council approved a moratorium on all future solar projects in the midst of opposition to a project proposed by Strata Solar."
S26R-5657,NC,Hertford County,solar,moratorium (solar),expired,status expired: no longer in force,Hertford County Commissioners unanimously approved a temporary solar moratorium in October 2020.,Hertford County Commissioners unanimously approved a temporary solar moratorium in October 2020. The moratorium was enacted in response to local opposition to the proposal for development of a nearby solar farm.
REC-0327,ND,Mercer County,wind,moratorium (wind),expired,status expired: no longer in force,"In May 2020, Mercer County adopted a 2-year moratorium on wind energy applications, blocking the planned Garrison Butte Wind Farm.","In May 2020, Mercer County adopted a 2-year moratorium on wind energy applications, blocking the planned Garrison Butte Wind Farm. In July 2020, supporters of coal argued at a public meeting that the moratorium should stay in place."
REC-0328,ND,Stark County,wind,setback (wind),expired,status expired: no longer in force,"In September 2021, the Stark County Board of Commissioners voted unanimously to approve a 9-month moratorium on any wind energy development in the county.","In September 2021, the Stark County Board of Commissioners voted unanimously to approve a 9-month moratorium on any wind energy development in the county. This decision came as the City of Dickinson was considering a wind farm proposed by Marathon and One Energy. In July of the same year, the Commission withdrew the moratorium pursuant to court order and directed the county planning and zoning director to draft a new, lawful moratorium."
REC-0244,NE,City of Gretna,solar,moratorium (solar),expired,status expired: no longer in force,"In July 2020, Gretna City Council approved a temporary moratorium on solar plants and associated facilities through October 2020 or until city codes were updated, whichever was sooner.","In July 2020, Gretna City Council approved a temporary moratorium on solar plants and associated facilities through October 2020 or until city codes were updated, whichever was sooner."
S26R-5769,NE,Scotts Bluff County,"wind, solar","setback (wind), setback (solar)",expired,status expired: no longer in force,"In January 2024, Scotts Bluff County passed a 6-month moratorium on new conditional use permits for renewable energy projects.","In January 2024, Scotts Bluff County passed a 6-month moratorium on new conditional use permits for renewable energy projects."
S26R-5778,NE,Madison County,wind,moratorium (wind),expired,status expired: no longer in force,"In April 2018, the county approved a 6-month wind moratorium after local landowners obtained leases for a possible wind farm.","In April 2018, the county approved a 6-month wind moratorium after local landowners obtained leases for a possible wind farm. In July 2024, the county again adopted a 4-month moratorium on wind farms, which the county ended in September 2024 after deciding not to change local zoning regulations."
REC-0292,NY,Cattaraugus County,"wind, solar","moratorium (wind), moratorium (solar)",expired,status expired: no longer in force,"In May 2022, the Cattaraugus County Industrial Development Agency (IDA) voted to implement a 6-month moratorium on new solar energy applications.","In May 2022, the Cattaraugus County Industrial Development Agency (IDA) voted to implement a 6-month moratorium on new solar energy applications. Local opponents argued that any new solar farms would take good farmland and detract from the county’s scenic landscape. Then, in July 2022, the IDA approved a moratorium on wind farm development. In July 2023, the IDA voted to extend its moratorium on any new solar or wind projects until the end of 2023. In December 2023, the IDA once again extended the moratorium through 2024."
S26R-5689,NY,Town of Riverhead,"solar, storage","moratorium (solar), moratorium (storage)",expired,status expired: no longer in force,"In 2021, the Town of Riverhead adopted a 12-month moratorium on commercial solar development.","In 2021, the Town of Riverhead adopted a 12-month moratorium on commercial solar development. In 2023, the town adopted a new code to regulate battery enery storage systems (BESS). In 2024, the town had considered a 3-month BESS moratorium that was rescided in early 2024 given the adoption of the state’s BESS safety regulations."
S26R-5696,NY,Campbell,"wind, solar","ban or moratorium (wind), ban or moratorium (solar)",expired,status expired: no longer in force,Town of Campbell (Steuben County): Ban / Moratorium (wind) | Ban / Moratorium (solar),
S26R-5713,NY,Town of Goshen,solar,moratorium (solar),expired,status expired: no longer in force,"In August 2022, the town of Goshen enacted a 6-month moratorium on the permitting of solar farms.","In August 2022, the town of Goshen enacted a 6-month moratorium on the permitting of solar farms."
S26R-5724,NY,Town of Root,solar,moratorium (solar),expired,status expired: no longer in force,"In February 2022, the town of Root passed a 6-month moratorium on solar development.","In February 2022, the town of Root passed a 6-month moratorium on solar development. The moratorium was enacted as SunEast Development was in the early stages of planning a 200-MW solar facility."
S26R-5725,NY,Town of Glen,solar,moratorium (solar),expired,status expired: no longer in force,"In August 2021, the Glen Town Board enacted a moratorium on industrial-scale solar project development.","In August 2021, the Glen Town Board enacted a moratorium on industrial-scale solar project development. The Board’s action was in response to ConnectGen developing a proposal for a solar project. In August 2022, the Glen Town Board renewed the moratorium on utility-scale solar for another 6 months."
S26R-5736,NY,Town of Long Lake,storage,moratorium (storage),expired,status expired: no longer in force,"In August 2023, the Town of Long Lake passed a moratorium on processing permits for battery energy storage systems (BESS) for one year with an option to extend.","In August 2023, the Town of Long Lake passed a moratorium on processing permits for battery energy storage systems (BESS) for one year with an option to extend. In May 2024, the town ennacted Local Law No. 1 to regulate BESS development, effectively ending the moratorium."
S26R-5747,NY,Chemung,"wind, solar","moratorium (wind), moratorium (solar)",expired,status expired: no longer in force,"In 2023, the Town of Chemung enacted a temporary 6-month moratorium on the development of Large Scale Solar and Commercial Wind Energy Systems.","In 2023, the Town of Chemung enacted a temporary 6-month moratorium on the development of Large Scale Solar and Commercial Wind Energy Systems. In February 2024, the moratorium was extended by an additional 4 months."
S26R-5756,NY,Town of Westerlo,"wind, solar, storage","moratorium (wind), moratorium (solar), moratorium (storage)",expired,status expired: no longer in force,"In August 2019, the Westerlo town board voted unanimously to enact a yearlong moratorium on commercial solar arrays, commercial wind turbines, and associated energy-storage systems after approving five solar projects in the span of two years.","In August 2019, the Westerlo town board voted unanimously to enact a yearlong moratorium on commercial solar arrays, commercial wind turbines, and associated energy-storage systems after approving five solar projects in the span of two years. The moratorium was subsequently extended to November 2021. In October 2021, the town passed new ordinances that took effect once the moratorium expired."
S26R-5609,OH,"Shalersville, Nelson, Rootstown Townships","wind, solar","moratorium (wind), moratorium (solar)",expired,status expired: no longer in force,"In 2022 and 2023, three Portage County townships (Shalersville, Nelson, and Rootstown) established temporary moratoria on large wind and solar facilities.","In 2022 and 2023, three Portage County townships (Shalersville, Nelson, and Rootstown) established temporary moratoria on large wind and solar facilities. However, as of December 31, 2024, the county has not established a restricted area pursuant to S.B. 52."
REC-0415,TN,Greene County,solar,moratorium (solar),expired,status expired: no longer in force,"In August 2022, the Greene County Commission approved a 6-month moratorium on new commercial farms.","In August 2022, the Greene County Commission approved a 6-month moratorium on new commercial farms."
REC-0416,TN,Shelby County,solar,moratorium (solar),expired,status expired: no longer in force,"In September 2023, the Shelby County Commission approved a 180-day moratorium on commercial solar farm developments in the Conservation Agricultural zoning district of the county.","In September 2023, the Shelby County Commission approved a 180-day moratorium on commercial solar farm developments in the Conservation Agricultural zoning district of the county."
S26R-5466,VA,Charlotte County,solar,moratorium (solar),expired,status expired: no longer in force,"On August 8, 2022, the Charlotte County Board of Supervisors adopted a moratorium on applications for solar projects through January 1, 2024 or until the Charlotte County Planning Commission makes a recommendation on zoning for solar projects, whichever happens first.","On August 8, 2022, the Charlotte County Board of Supervisors adopted a moratorium on applications for solar projects through January 1, 2024 or until the Charlotte County Planning Commission makes a recommendation on zoning for solar projects, whichever happens first. In April 2023, Charlotte County lifted the moratorium."
REC-0463,WA,Kittitas County,solar,moratorium (solar),expired,status expired: no longer in force,"In early 2017, the Kittitas County Commissioners established a temporary moratorium on applications for major solar energy projects.","In early 2017, the Kittitas County Commissioners established a temporary moratorium on applications for major solar energy projects. In July of 2017, Kittitas County Commissioners extended the moratorium by another six months and created a Citizen Advisory Committee to gather information in order to create informed regulations for the county. The moratorium was rescinded in October 2018 with the adoption of a new ordinance. The moratorium was apparently motivated by opposition to the proposed Columbia Solar Project."
REC-0485,WI,Town of Lincoln,wind,moratorium (wind),expired,status expired: no longer in force,"In May 2021, the town of Lincoln, located in Eau Claire County, passed a 6-month moratorium on wind energy development in direct response to RWE Renewables America’s interest in building a wind farm in the county.","In May 2021, the town of Lincoln, located in Eau Claire County, passed a 6-month moratorium on wind energy development in direct response to RWE Renewables America’s interest in building a wind farm in the county. The moratorium received the support of several dozen residents at a township meeting."
REC-0452,VA,Charloje County,solar,moratorium,lifted,status lifted: no longer in force,"Moratorium on solar project applications until January 1, 2024 or until zoning recommendations are made.","On August 8, 2022, the CharloWe County Board of Supervisors adopted a moratorium on applicaDons for solar projects through January 1, 2024, or unDl the CharloWe County Planning Commission makes a recommendaDon on zoning for solar projects, whichever happens first. In April 2023, CharloWe County liged the moratorium."
