id,state,project_name,technology,court_level,severity_score,description,case_name,court,docket_number,case_status,linked_entity,source_record_id,case_id,source,source_url,case_source_url,reviewer_notes,source_id,instrument_id,evidence_level
cas_88caa9f9ce,AZ,SunZia Transmission Line,transmission,federal_district,3,Tohono O'odham Nation v. U.S. Department of the Interior (U.S. District Court for the District of Arizona) - litigation over SunZia Transmission Line,Tohono O'odham Nation v. U.S. Department of the Interior,U.S. District Court for the District of Arizona,4:24-cv-00034,pending,contested_project,REC-0013,case_36584c3665,Reviewed case record,https://dockets.justia.com/docket/arizona/azdce/4:2024cv00034/1359631,https://dockets.justia.com/docket/arizona/azdce/4:2024cv00034/1359631,"Verified 2026-09-24 by web search: a Justia dockets / govinfo result names this case, court and docket; opinion text not read. Dismissed 2024-06-06; the Ninth Circuit revived the claims in 2025 and remanded.; Re-read 2026-10-08 (govinfo, Justia): dismissal order, D. Ariz. No. CV-24-00034-TUC-JGZ, dated 2024-06-06, granted the intervenor's motion to dismiss; 'This action is dismissed with prejudice.' Ninth Circuit opinion No. 24-3659, filed 2025-05-27 (Justia): 'REVERSED AND REMANDED.' Both name the SunZia Transmission Line. Nothing filed after the remand was read, so case_status stays pending. Fields unchanged. URLs read: https://www.govinfo.gov/app/details/USCOURTS-azd-4_24-cv-00034, https://law.justia.com/cases/federal/appellate-courts/ca9/24-3659/24-3659-2025-05-27.html; the Justia docket page lists filings only to 2024-03-15.",src_733480173ca9,case:case_36584c3665,court_record
cas_59b3fe6203,CA,Altamont Pass Wind Resource Area First-Generation Wind Farms,wind,state_appellate,3,"Center for Biological Diversity, Inc. v. FPL Group, Inc. (California Court of Appeal, First Appellate District) - litigation over Altamont Pass Wind Resource Area First-Generation Wind Farms","Center for Biological Diversity, Inc. v. FPL Group, Inc.","California Court of Appeal, First Appellate District",A116362,ruled_for_developer,contested_project,REC-0023,case_a216359f5a,Reviewed case record,https://www.courtlistener.com/opinion/2247219/center-for-biological-diversity-inc-v-fpl-group-inc/,https://www.courtlistener.com/opinion/2247219/center-for-biological-diversity-inc-v-fpl-group-inc/,"Verified 2026-09-24 by web search: a CourtListener / FindLaw result names this case, court; opinion text not read. Decided 2008-09-18 (166 Cal.App.4th 1349): dismissal affirmed.; Re-read 2026-10-08 (CourtListener API, opinion and cluster): Center for Biological Diversity, Inc. v. FPL Group, Inc., 166 Cal. App. 4th 1349, filed 2008-09-18 (Pollak, J.), on owners and operators of wind turbines in the Altamont Pass Wind Resource Area: 'The judgment is affirmed.' Docket A116362 added from the CourtListener docket record.",src_6c9ba082386e,case:case_a216359f5a,court_record
cas_0824601d36,CA,Boulder Brush Project,wind;transmission,federal_district,3,Backcountry Against Dumps v. Bureau of Indian Affairs (U.S. District Court for the Southern District of California) - litigation over Boulder Brush Project,Backcountry Against Dumps v. Bureau of Indian Affairs,U.S. District Court for the Southern District of California,3:20-cv-02343,dismissed,contested_project,REC-0027,case_745ea6e9b2,Reviewed case record,https://law.justia.com/cases/federal/district-courts/california/casdce/3:2020cv02343/694320/74/,https://law.justia.com/cases/federal/district-courts/california/casdce/3:2020cv02343/694320/74/,"Verified 2026-09-24 by web search: a Justia result names this case, court and docket; opinion text not read. Dismissed under Rule 19 (tribe a required party); affirmed by the Ninth Circuit.; Re-read 2026-10-08: Ninth Circuit memorandum No. 21-55869 (D.C. No. 3:20-cv-02343-JLS-DEB), filed 2022-10-27 (https://cdn.ca9.uscourts.gov/datastore/memoranda/2022/10/27/21-55869.pdf): 'the district court dismissed the complaint for failure to join a required party under Federal Rule of Civil Procedure 19. We affirm.' The case_source_url document (ECF No. 74, 2021-06-14) is an order granting the Campo Band limited intervention, not the dismissal; the district court's dismissal order itself was not read. Neither document names Boulder Brush: both describe the Campo Band's lease with Terra-Gen for a 60-turbine wind project on the reservation. Whether this case belongs to the Boulder Brush record needs a reviewer. Fields unchanged.",src_95e68a6de863,case:case_745ea6e9b2,court_record
cas_3ced317c10,DE,Cedar Creek Solar,solar,state_trial,3,Citizens Against Solar Pollution v. Kent County (Delaware Court of Chancery) - litigation over Cedar Creek Solar,Citizens Against Solar Pollution v. Kent County,Delaware Court of Chancery,2022-0287-NAC,dismissed,contested_project,REC-0044,case_de5d5a5743,Reviewed case record,https://law.justia.com/cases/delaware/court-of-chancery/2023/2022-0287-nac.html,https://law.justia.com/cases/delaware/court-of-chancery/2023/2022-0287-nac.html,"Verified 2026-09-24 by web search: a Justia result names this case, court and docket; opinion text not read. 2023: dismissed for lack of jurisdiction with leave to transfer to Superior Court.; Re-read 2026-10-08 (Justia): Order Dismissing Complaint With Leave to Transfer, Del. Ch. C.A. No. 2022-0287-NAC, 2023-02-24 (Cook, V.C.): 'I DISMISS the complaint WITHOUT PREJUDICE to Plaintiffs' right to transfer this action to the Superior Court.' Names the conditional use permit for FPS Cedar Creek Solar LLC. Fields unchanged.",src_5321434aa4c7,case:case_de5d5a5743,court_record
cas_f6bc1ddf0a,DE,Cedar Creek Solar,solar,state_trial,3,Citizens Against Solar Pollution v. Kent County (Delaware Superior Court) - litigation over Cedar Creek Solar,Citizens Against Solar Pollution v. Kent County,Delaware Superior Court,N23C-03-196 VLM,ruled_for_developer,contested_project,REC-0044,case_58fe8f2527,Reviewed case record,https://law.justia.com/cases/delaware/superior-court/2024/n23c-03-196-vlm.html,https://law.justia.com/cases/delaware/superior-court/2024/n23c-03-196-vlm.html,"Verified 2026-09-24 by web search: a Justia result names this case, court and docket; opinion text not read. Transferred case; 2023 and 2024 decisions; later appealed to the Delaware Supreme Court (Kent County v. Citizens Against Solar Pollution). Outcome not captured.; Re-read 2026-10-08 (Justia): Superior Court order, C.A. No. N23C-03-196 VLM, decided 2024-05-07 (Medinilla, J.): 'the Levy Court's decision is AFFIRMED. Count II (writ of certiorari) of the Amended Complaint is dismissed with prejudice.' Delaware Supreme Court order, No. 210, 2024, decided 2025-03-10 (https://law.justia.com/cases/delaware/supreme-court/2025/210-2024.html), on the citizens' appeal and the County's cross-appeal: 'the judgments of the Court of Chancery and the Superior Court are AFFIRMED.' case_status set to ruled_for_developer. Correction to the earlier note: the merits appeal is captioned Citizens Against Solar Pollution v. Kent County, not Kent County v. Citizens Against Solar Pollution; the only Kent County appeal the documents mention is an interlocutory one the Supreme Court refused on 2024-01-10.",src_429df504cd5f,case:case_58fe8f2527,court_record
cas_063bbee71a,HI,Kahuku Na Pua Makani Wind Project,wind,state_supreme,3,Keep the North Shore Country v. Board of Land and Natural Resources (Supreme Court of Hawai'i) - litigation over Kahuku Na Pua Makani Wind Project,Keep the North Shore Country v. Board of Land and Natural Resources,Supreme Court of Hawai'i,SCAP-19-0000449,ruled_for_developer,contested_project,REC-0067,case_ee372892b0,Reviewed case record,https://law.justia.com/cases/hawaii/supreme-court/2022/scap-19-0000449.html,https://law.justia.com/cases/hawaii/supreme-court/2022/scap-19-0000449.html,"Verified 2026-09-24 by web search: a vLex / DLNR result names this case, court and docket; opinion text not read. Decided 2022-02-22: habitat conservation plan approval upheld.; Re-read 2026-10-08 (Justia copy of the Judiciary e-filed opinion, 'Electronically Filed Supreme Court SCAP-19-0000449 22-FEB-2022'): Keep the North Shore Country v. Board of Land and Natural Resources, on the Na Pua Makani Wind Farm habitat conservation plan and incidental take license: 'we affirm the circuit court's May 23, 2019 Final Judgment, which affirmed the Board's May 18, 2018 Findings of Fact, Conclusions of Law, and Decision and Order.' case_source_url changed from the vLex page (not read) to the Justia copy read.",src_2347b3acaab4,case:case_ee372892b0,court_record
cas_332e8c8529,IL,Alta Wind Farm,wind,state_trial,3,"Alta Farms Wind Project II v. DeWitt County (Illinois Circuit Court, Sixth Judicial Circuit (DeWitt County)) - litigation over Alta Wind Farm",Alta Farms Wind Project II v. DeWitt County,"Illinois Circuit Court, Sixth Judicial Circuit (DeWitt County)",21-MR-36,ruled_for_developer,contested_project,REC-0085,case_c1f72eeee2,Reviewed case record,https://bloximages.chicago2.vip.townnews.com/pantagraph.com/content/tncms/assets/v3/editorial/2/d7/2d766008-937a-572c-9e64-1b6be300fc8d/613a6e8edb992.pdf.pdf,https://bloximages.chicago2.vip.townnews.com/pantagraph.com/content/tncms/assets/v3/editorial/2/d7/2d766008-937a-572c-9e64-1b6be300fc8d/613a6e8edb992.pdf.pdf,"Verified 2026-09-24 by web search: a Pantagraph (complaint PDF) / news result names this case, court; opinion text not read. 2021: board lacked authority to suspend the project's building permits. Residents' and the Village of Wapella's suits against the approval are not recorded here.; Re-read 2026-10-08: the earlier case_source_url (Pantagraph page) holds the Verified Complaint for Mandamus, which names the court (Circuit Court of the Sixth Judicial Circuit, DeWitt County) but no case number. The court's Mandamus Order, No. 21-MR-36, dated 2021-09-08 (Bohm, J.), was read from the Pantagraph-hosted PDF now in case_source_url: 'The County Board lacked the legal authority to take this action' and 'the motion for summary judgment is granted in part. The DeWitt County Zoning Administrator is ordered to issue a formal decision on the 15 Permit Applications on or before September 13, 2021.' The court did not order the permits issued. Docket 21-MR-36 added; case_status unchanged.",src_b878ed0a41a6,case:case_c1f72eeee2,court_record
cas_eb7ae28c2d,MA,454-MW offshore wind farm,wind,federal_appellate,3,Public Employees for Environmental Responsibility v. Hopper (U.S. Court of Appeals for the D.C. Circuit) - litigation over 454-MW offshore wind farm,Public Employees for Environmental Responsibility v. Hopper,U.S. Court of Appeals for the D.C. Circuit,14-5301,ruled_for_opposition,contested_project,REC-0193,case_b20d5aafe4,Reviewed case record,https://www.courtlistener.com/opinion/3219842/public-employees-for-environmental-responsibility-v-hopper/,https://www.courtlistener.com/opinion/3219842/public-employees-for-environmental-responsibility-v-hopper/,"Verified 2026-09-24 by web search: a CourtListener / govinfo result names this case, court and docket; opinion text not read. Decided 2016-07-05: Cape Wind EIS held inadequate (geological surveys).; Re-read 2026-10-08 (CourtListener API, opinion text): D.C. Cir. No. 14-5301, consolidated with 14-5303, argued 2016-02-11, decided 2016-07-05, on the Cape Wind Energy Project: 'We reverse the district court's judgment that the Bureau's environmental impact statement complied with NEPA and that the Service's incidental take statement complied with the Endangered Species Act, and we vacate both statements.' Remaining claims' dismissal affirmed. Fields unchanged.",src_22f8ac453ce3,case:case_b20d5aafe4,court_record
cas_90da8d11c7,NC,Coastal Pine Solar Farm,solar,state_appellate,3,"Coastal Pine Solar, LLC v. Pender County (North Carolina Court of Appeals) - litigation over Coastal Pine Solar Farm","Coastal Pine Solar, LLC v. Pender County",North Carolina Court of Appeals,COA24-108,ruled_for_opposition,contested_project,REC-0319,case_deb7e3e90a,Reviewed case record,https://caselaw.findlaw.com/court/nc-court-of-appeals/129583.html,https://caselaw.findlaw.com/court/nc-court-of-appeals/129583.html,"Verified 2026-09-24 by web search: a FindLaw / vLex result names this case, court and docket; opinion text not read. Decided 2026-06-17: county's permit denial upheld.; Re-read 2026-10-08 (FindLaw copy of the opinion, unpublished under Rule 30(e)): N.C. Ct. App. No. COA24-108, decided 2026-06-17, on an SUP for a 2,360-acre solar farm in Pender County: 'we affirm the trial court's order upholding the decision of the Board.' Fields unchanged.",src_f7075eca4512,case:case_deb7e3e90a,court_record
cas_d4603d92ed,NH,Antrim Wind Project,wind,state_supreme,3,In re Allen (Antrim Wind Energy) (Supreme Court of New Hampshire) - litigation over Antrim Wind Project,In re Allen (Antrim Wind Energy),Supreme Court of New Hampshire,2017-0313,ruled_for_developer,contested_project,REC-0268,case_c0daa618a6,Reviewed case record,https://www.courtlistener.com/opinion/7923542/in-re-allen/,https://www.courtlistener.com/opinion/7923542/in-re-allen/,"Verified 2026-09-24 by web search: a CourtListener result names this case, court; opinion text not read. May 2018 (per NHPR): Site Evaluation Committee approval upheld.; Re-read 2026-10-08 (CourtListener API, opinion, cluster and docket): Appeal of Mary Allen & a. (New Hampshire Site Evaluation Committee), 186 A.3d 879, filed 2018-05-11, on Antrim Wind Energy, LLC's nine turbines in Antrim: 'We affirm.' Docket No. 2017-0313 added from the CourtListener docket record.",src_ed3cc583909b,case:case_c0daa618a6,court_record
cas_e3b7b34361,NH,Franklin Solar Project,solar,state_supreme,3,"Mojalaki Holdings, LLC v. City of Franklin (Supreme Court of New Hampshire) - litigation over Franklin Solar Project","Mojalaki Holdings, LLC v. City of Franklin",Supreme Court of New Hampshire,2022-0122,ruled_for_developer,contested_project,REC-0269,case_654d463e55,Reviewed case record,https://law.justia.com/cases/new-hampshire/supreme-court/2024/2022-0122.html,https://law.justia.com/cases/new-hampshire/supreme-court/2024/2022-0122.html,"Verified 2026-09-24 by web search: a Justia result names this case, court and docket; opinion text not read. Decided 2024-04-09: planning board denial reversed; builder's remedy granted.; Re-read 2026-10-08 (Internet Archive copy of the Justia page, https://web.archive.org/web/20250622095728id_/https://law.justia.com/cases/new-hampshire/supreme-court/2024/2022-0122.html; the live page returned HTTP 429): Mojalaki Holdings, LLC & a. v. City of Franklin, 2024 N.H. 17, No. 2022-0122, opinion issued 2024-04-09: 'We reverse and remand for entry of a builder's remedy.' The opinion describes a solar array on about six and a half acres of Mojalaki's land (a former golf course); it does not use the name 'Franklin Solar'. Fields unchanged.",src_fe3ec1e3efaa,case:case_654d463e55,court_record
cas_6e1193c644,NJ,Atlantic Shores South Project,wind,federal_district,3,"Save Long Beach Island v. Atlantic Shores Offshore Wind, LLC (U.S. District Court for the District of New Jersey) - litigation over Atlantic Shores South Project","Save Long Beach Island v. Atlantic Shores Offshore Wind, LLC",U.S. District Court for the District of New Jersey,3:24-cv-09377,dismissed,contested_project,REC-0276,case_c0443f5960,Reviewed case record,https://www.govinfo.gov/app/details/USCOURTS-njd-3_24-cv-09377,https://www.govinfo.gov/app/details/USCOURTS-njd-3_24-cv-09377,"Verified 2026-09-24 by web search: a govinfo result names this case, court and docket; opinion text not read. Appeal docketed in the Third Circuit as 26-2186. The municipalities' separate 2023 state suit was dismissed for lack of standing in April 2024 (not recorded here).; Re-read 2026-10-08 (govinfo, Opinion, ECF No. 29, https://www.govinfo.gov/app/details/USCOURTS-njd-3_24-cv-09377): Civil Action No. 24-9377 (ZNQ) (RLS), dated 2026-04-29: 'the Court will GRANT Atlantic Shores' Motion to Dismiss. The Complaint will be DISMISSED WITH PREJUDICE', on preemption by the Outer Continental Shelf Lands Act. The suit sought to enjoin up to 200 turbines off New Jersey. case_status changed from pending to dismissed. The Third Circuit appeal 26-2186 in the earlier note was not seen in any document read.",src_8eef61cb2896,case:case_c0443f5960,court_record
cas_858866bcc6,NJ,New York Bight Offshore Wind Area,wind,federal_district,3,Save Long Beach Island v. U.S. Department of the Interior (U.S. District Court for the District of Columbia) - litigation over New York Bight Offshore Wind Area,Save Long Beach Island v. U.S. Department of the Interior,U.S. District Court for the District of Columbia,22-cv-55 (DLF),dismissed,contested_project,REC-0279,case_6b27c909ba,Reviewed case record,https://www.courtlistener.com/opinion/9382865/save-long-beach-island-v-united-states-department-of-the-interior/,https://www.courtlistener.com/opinion/9382865/save-long-beach-island-v-united-states-department-of-the-interior/,"Verified 2026-09-24 by web search: a CourtListener result names this case, court and docket; opinion text not read. Dismissed for lack of jurisdiction.; Re-read 2026-10-08 (CourtListener API, opinion text): D.D.C. No. 22-cv-55 (DLF), memorandum opinion dated 2023-03-09 (Friedrich, J.), on BOEM's designation of New York Bight wind energy areas: the Court will 'dismiss the complaint for lack of jurisdiction', leaving the case open 30 days for a motion to amend. Fields unchanged.",src_8f917ca74c3a,case:case_6b27c909ba,court_record
cas_1fccda4b59,NJ,Ocean Wind 1,wind,federal_district,3,County of Cape May v. United States (U.S. District Court for the District of New Jersey) - litigation over Ocean Wind 1,County of Cape May v. United States,U.S. District Court for the District of New Jersey,1:23-cv-21201,dismissed,contested_project,REC-0281,case_5c2b2e80a1,Reviewed case record,https://www.govinfo.gov/app/details/USCOURTS-njd-1_23-cv-21201,https://www.govinfo.gov/app/details/USCOURTS-njd-1_23-cv-21201,"Verified 2026-09-24 by web search: a Sabin Center climate litigation database result names this case, court and docket; opinion text not read. Dismissed as moot after the developer cancelled Ocean Wind 1.; Re-read 2026-10-08: the earlier case_source_url (climatecasechart) is not a court record; replaced with the govinfo package, whose Memorandum Opinion and Order of 2024-05-31 (granting intervention) names the Ocean Wind 1 Project and Orsted's decision to cease development. The dismissal order was read from a copy at https://cdn.climatepolicyradar.org/navigator/USA/2023/county-of-cape-may-v-united-states_4f2108ebb0d770d20967efd888ab48e1.pdf: Civil Action No. 23-21201 (KMW-SAK), dated November 2024 with the day left blank: 'Plaintiffs' Complaint (ECF No. 1) is hereby DISMISSED WITHOUT PREJUDICE.' Correction to the earlier note: the order does not rest on mootness; it cites the parties' agreement to dismissal and 'the just, speedy, and inexpensive determination of this action'. case_status (dismissed) unchanged.",src_dd5821622498,case:case_5c2b2e80a1,court_record
cas_ddfd44db13,NV,Clark County Solar Development,solar,federal_district,3,Western Watersheds Project v. Haaland (U.S. District Court for the District of Nevada) - litigation over Clark County Solar Development,Western Watersheds Project v. Haaland,U.S. District Court for the District of Nevada,2:23-cv-02009,pending,contested_project,REC-0259,case_d1ea6bd67c,Reviewed case record,https://www.courtlistener.com/opinion/10366230/western-watersheds-project-v-haaland/,https://www.courtlistener.com/opinion/10366230/western-watersheds-project-v-haaland/,"Verified 2026-09-24 by web search: a CourtListener result names this case, court; opinion text not read. Filed September 2023 over desert tortoise protections under the Clark County MSHCP; outcome not captured.; Re-read 2026-10-08 (CourtListener API, opinion text): the document at case_source_url is an Order of the U.S. District Court for the District of Nevada, Case No. 2:23-cv-02009-GMN-EJY, dated 2025-03-25 (Navarro, J.). It says Western Watersheds Project filed its complaint on 2023-09-14 in the District of Columbia and the case was transferred to the District of Nevada on 2023-11-22. The Court granted Clark County's motion to dismiss and granted the federal defendants' motion in part: the reinitiation-of-consultation claim 'stemming from the other three bases (cattle, solar, population decline) may proceed'. Court corrected from the District of Columbia to the District of Nevada; docket 2:23-cv-02009 added; case_status set to pending as of this order (nothing later was read).",src_de7702189893,case:case_d1ea6bd67c,court_record
cas_77f6b901f6,NV,Forest Hills Subdivision Wind Turbine,wind,state_supreme,3,Sowers v. Forest Hills Subdivision (Supreme Court of Nevada) - litigation over Forest Hills Subdivision Wind Turbine,Sowers v. Forest Hills Subdivision,Supreme Court of Nevada,58609,ruled_for_opposition,contested_project,REC-0263,case_cbdfe80fe9,Reviewed case record,https://law.justia.com/cases/nevada/supreme-court/2013/129-nev-adv-op-no-9.html,https://law.justia.com/cases/nevada/supreme-court/2013/129-nev-adv-op-no-9.html,"Verified 2026-09-24 by web search: a Justia / Casemine result names this case, court and docket; opinion text not read. Decided 2013-02-14: permanent injunction against the turbine affirmed.; Re-read 2026-10-08 (Internet Archive copy, https://web.archive.org/web/20250804170055id_/https://law.justia.com/cases/nevada/supreme-court/2013/129-nev-adv-op-no-9.html; live page HTTP 429): Sowers v. Forest Hills Subdivision, 129 Nev. Adv. Op. 9, No. 58609: 'we affirm the district court's order granting a permanent injunction prohibiting its construction.' The decision date is not printed in the text read. Fields unchanged.",src_c9ce988b661a,case:case_cbdfe80fe9,court_record
cas_4632b72354,OK,Osage Wind,wind,federal_appellate,3,"United States v. Osage Wind, LLC (U.S. Court of Appeals for the Tenth Circuit) - litigation over Osage Wind","United States v. Osage Wind, LLC",U.S. Court of Appeals for the Tenth Circuit,15-5121,ruled_for_opposition,contested_project,REC-0363,case_aa6cf531ba,Reviewed case record,https://law.justia.com/cases/federal/appellate-courts/ca10/15-5121/15-5121-2017-09-18.html,https://law.justia.com/cases/federal/appellate-courts/ca10/15-5121/15-5121-2017-09-18.html,"Verified 2026-09-24 by web search: a Justia result names this case, court and docket; opinion text not read. Decided 2017-09-18: excavation was mineral development requiring an approved lease.; Re-read 2026-10-08 (Justia): Tenth Circuit Nos. 15-5121 & 16-5022, filed 2017-09-18: Osage Wind's excavation 'constituted mineral development, thereby requiring a federally approved lease'; summary judgment for Osage Wind reversed and remanded in 15-5121; 16-5022 dismissed as moot. Fields unchanged.",src_d60b4b8819b7,case:case_aa6cf531ba,court_record
cas_38648029ab,OR,Boardman-to-Hemingway Transmission Line,transmission,state_supreme,3,Stop B2H Coalition v. Oregon Department of Energy (Supreme Court of Oregon) - litigation over Boardman-to-Hemingway Transmission Line,Stop B2H Coalition v. Oregon Department of Energy,Supreme Court of Oregon,S069919,ruled_for_developer,contested_project,REC-0368,case_7a2b1317ae,Reviewed case record,https://law.justia.com/cases/oregon/supreme-court/2023/s069919.html,https://law.justia.com/cases/oregon/supreme-court/2023/s069919.html,"Verified 2026-09-24 by web search: a Justia result names this case, court and docket; opinion text not read. 2023 (370 Or 792): site certificate affirmed.; Re-read 2026-10-08 (Internet Archive copy, https://web.archive.org/web/20240908100019id_/https://law.justia.com/cases/oregon/supreme-court/2023/s069919.html; live page HTTP 429): 370 Or 792, decided 2023-03-09, captioned Stop B2H Coalition v. Oregon Department of Energy, Oregon Energy Facility Siting Council, and Idaho Power Company (consolidated with S069920 and S069924): 'The final order of the Energy Facility Siting Council is affirmed.' Fields unchanged.",src_91330a731be3,case:case_7a2b1317ae,court_record
cas_f6479ea3e0,OR,Echanis Wind Farm,wind,federal_appellate,3,Oregon Natural Desert Association v. Jewell (U.S. Court of Appeals for the Ninth Circuit) - litigation over Echanis Wind Farm,Oregon Natural Desert Association v. Jewell,U.S. Court of Appeals for the Ninth Circuit,13-36078,ruled_for_opposition,contested_project,REC-0369,case_31209f3282,Reviewed case record,https://cdn.ca9.uscourts.gov/datastore/opinions/2016/05/26/13-36078.pdf,https://cdn.ca9.uscourts.gov/datastore/opinions/2016/05/26/13-36078.pdf,"Verified 2026-09-24 by web search: a ca9.uscourts.gov result names this case, court and docket; opinion text not read. Same case as REC-0375 (Echanis project on Steens Mountain).; Re-read 2026-10-08: Ninth Circuit opinion No. 13-36078 (D.C. No. 3:12-cv-00596-MO), filed 2016-05-26, read from the ca9.uscourts.gov PDF: BLM's review 'did not adequately assess baseline sage grouse numbers during winter at the Echanis site'; summary judgment reversed in part. Names the Echanis Wind Energy Project on Steens Mountain. Fields unchanged.",src_b8ae2b2663d6,case:case_31209f3282,court_record
cas_7a41442e3b,OR,Origis Energy Solar Project,solar,state_appellate,3,1000 Friends of Oregon v. Jackson County (Oregon Court of Appeals) - litigation over Origis Energy Solar Project,1000 Friends of Oregon v. Jackson County,Oregon Court of Appeals,A166360,ruled_for_opposition,contested_project,REC-0374,case_bc4a549741,Reviewed case record,https://www.courtlistener.com/opinion/6657003/1000-friends-of-or-v-jackson-cnty/,https://www.courtlistener.com/opinion/6657003/1000-friends-of-or-v-jackson-cnty/,"Verified 2026-09-24 by web search: a CourtListener result names this case, court; opinion text not read. Held the 80-acre solar facility was not 'industrial development'; LUBA's reversal of the county approval stood.; Re-read 2026-10-08 (CourtListener API, opinion, cluster and docket): 1000 Friends of Oregon v. Jackson County and Or Solar 7, LLC, 292 Or App 173, filed 2018-05-31, docket A166360, on an approximately 80-acre solar facility outside Medford: 'Affirmed on petition; reversed in part on cross-petition', leaving LUBA's reversal of the county approval in place. The applicant is Or Solar 7, LLC; the opinion does not name Origis, so the record's project name 'Origis Energy Solar Project' is not supported by this document. Docket A166360 added.",src_5dd93a66684f,case:case_bc4a549741,court_record
cas_45b49734fd,OR,Steens Wind,wind,federal_appellate,3,Oregon Natural Desert Association v. Jewell (U.S. Court of Appeals for the Ninth Circuit) - litigation over Steens Wind,Oregon Natural Desert Association v. Jewell,U.S. Court of Appeals for the Ninth Circuit,13-36078,ruled_for_opposition,contested_project,REC-0375,case_31209f3282,Reviewed case record,https://cdn.ca9.uscourts.gov/datastore/opinions/2016/05/26/13-36078.pdf,https://cdn.ca9.uscourts.gov/datastore/opinions/2016/05/26/13-36078.pdf,"Verified 2026-09-24 by web search: a ca9.uscourts.gov result names this case, court and docket; opinion text not read. Decided 2016-05-26: BLM environmental review of the Echanis project held inadequate.; Re-read 2026-10-08: same Ninth Circuit opinion as REC-0369 (No. 13-36078, 2016-05-26). It names the Echanis Wind Energy Project and the North Steens 230-kV Transmission Line; no project called 'Steens Wind' is named. Whether this record means the Echanis project needs a reviewer. Fields unchanged.",src_b8ae2b2663d6,case:case_31209f3282,court_record
cas_279324fd24,SD,Crowned Ridge Wind Project,wind,state_supreme,3,"Christenson v. Crowned Ridge Wind, LLC (Supreme Court of South Dakota) - litigation over Crowned Ridge Wind Project","Christenson v. Crowned Ridge Wind, LLC",Supreme Court of South Dakota,29334,ruled_for_developer,contested_project,REC-0404,case_13ef67832d,Reviewed case record,https://law.justia.com/cases/south-dakota/supreme-court/2022/29334.html,https://law.justia.com/cases/south-dakota/supreme-court/2022/29334.html,"Verified 2026-09-24 by web search: a Justia result names this case, court and docket; opinion text not read. 2022: PUC permit affirmed.; Re-read 2026-10-08 (Internet Archive copy, https://web.archive.org/web/20220925163445id_/https://law.justia.com/cases/south-dakota/supreme-court/2022/29334.html; live page HTTP 429): 2022 S.D. 45, #29334-a-MES, filed 2022-08-03: Christenson v. Crowned Ridge Wind, LLC and South Dakota Public Utilities Commission, on the PUC permit (EL 19-003) for up to 130 turbines in Codington and Grant Counties: 'We affirm.' Fields unchanged.",src_66830ece2339,case:case_13ef67832d,court_record
cas_f8bcca7748,TX,Horse Hollow Wind Energy Center,wind,state_appellate,3,"Rankin v. FPL Energy, LLC (Texas Court of Appeals, Eleventh District (Eastland)) - litigation over Horse Hollow Wind Energy Center","Rankin v. FPL Energy, LLC","Texas Court of Appeals, Eleventh District (Eastland)",11-07-00074-CV,ruled_for_developer,contested_project,REC-0435,case_11d388cd77,Reviewed case record,https://www.courtlistener.com/opinion/1665625/rankin-v-fpl-energy-llc/,https://www.courtlistener.com/opinion/1665625/rankin-v-fpl-energy-llc/,"Verified 2026-09-24 by web search: a CourtListener / Justia result names this case, court; opinion text not read. Decided 2008-08-21: no Texas nuisance claim for aesthetic impact; take-nothing judgment affirmed.; Re-read 2026-10-08 (CourtListener API, opinion, cluster and docket): Rankin v. FPL Energy, LLC, 266 S.W.3d 506, filed 2008-08-21, on the Horse Hollow Wind Farm in Taylor County: 'We reverse the judgment of the trial court in part and remand the cause for determination of the allocation of taxable costs. We affirm the judgment of the trial court in all other respects.' Docket 11-07-00074-CV added.",src_213e809d32a2,case:case_11d388cd77,court_record
cas_b1ecb7a2be,VT,Apple Hill Solar and Willow Road Solar (f/k/a Chelsea Solar),solar,state_supreme,3,In re Petition of Apple Hill Solar LLC (Vermont Supreme Court) - litigation over Apple Hill Solar and Willow Road Solar (f/k/a Chelsea Solar),In re Petition of Apple Hill Solar LLC,Vermont Supreme Court,22-AP-286,ruled_for_opposition,contested_project,REC-0440,case_7097903c21,Reviewed case record,https://law.justia.com/cases/vermont/supreme-court/2023/22-ap-286.html,https://law.justia.com/cases/vermont/supreme-court/2023/22-ap-286.html,"Verified 2026-09-24 by web search: a Justia result names this case, court and docket; opinion text not read. 2023: denial of certificate of public good affirmed.; Re-read 2026-10-08 (Internet Archive copy, https://web.archive.org/web/20231102161232id_/https://law.justia.com/cases/vermont/supreme-court/2023/22-ap-286.html; live page HTTP 429): 2023 VT 57, No. 22-AP-286: Allco's appeal of the denial of a certificate of public good for 'a 2.0-megawatt solar electric generation facility in Bennington'. 'We affirm.' The opinion concerns Apple Hill only; it does not name Willow Road or Chelsea Solar. Fields unchanged.",src_911d8cdd66f1,case:case_7097903c21,court_record
cas_da338d9586,WV,Beech Ridge Wind Farm,wind,federal_district,3,Animal Welfare Institute v. Beech Ridge Energy LLC (U.S. District Court for the District of Maryland) - litigation over Beech Ridge Wind Farm,Animal Welfare Institute v. Beech Ridge Energy LLC,U.S. District Court for the District of Maryland,8:09-cv-01519,ruled_for_opposition,contested_project,REC-0473,case_9ab92e0161,Reviewed case record,https://dockets.justia.com/docket/maryland/mddce/8:2009cv01519/169229,https://dockets.justia.com/docket/maryland/mddce/8:2009cv01519/169229,"Verified 2026-09-24 by web search: a Justia dockets result names this case, court and docket; opinion text not read. Decided 2009-12-08: ESA injunction limiting turbine operation absent an incidental take permit.; Re-read 2026-10-08 (Justia): Memorandum Opinion, ECF No. 62, Case No. RWT 09cv1519, 2009-12-08, on the Beech Ridge wind energy project in Greenbrier County, West Virginia: 'the Court will enjoin all operation of wind turbines presently under construction except during the winter period'. The docket also lists a 2011-11-15 order closing the case and a 2013 modification of stipulation, not read. Fields unchanged.",src_e6e6bdc1db81,case:case_9ab92e0161,court_record
cas_00e0edbb76,WV,Mount Storm Wind Project,wind,state_supreme,3,"Burch v. NedPower Mount Storm, LLC (Supreme Court of Appeals of West Virginia) - litigation over Mount Storm Wind Project","Burch v. NedPower Mount Storm, LLC",Supreme Court of Appeals of West Virginia,33201,ruled_for_opposition,contested_project,REC-0474,case_c8486f4e8a,Reviewed case record,https://www.courtlistener.com/opinion/1406402/burch-v-nedpower-mount-storm-llc/,https://www.courtlistener.com/opinion/1406402/burch-v-nedpower-mount-storm-llc/,"Verified 2026-09-24 by web search: a CourtListener / courtswv.gov result names this case, court and docket; opinion text not read. Decided 2007-06-08: reversed dismissal of neighbors' nuisance claim and remanded.; Re-read 2026-10-08 (CourtListener API, opinion text): 647 S.E.2d 879, No. 33201, decided 2007-06-08, on NedPower Mount Storm's wind facility in Grant County: 'we reverse the circuit court and remand for proceedings consistent with this opinion.' Fields unchanged.",src_258ce97a7ac3,case:case_c8486f4e8a,court_record
cas_f65e74e4cf,WY,Pioneer Wind Parks I and II,wind,state_supreme,3,Northern Laramie Range Foundation v. Converse County Board of County Commissioners (Supreme Court of Wyoming) - litigation over Pioneer Wind Parks I and II,Northern Laramie Range Foundation v. Converse County Board of County Commissioners,Supreme Court of Wyoming,S-12-0060,ruled_for_developer,contested_project,REC-0493,case_e0f194ba78,Reviewed case record,https://law.justia.com/cases/wyoming/supreme-court/2012/s-12-0060.html,https://law.justia.com/cases/wyoming/supreme-court/2012/s-12-0060.html,"Verified 2026-09-24 by web search: a Justia result names this case, court and docket; opinion text not read. Decided 2012-12-14: WECS permit upheld.; Re-read 2026-10-08 (Justia): 2012 WY 158, Nos. S-12-0060 and S-12-0061, decided 2012-12-14, on Pioneer Wind Park I and II in Converse County: in S-12-0060 'the Board properly granted Wasatch's application for a WECS permit' (affirmed in part, reversed in part on standing); in S-12-0061 the industrial siting permit was affirmed. Fields unchanged.",src_292cabf0aa2e,case:case_e0f194ba78,court_record
cas_4c787f2ac0,CA,Blythe Mesa Solar Power Project,solar,federal_district,3,Colorado River Indian Tribes v. Department of Interior (U.S. District Court for the Central District of California) - litigation over Blythe Mesa Solar Power Project,Colorado River Indian Tribes v. Department of Interior,U.S. District Court for the Central District of California,5:14-cv-02504,ruled_for_developer,contested_project,REC-0026,case_22bbe850a4,Reviewed case record,https://www.courtlistener.com/docket/5913373/colorado-river-indian-tribes-v-department-of-interior/,https://www.courtlistener.com/docket/5913373/colorado-river-indian-tribes-v-department-of-interior/,"Opened 2026-10-07 on CourtListener (authenticated API): docket and final judgment (ECF No. 162, 2015-09-15): following the July 17, 2015 summary judgment order (ECF No. 157), judgment entered for the federal defendants and intervenor NextEra Blythe Solar Energy Center, LLC on all claims, dismissed with prejudice. The case matches the record's description (CRIT sued Interior in C.D. Cal. in 2014; summary judgment in 2015), but the intervenor is NextEra's Blythe Solar Energy Center, while the record names the project 'Blythe Mesa Solar Power Project'; the record's project name may be wrong.; promoted automatically from data/review/cases_candidates.csv on 2026-10-07: required fields complete, not reviewed by hand",src_4a68254cbd3f,case:case_22bbe850a4,court_record
cas_aa8e5fbb71,MD,Dan’s Mountain Wind Farm,wind,state_appellate,3,"Dan's Mountain Wind Force, LLC v. Allegany County Board of Zoning Appeals (Court of Special Appeals of Maryland) - litigation over Dan’s Mountain Wind Farm","Dan's Mountain Wind Force, LLC v. Allegany County Board of Zoning Appeals",Court of Special Appeals of Maryland,"No. 804, September Term 2016",ruled_for_developer,contested_project,REC-0180,case_cd121880bb,Reviewed case record,https://www.courtlistener.com/opinion/4483340/dans-mountain-wind-force-llc-v-allegany-cnty-bd-of-zoning-appeals/,https://www.courtlistener.com/opinion/4483340/dans-mountain-wind-force-llc-v-allegany-cnty-bd-of-zoning-appeals/,"Opened 2026-10-07 on CourtListener (authenticated API): reported opinion filed 2018-04-03 (Friedman, J.), appeal from Circuit Court for Allegany County Case No. 01-C-15-043252-F. The developer appealed the Board of Zoning Appeals' rejection of setback and separation-distance variances for 17 turbines; the court held the Board misapplied the uniqueness and practical-difficulty tests, reversed, and directed the circuit court to vacate the Board's decision and remand. This does not match the record's account (an ANCHOR challenge in which the Court of Special Appeals upheld an approval); no ANCHOR case was found. A related Court of Appeals entry (No. 253, Sept. Term 2016) shows a petition for certiorari denied 2016-09-29. Earlier note: Lead from web search 2026-09-24 (not confirmed): Dan's Mountain Wind Force, LLC v. Jennifer Shaw, et al. (Maryland Daily Record, 2022-04-22); circuit court earlier upheld the county's denial. Court for the 2022 decision not confirmed.; promoted automatically from data/review/cases_candidates.csv on 2026-10-07: required fields complete, not reviewed by hand; Checked 2026-10-08: the record's source, Sabin Center June 2025 edition (read at https://scholarship.law.columbia.edu/cgi/viewcontent.cgi?article=1252&context=sabin_climate_change; the record's source_url now returns 404), says ANCHOR sued in 2019 over the Board of Zoning Appeals approval and the Court of Special Appeals upheld it in August 2021, citing ANCHOR v. Dan's Mt. Windforce, No. 1177 (Aug. 16, 2021). That opinion (opened, below) calls this 2018 opinion 'Dan's Mountain I': the developer's appeal of the Board's first denial, which led to the remand on which the Board granted the variances and special exception. So this row is a real, earlier case over the same project, not the ANCHOR case the record describes; the ANCHOR case is now a separate candidate row.",src_2d9681e5431e,case:case_cd121880bb,court_record
cas_62fb38056b,MO,Grain Belt Express Tiger Connector Expansion,solar;transmission,state_appellate,3,"Grain Belt Express, L.L.C. v. Chariton County, Missouri (Missouri Court of Appeals, Western District) - litigation over Grain Belt Express Tiger Connector Expansion","Grain Belt Express, L.L.C. v. Chariton County, Missouri","Missouri Court of Appeals, Western District",WD86613,ruled_for_developer,contested_project,REC-0231,case_a6e2e6fc6b,Reviewed case record,https://www.courtlistener.com/opinion/10631142/grain-belt-express-llc-v-chariton-county-missouri/,https://www.courtlistener.com/opinion/10631142/grain-belt-express-llc-v-chariton-county-missouri/,"Opened 2026-10-07 on CourtListener (authenticated API): opinion filed 2024-10-15 (Hardwick, J.), appeal from the Circuit Court of Chariton County. Affirmed that Section 49.650.4 bars the county from any action, including withholding Section 229.100 assent, that would prevent Grain Belt from building the overhead line on public roads along the MPSC-approved route; reversed in part to hold that Grain Belt must still obtain the county's assent to the manner of construction. The opinion does not mention the Tiger Connector; it concerns the Grain Belt line in Chariton County, the ruling the record cites.; promoted automatically from data/review/cases_candidates.csv on 2026-10-07: required fields complete, not reviewed by hand",src_84f8736fb7b5,case:case_a6e2e6fc6b,court_record
cas_21f5b7352f,MT,Crazy Mountain Wind Project,wind,state_supreme,3,"Diana's Great Idea, LLC v. Jarrett (Supreme Court of Montana) - litigation over Crazy Mountain Wind Project","Diana's Great Idea, LLC v. Jarrett",Supreme Court of Montana,DA 19-0594,ruled_for_opposition,contested_project,REC-0236,case_9d25f0d762,Reviewed case record,https://www.courtlistener.com/opinion/4774441/dianas-v-crazy-mountain/,https://www.courtlistener.com/opinion/4774441/dianas-v-crazy-mountain/,"Opened 2026-10-07 on CourtListener (authenticated API): opinion 2020 MT 199, decided 2020-08-11, appeal from the Sixth Judicial District Court (Cause No. DV-2018-161). Defendants include Crazy Mountain Wind, LLC and Pattern Energy. The opinion records that the District Court granted the neighbors a preliminary injunction on March 19, 2019, that Pattern moved on July 1, 2019 to be dismissed because the injunction made financing impossible and it was abandoning the wind farm, and that the District Court ruled for the neighbors. On appeal the Supreme Court affirmed the denial of the landowners' amendments, reversed the dismissal of their counterclaims with prejudice (remanding for dismissal without prejudice), and held the bond issue moot. case_status reflects the lower court's ruling for the neighbors; the appeal itself concerned the counterclaims. Earlier note: Lead from web search 2026-09-24 (not confirmed): Neighbors' nuisance suit filed September 2018 in Montana's Sixth Judicial District Court; preliminary injunction March 2019; Pattern abandoned the project and moved to dismiss. A later Montana Supreme Court matter (DA 21-0410) may relate. Caption not found.; promoted automatically from data/review/cases_candidates.csv on 2026-10-07: required fields complete, not reviewed by hand",src_62b2194e5e0e,case:case_9d25f0d762,court_record
cas_fb70d39ba6,NV,Gerlach Geothermal ExploraDon Project,geothermal,federal_district,3,Burning Man Project v. Bureau of Land Management (U.S. District Court for the District of Nevada) - litigation over Gerlach Geothermal ExploraDon Project,Burning Man Project v. Bureau of Land Management,U.S. District Court for the District of Nevada,3:23-cv-00013,withdrawn,contested_project,REC-0264,case_45231f9086,Reviewed case record,https://www.courtlistener.com/docket/66713578/burning-man-project-v-bureau-of-land-management-of-the-us-department-of/,https://www.courtlistener.com/docket/66713578/burning-man-project-v-bureau-of-land-management-of-the-us-department-of/,"Opened 2026-10-07 on CourtListener (authenticated API): docket and complaint (ECF No. 1, filed 2023-01-09) challenging BLM's approval of the Gerlach Geothermal Exploration Project for Ormat Nevada under NEPA, FLPMA and the APA; Ormat intervened as a defendant. On 2025-06-16 the court granted the plaintiffs' unopposed motion to voluntarily dismiss with prejudice, each party bearing its own fees and costs (ECF Nos. 67, 68). The documents read do not say whether a settlement preceded the dismissal. Earlier note: Lead from web search 2026-09-24 (not confirmed): Burning Man Project sued BLM in January 2023 (NEPA); settled with Ormat October 2024. Court and docket not found in results.; promoted automatically from data/review/cases_candidates.csv on 2026-10-07: required fields complete, not reviewed by hand",src_8714f02ecb25,case:case_45231f9086,court_record
cas_5e3b5d684f,NV,Greenlink West Transmission Project,transmission,federal_district,3,Friends of Nevada Wilderness v. United States Bureau of Land Management (U.S. District Court for the District of Nevada) - litigation over Greenlink West Transmission Project,Friends of Nevada Wilderness v. United States Bureau of Land Management,U.S. District Court for the District of Nevada,2:25-cv-00929,pending,contested_project,REC-0265,case_0bbc3dcc9b,Reviewed case record,https://www.courtlistener.com/docket/70393156/friends-of-nevada-wilderness-v-united-states-bureau-of-land-management/,https://www.courtlistener.com/docket/70393156/friends-of-nevada-wilderness-v-united-states-bureau-of-land-management/,"Opened 2026-10-07 on CourtListener (authenticated API): docket and complaint (ECF No. 1, filed 2025-05-28 by Friends of Nevada Wilderness and Basin and Range Watch) against BLM, FWS and NPS over approval of the Greenlink West transmission line, including its route through Tule Springs Fossil Beds National Monument. The docket shows no termination date on 2026-10-07, so case_status is pending.; promoted automatically from data/review/cases_candidates.csv on 2026-10-07: required fields complete, not reviewed by hand",src_a5dfad01e7d6,case:case_0bbc3dcc9b,court_record
cas_f838d26e5a,WY,Rail Tie Wind Project,wind,state_supreme,3,"Monaghan Farms, Inc. v. Board of County Commissioners of Albany County (Supreme Court of Wyoming) - litigation over Rail Tie Wind Project","Monaghan Farms, Inc. v. Board of County Commissioners of Albany County",Supreme Court of Wyoming,"S-22-0127, S-22-0128",ruled_for_developer,contested_project,REC-0494,case_6f570107b1,Reviewed case record,https://www.courtlistener.com/opinion/9391802/monaghan-farms-inc-v-the-board-of-county-commissioners-of-albany-county/,https://www.courtlistener.com/opinion/9391802/monaghan-farms-inc-v-the-board-of-county-commissioners-of-albany-county/,"Opened 2026-10-07 on CourtListener (authenticated API): opinion 2023 WY 31, decided 2023-04-17, appeal from the District Court of Albany County; ConnectGen Albany County LLC intervened. The opinion quotes the county's letter confirming the Rail Tie Wind Project application (WEC-01-21) was approved on July 13, 2021, and affirms: no conditional use permit was needed beyond the WECS special use permit, the approval was not arbitrary and capricious, and it was not a taking. Earlier note: Lead from web search 2026-09-24 (not confirmed): Wyoming Supreme Court upheld Albany County's WECS permit in April 2023 (Wyoming Public Media); a 2024 Industrial Siting Council appeal was dismissed. Caption not found.; promoted automatically from data/review/cases_candidates.csv on 2026-10-07: required fields complete, not reviewed by hand",src_db53cb6e1149,case:case_6f570107b1,court_record
cas_c242e33d14,WY,Rail Tie Wind Project,wind,federal_district,3,Albany County Conservancy v. Western Area Power Administration (U.S. District Court for the District of Wyoming) - litigation over Rail Tie Wind Project,Albany County Conservancy v. Western Area Power Administration,U.S. District Court for the District of Wyoming,1:24-cv-00271,pending,contested_project,REC-0494,case_c7aad0f88b,Reviewed case record,https://www.courtlistener.com/docket/69494045/albany-county-conservancy-v-western-area-power-administration/,https://www.courtlistener.com/docket/69494045/albany-county-conservancy-v-western-area-power-administration/,"Opened 2026-10-07 on CourtListener (authenticated API): docket and petition for review (ECF No. 1, filed 2024-12-23 by Albany County Conservancy, Wyoming Association of Professional Archaeologists and three individuals) challenging WAPA's Record of Decision approving an interconnection request for the Rail Tie Wind Project and the FEIS behind it (NEPA). The docket shows no termination date on 2026-10-07, so case_status is pending. This is the December 2024 lawsuit the record mentions.; promoted automatically from data/review/cases_candidates.csv on 2026-10-07: required fields complete, not reviewed by hand",src_79287f71401d,case:case_c7aad0f88b,court_record
cas_f5d318f7a5,MD,Dan’s Mountain Wind Farm,wind,state_appellate,3,"Allegany Neighbors & Citizens for Homeowner Rights, Ltd. v. Dan's Mountain Windforce, LLC (Court of Special Appeals of Maryland) - litigation over Dan’s Mountain Wind Farm","Allegany Neighbors & Citizens for Homeowner Rights, Ltd. v. Dan's Mountain Windforce, LLC",Court of Special Appeals of Maryland,"No. 1177, September Term 2020",ruled_for_developer,contested_project,REC-0180,case_9b276b0ab1,Reviewed case record,https://www.courts.state.md.us/sites/default/files/unreported-opinions/1177s20.pdf,https://www.courts.state.md.us/sites/default/files/unreported-opinions/1177s20.pdf,"Opened 2026-10-08 on the Maryland Judiciary site (unreported opinions index for August 2021, https://www.courts.state.md.us/appellate/unreportedopinions/list/202108, and the opinion PDF in case_source_url): unreported opinion, Court of Special Appeals, filed 2021-08-16 (Friedman, J.), appeal from Circuit Court for Allegany County Case No. C-01-CV-19-499. On remand from Dan's Mountain I (236 Md. App. 483 (2018)) the Board of Zoning Appeals granted the separation and setback variances and the special exception for 17 turbines; ANCHOR and individual protestors appealed. 'JUDGMENT OF THE CIRCUIT COURT FOR ALLEGANY COUNTY AFFIRMED. APPELLANTS TO PAY COSTS.' This is the ANCHOR case the record describes. The Sabin report also cites Dan's Mt. Windforce, LLC v. Shaw, No. 1238 (Apr. 14, 2022), not read.; promoted automatically from data/review/cases_candidates.csv on 2026-10-08: required fields complete, not reviewed by hand",src_1b96ffa73bcb,case:case_9b276b0ab1,court_record
cas_509bc9b8c9,WY,Rock Creek Gen-Tie Line,transmission,federal_district,3,Albany County Conservancy v. United States Bureau of Land Management Field Manager Rawlins Field Office (U.S. District Court for the District of Wyoming) - litigation over Rock Creek Gen-Tie Line,Albany County Conservancy v. United States Bureau of Land Management Field Manager Rawlins Field Office,U.S. District Court for the District of Wyoming,2:23-cv-00134,,contested_project,REC-0495,case_4e1e3e310e,Reviewed case record,https://static1.squarespace.com/static/611d92d311bd286f9d8b0469/t/64c7df34fb047f2fa46f820c/1690820503260/Complaint.pdf,https://static1.squarespace.com/static/611d92d311bd286f9d8b0469/t/64c7df34fb047f2fa46f820c/1690820503260/Complaint.pdf,"Lead from web search 2026-09-24 (not confirmed): Albany County Conservancy complaint against BLM, D. Wyo., July 2023; BLM withdrew the right-of-way decision (remand without vacatur). CourtListener 2026-10-07: docket 2:23-cv-00134 (D. Wyo.), 'Albany County Conservancy v. United States Bureau of Land Management Field Manager Rawlins Field Office', filed 2023-07-28, terminated 2023-11-03, was opened, but CourtListener holds no entry text or documents for it, so nothing read ties it to the Rock Creek gen-tie. Left as a lead.; Opened 2026-10-08: the Petition for Review of Final Agency Action posted by the plaintiff (https://www.albanycountyconservancy.org/s/Complaint.pdf, served from the static1.squarespace.com URL in case_source_url), 'In the United States District Court for the District of Wyoming', Albany County Conservancy and J. Michael Lockhart v. Timothy Novotny, Field Manager, Rawlins Field Office, BLM, et al. It 'challenges the Bureau of Land Management's authorization of a right of way' for the 'Rock Creek Line', a 230-kV gen-tie line from the proposed Rock Creek Wind Facility to the Aeolus Substation, citing BLM's 'Rock Creek Gen-Tie Line Environmental Assessment: DOI-BLM-WY-D030-2023-0011-EA'. The civil number is blank on the text read. The caption and docket number 2:23-cv-00134 are from the CourtListener docket opened 2026-10-07 (filed 2023-07-28, terminated 2023-11-03); it could not be re-opened today (CourtListener daily limit, HTTP 429). The plaintiff's press release page (https://www.albanycountyconservancy.org/press-releases, opened 2026-10-08) says BLM withdrew the right-of-way decision and quotes an October 10, 2023 filing by the Rawlins Field Manager that 'further NEPA analysis is warranted'; it calls this 'voluntary remand without vacatur'. No court order closing the case was read, so case_status is left blank.; promoted automatically from data/review/cases_candidates.csv on 2026-10-08: required fields complete, not reviewed by hand",src_00e442106d00,case:case_4e1e3e310e,court_record
cas_fba4754147,LA,Cajun Crescent Energy Center,solar,state_appellate,3,"Cajun Crossroads Energy Center, LLC v. Calcasieu Parish Police Jury (Louisiana Court of Appeal, Third Circuit) - litigation over Cajun Crescent Energy Center","Cajun Crossroads Energy Center, LLC v. Calcasieu Parish Police Jury","Louisiana Court of Appeal, Third Circuit",25-650,ruled_for_opposition,contested_project,REC-0154,case_a3562f8eba,Reviewed case record,https://caselaw.findlaw.com/court/la-court-of-appeal/219220.html,https://caselaw.findlaw.com/court/la-court-of-appeal/219220.html,"Opened 2026-10-08 (FindLaw copy of the opinion): Cajun Crossroads Energy Center, LLC, Crescent Coast Energy Center, LLC, and Cedar Holdco, LLC v. Calcasieu Parish Police Jury, Louisiana Third Circuit Court of Appeal, No. 25-650, decided 2026-07-15. The developer entities (Aypa Power affiliates) sued over the board's 2024-11-19 denial (3-3 vote) of a zoning exception for a 3,656-acre solar facility; the trial court reversed the denial; the appeals court 'reinstate[d] the Calcasieu Parish Planning and Zoning Board's denial of Plaintiffs' Application for Zoning Exception, and remand[ed] for further proceedings.' KPLC (2025-07-26, opened) ties Aypa's Cajun Crescent Energy Center to that denial. The record's own litigation context (residents suing in 2021 over an approval) is not what the documents show; further trial-court proceedings are possible.; promoted automatically from data/review/cases_candidates.csv on 2026-10-08: required fields complete, not reviewed by hand",src_7b9a8c5c9d61,case:case_a3562f8eba,court_record
cas_0d29f40185,MN,Hale Township Community Solar Garden,solar,state_appellate,3,In re Application of United States Solar Corporation and USS Water Fowl Solar LLC for a Conditional Use Permit (Minnesota Court of Appeals) - litigation over Hale Township Community Solar Garden,In re Application of United States Solar Corporation and USS Water Fowl Solar LLC for a Conditional Use Permit,Minnesota Court of Appeals,A20-1043,ruled_for_developer,contested_project,REC-0220,case_2a82da5fd8,Reviewed case record,https://mn.gov/law-library-stat/archive/ctapun/2021/OPa201043-071221.pdf,https://mn.gov/law-library-stat/archive/ctapun/2021/OPa201043-071221.pdf,"Opened 2026-10-08 (Minnesota State Law Library archive copy of the nonprecedential opinion): Minnesota Court of Appeals No. A20-1043, filed 2021-07-12, 'Reversed and remanded' with instruction 'to approve the CUP application subject to reasonable conditions'; the court held the McLeod County Board's two reasons (land values, prime agricultural soil) insufficient. Minnesota Lawyer (2021-07-23, opened) places the 3.35-acre system in Hale Township. Contradicts the record's date: the reversal was July 2021, not 2024.; promoted automatically from data/review/cases_candidates.csv on 2026-10-08: required fields complete, not reviewed by hand",src_1dd0405c5250,case:case_2a82da5fd8,court_record
