source_id,url,normalized_url,title,record_count,entities,archived_url
src_731207f65d0f,https://scholarship.law.columbia.edu/sabin_climate_change/280/,https://scholarship.law.columbia.edu/sabin_climate_change/280,"Sabin Center, Opposition to Renewable Energy Facilities in the United States (Sept. 2026 ed.), via data/renewable_opposition_records_2026-09.csv",1434,contested_projects;restrictions,
src_35f547ae9e1e,https://doi.org/10.25984/3363739,https://doi.org/10.25984/3363739,"NREL U.S. Solar Siting Regulation and Zoning Ordinances (2025), DOI 10.25984/3363739, CC BY 4.0",1223,restrictions,
src_62f3cc813b0f,https://doi.org/10.25984/3363758,https://doi.org/10.25984/3363758,"NREL U.S. Wind Siting Regulation and Zoning Ordinances (2025), DOI 10.25984/3363758, CC BY 4.0",1170,restrictions,
src_8a40f21d6fd9,https://github.com/mjbommar/moratorium-data-2026/blob/main/data/moratorium_inventory.csv,https://github.com/mjbommar/moratorium-data-2026/blob/main/data/moratorium_inventory.csv,"Moratorium Nation (mjbommar/moratorium-data-2026), CC-BY-4.0",286,restrictions,https://web.archive.org/web/20260929165324/https://github.com/mjbommar/moratorium-data-2026/blob/main/data/moratorium_inventory.csv
src_90d5b39d9a09,https://climate.law.columbia.edu/sites/default/files/content/Opposition-Report-June-2025.pdf,https://climate.law.columbia.edu/sites/default/files/content/Opposition-Report-June-2025.pdf,"Sabin Center, Opposition to Renewable Energy Facilities in the United States (June 2025 ed.), via data/renewable_opposition_records.csv",74,contested_projects;restrictions,
src_b8ae2b2663d6,https://cdn.ca9.uscourts.gov/datastore/opinions/2016/05/26/13-36078.pdf,https://cdn.ca9.uscourts.gov/datastore/opinions/2016/05/26/13-36078.pdf,Reviewed case record,4,cases,https://web.archive.org/web/20251005222952/https://cdn.ca9.uscourts.gov/datastore/opinions/2016/05/26/13-36078.pdf
src_a19958c3a465,https://www.cherokeecountyks.gov/main/component/easyfolderlistingpro/?view=download&format=raw&data=eNpFUE1PwzAM_SvId7Rmmwq4R8QRCe08KcpatwvKRxVcJ2wI8d9Jmlac7Pfs9_RshULgD2OLMHozUICO8SAQtFUT8XnwfbLkXCKfX721mll7R4EfylpWQmIKVcgLhdBsoykRx3_TXCcEKReuoOcqdcpSgQ1CKW1l9VwwncamigKZWcXr4prh7kTsTYo5B-_2zb5d3UZtaHM75j0hHstUvvugog86WemdPJGjm7oYkm_5jOlbfgT_SX1cXMIfEOge124exjU13WcdiLdIXCJnVTGq_lr-At0FRWZfslwi0JemW732iODyp6D7_QMb4HMY,https://www.cherokeecountyks.gov/main/component/easyfolderlistingpro?view=download&format=raw&data=eNpFUE1PwzAM_SvId7Rmmwq4R8QRCe08KcpatwvKRxVcJ2wI8d9Jmlac7Pfs9_RshULgD2OLMHozUICO8SAQtFUT8XnwfbLkXCKfX721mll7R4EfylpWQmIKVcgLhdBsoykRx3_TXCcEKReuoOcqdcpSgQ1CKW1l9VwwncamigKZWcXr4prh7kTsTYo5B-_2zb5d3UZtaHM75j0hHstUvvugog86WemdPJGjm7oYkm_5jOlbfgT_SX1cXMIfEOge124exjU13WcdiLdIXCJnVTGq_lr-At0FRWZfslwi0JemW732iODyp6D7_QMb4HMY,review queue: web_research_2026-10-09,3,restrictions,
src_ec3a4bfbbd99,https://www.thecr.com/news/rules-approved-for-data-centers-and-battery-storage/article_d1e08843-27f1-4d1a-8ef3-742607be0bad.html,https://www.thecr.com/news/rules-approved-for-data-centers-and-battery-storage/article_d1e08843-27f1-4d1a-8ef3-742607be0bad.html,review queue: data-center-map: Jay County (master_opposition.csv row 1161),3,restrictions,
src_b878ed0a41a6,https://bloximages.chicago2.vip.townnews.com/pantagraph.com/content/tncms/assets/v3/editorial/2/d7/2d766008-937a-572c-9e64-1b6be300fc8d/613a6e8edb992.pdf.pdf,https://bloximages.chicago2.vip.townnews.com/pantagraph.com/content/tncms/assets/v3/editorial/2/d7/2d766008-937a-572c-9e64-1b6be300fc8d/613a6e8edb992.pdf.pdf,Reviewed case record,2,cases,
src_7b9a8c5c9d61,https://caselaw.findlaw.com/court/la-court-of-appeal/219220.html,https://caselaw.findlaw.com/court/la-court-of-appeal/219220.html,Reviewed case record,2,cases,
src_f7075eca4512,https://caselaw.findlaw.com/court/nc-court-of-appeals/129583.html,https://caselaw.findlaw.com/court/nc-court-of-appeals/129583.html,Reviewed case record,2,cases,
src_733480173ca9,https://dockets.justia.com/docket/arizona/azdce/4:2024cv00034/1359631,https://dockets.justia.com/docket/arizona/azdce/4:2024cv00034/1359631,Reviewed case record,2,cases,https://web.archive.org/web/20240721223358/https://dockets.justia.com/docket/arizona/azdce/4:2024cv00034/1359631
src_e6e6bdc1db81,https://dockets.justia.com/docket/maryland/mddce/8:2009cv01519/169229,https://dockets.justia.com/docket/maryland/mddce/8:2009cv01519/169229,Reviewed case record,2,cases,
src_5321434aa4c7,https://law.justia.com/cases/delaware/court-of-chancery/2023/2022-0287-nac.html,https://law.justia.com/cases/delaware/court-of-chancery/2023/2022-0287-nac.html,Reviewed case record,2,cases,
src_429df504cd5f,https://law.justia.com/cases/delaware/superior-court/2024/n23c-03-196-vlm.html,https://law.justia.com/cases/delaware/superior-court/2024/n23c-03-196-vlm.html,Reviewed case record,2,cases,
src_d60b4b8819b7,https://law.justia.com/cases/federal/appellate-courts/ca10/15-5121/15-5121-2017-09-18.html,https://law.justia.com/cases/federal/appellate-courts/ca10/15-5121/15-5121-2017-09-18.html,Reviewed case record,2,cases,https://web.archive.org/web/20190723194753/https://law.justia.com/cases/federal/appellate-courts/ca10/15-5121/15-5121-2017-09-18.html
src_95e68a6de863,https://law.justia.com/cases/federal/district-courts/california/casdce/3:2020cv02343/694320/74/,https://law.justia.com/cases/federal/district-courts/california/casdce/3:2020cv02343/694320/74,Reviewed case record,2,cases,
src_2347b3acaab4,https://law.justia.com/cases/hawaii/supreme-court/2022/scap-19-0000449.html,https://law.justia.com/cases/hawaii/supreme-court/2022/scap-19-0000449.html,Reviewed case record,2,cases,
src_c9ce988b661a,https://law.justia.com/cases/nevada/supreme-court/2013/129-nev-adv-op-no-9.html,https://law.justia.com/cases/nevada/supreme-court/2013/129-nev-adv-op-no-9.html,Reviewed case record,2,cases,
src_fe3ec1e3efaa,https://law.justia.com/cases/new-hampshire/supreme-court/2024/2022-0122.html,https://law.justia.com/cases/new-hampshire/supreme-court/2024/2022-0122.html,Reviewed case record,2,cases,https://web.archive.org/web/20250622095728/https://law.justia.com/cases/new-hampshire/supreme-court/2024/2022-0122.html
src_91330a731be3,https://law.justia.com/cases/oregon/supreme-court/2023/s069919.html,https://law.justia.com/cases/oregon/supreme-court/2023/s069919.html,Reviewed case record,2,cases,https://web.archive.org/web/20240908100019/https://law.justia.com/cases/oregon/supreme-court/2023/s069919.html
src_66830ece2339,https://law.justia.com/cases/south-dakota/supreme-court/2022/29334.html,https://law.justia.com/cases/south-dakota/supreme-court/2022/29334.html,Reviewed case record,2,cases,https://web.archive.org/web/20220925163445/https://law.justia.com/cases/south-dakota/supreme-court/2022/29334.html
src_911d8cdd66f1,https://law.justia.com/cases/vermont/supreme-court/2023/22-ap-286.html,https://law.justia.com/cases/vermont/supreme-court/2023/22-ap-286.html,Reviewed case record,2,cases,https://web.archive.org/web/20231102161232/https://law.justia.com/cases/vermont/supreme-court/2023/22-ap-286.html
src_292cabf0aa2e,https://law.justia.com/cases/wyoming/supreme-court/2012/s-12-0060.html,https://law.justia.com/cases/wyoming/supreme-court/2012/s-12-0060.html,Reviewed case record,2,cases,https://web.archive.org/web/20221006173131/https://law.justia.com/cases/wyoming/supreme-court/2012/s-12-0060.html
src_1dd0405c5250,https://mn.gov/law-library-stat/archive/ctapun/2021/OPa201043-071221.pdf,https://mn.gov/law-library-stat/archive/ctapun/2021/OPa201043-071221.pdf,Reviewed case record,2,cases,
src_00e442106d00,https://static1.squarespace.com/static/611d92d311bd286f9d8b0469/t/64c7df34fb047f2fa46f820c/1690820503260/Complaint.pdf,https://static1.squarespace.com/static/611d92d311bd286f9d8b0469/t/64c7df34fb047f2fa46f820c/1690820503260/Complaint.pdf,Reviewed case record,2,cases,
src_08ecd0b293ba,https://www.cleanenergydistricts.org/wp-content/uploads/2024/03/Linn-County-Utility-Scale-Solar-Siting-Ordinance.pdf,https://www.cleanenergydistricts.org/wp-content/uploads/2024/03/Linn-County-Utility-Scale-Solar-Siting-Ordinance.pdf,review queue: web_research_2026-10-06,2,restrictions,
src_4a68254cbd3f,https://www.courtlistener.com/docket/5913373/colorado-river-indian-tribes-v-department-of-interior/,https://www.courtlistener.com/docket/5913373/colorado-river-indian-tribes-v-department-of-interior,Reviewed case record,2,cases,
src_8714f02ecb25,https://www.courtlistener.com/docket/66713578/burning-man-project-v-bureau-of-land-management-of-the-us-department-of/,https://www.courtlistener.com/docket/66713578/burning-man-project-v-bureau-of-land-management-of-the-us-department-of,Reviewed case record,2,cases,
src_79287f71401d,https://www.courtlistener.com/docket/69494045/albany-county-conservancy-v-western-area-power-administration/,https://www.courtlistener.com/docket/69494045/albany-county-conservancy-v-western-area-power-administration,Reviewed case record,2,cases,
src_a5dfad01e7d6,https://www.courtlistener.com/docket/70393156/friends-of-nevada-wilderness-v-united-states-bureau-of-land-management/,https://www.courtlistener.com/docket/70393156/friends-of-nevada-wilderness-v-united-states-bureau-of-land-management,Reviewed case record,2,cases,
src_de7702189893,https://www.courtlistener.com/opinion/10366230/western-watersheds-project-v-haaland/,https://www.courtlistener.com/opinion/10366230/western-watersheds-project-v-haaland,Reviewed case record,2,cases,
src_84f8736fb7b5,https://www.courtlistener.com/opinion/10631142/grain-belt-express-llc-v-chariton-county-missouri/,https://www.courtlistener.com/opinion/10631142/grain-belt-express-llc-v-chariton-county-missouri,Reviewed case record,2,cases,
src_258ce97a7ac3,https://www.courtlistener.com/opinion/1406402/burch-v-nedpower-mount-storm-llc/,https://www.courtlistener.com/opinion/1406402/burch-v-nedpower-mount-storm-llc,Reviewed case record,2,cases,
src_213e809d32a2,https://www.courtlistener.com/opinion/1665625/rankin-v-fpl-energy-llc/,https://www.courtlistener.com/opinion/1665625/rankin-v-fpl-energy-llc,Reviewed case record,2,cases,
src_6c9ba082386e,https://www.courtlistener.com/opinion/2247219/center-for-biological-diversity-inc-v-fpl-group-inc/,https://www.courtlistener.com/opinion/2247219/center-for-biological-diversity-inc-v-fpl-group-inc,Reviewed case record,2,cases,
src_22f8ac453ce3,https://www.courtlistener.com/opinion/3219842/public-employees-for-environmental-responsibility-v-hopper/,https://www.courtlistener.com/opinion/3219842/public-employees-for-environmental-responsibility-v-hopper,Reviewed case record,2,cases,
src_2d9681e5431e,https://www.courtlistener.com/opinion/4483340/dans-mountain-wind-force-llc-v-allegany-cnty-bd-of-zoning-appeals/,https://www.courtlistener.com/opinion/4483340/dans-mountain-wind-force-llc-v-allegany-cnty-bd-of-zoning-appeals,Reviewed case record,2,cases,
src_62b2194e5e0e,https://www.courtlistener.com/opinion/4774441/dianas-v-crazy-mountain/,https://www.courtlistener.com/opinion/4774441/dianas-v-crazy-mountain,Reviewed case record,2,cases,
src_5dd93a66684f,https://www.courtlistener.com/opinion/6657003/1000-friends-of-or-v-jackson-cnty/,https://www.courtlistener.com/opinion/6657003/1000-friends-of-or-v-jackson-cnty,Reviewed case record,2,cases,
src_ed3cc583909b,https://www.courtlistener.com/opinion/7923542/in-re-allen/,https://www.courtlistener.com/opinion/7923542/in-re-allen,Reviewed case record,2,cases,
src_8f917ca74c3a,https://www.courtlistener.com/opinion/9382865/save-long-beach-island-v-united-states-department-of-the-interior/,https://www.courtlistener.com/opinion/9382865/save-long-beach-island-v-united-states-department-of-the-interior,Reviewed case record,2,cases,https://web.archive.org/web/20241124014205/https://www.courtlistener.com/opinion/9382865/save-long-beach-island-v-united-states-department-of-the-interior/
src_db53cb6e1149,https://www.courtlistener.com/opinion/9391802/monaghan-farms-inc-v-the-board-of-county-commissioners-of-albany-county/,https://www.courtlistener.com/opinion/9391802/monaghan-farms-inc-v-the-board-of-county-commissioners-of-albany-county,Reviewed case record,2,cases,
src_1b96ffa73bcb,https://www.courts.state.md.us/sites/default/files/unreported-opinions/1177s20.pdf,https://www.courts.state.md.us/sites/default/files/unreported-opinions/1177s20.pdf,Reviewed case record,2,cases,
src_dd5821622498,https://www.govinfo.gov/app/details/USCOURTS-njd-1_23-cv-21201,https://www.govinfo.gov/app/details/USCOURTS-njd-1_23-cv-21201,Reviewed case record,2,cases,
src_8eef61cb2896,https://www.govinfo.gov/app/details/USCOURTS-njd-3_24-cv-09377,https://www.govinfo.gov/app/details/USCOURTS-njd-3_24-cv-09377,Reviewed case record,2,cases,https://web.archive.org/web/20260709014400/https://www.govinfo.gov/app/details/USCOURTS-njd-3_24-cv-09377
src_4c42e6a81b22,https://breckinridgeky.com/wp-content/uploads/2025/12/Solar-Energy-Systems-Ordinance-2025-0121.pdf,https://breckinridgeky.com/wp-content/uploads/2025/12/Solar-Energy-Systems-Ordinance-2025-0121.pdf,review queue: web_research_2026-10-09,1,restrictions,
src_c067ca72c0f5,https://clarkecounty.iowa.gov/wp-content/uploads/2025/01/12-16-2024.pdf,https://clarkecounty.iowa.gov/wp-content/uploads/2025/01/12-16-2024.pdf,review queue: data-center-map: Clarke County (master_opposition.csv row 70),1,restrictions,
src_519088ccf1e1,https://corridorbusiness.com/linn-supervisors-give-green-light-to-coggon-solar-project/,https://corridorbusiness.com/linn-supervisors-give-green-light-to-coggon-solar-project,review queue: web_research_2026-10-09,1,contested_projects,
src_fd5251ab33ec,https://digital-release.fourstateshomepage.com/news/local/cherokee-countys-moratorium-affects-solar-project-plans/amp/,https://digital-release.fourstateshomepage.com/news/local/cherokee-countys-moratorium-affects-solar-project-plans/amp,review queue: web_research_2026-10-09,1,contested_projects,
src_ed02f44e049b,https://public.destinyhosted.com/goodydocs/2026/CC/20260706_2200/3175_Ordinance_No._2026-1652_with_Exhibit.pdf,https://public.destinyhosted.com/goodydocs/2026/CC/20260706_2200/3175_Ordinance_No._2026-1652_with_Exhibit.pdf,review queue: data-center-map: Goodyear (master_opposition.csv row 1734),1,restrictions,
src_56895fcaf4c8,https://www.idahopress.com/guest-commentary-ada-county-balancing-community-needs-with-property-rights/article_b4d25663-b8e1-4556-ab92-91f985b88286.html,https://www.idahopress.com/guest-commentary-ada-county-balancing-community-needs-with-property-rights/article_b4d25663-b8e1-4556-ab92-91f985b88286.html,review queue: data-center-map: Ada County (master_opposition.csv row 39),1,restrictions,
