policy_id,state,policy_type,technology,statute_citation,reason
AK-siting_authority-1,AK,siting_authority,solar;wind,Alaska Stat. 29.40.040; 42.05.221(a); 42.05.990(6); 42.05.711(r),"review verdict contradicts: Read AS 29.40.040, 42.05.221, 42.05.990(6) and 42.05.711 in print view on akleg.gov (https://www.akleg.gov/basis/statutes.asp?media=print&secStart=<section>&secEnd=<section>, Alaska Statutes 2025, all HTTP 200). 29.40.040 has the assembly adopt zoning and land use permit rules, including permits des"
AL-state_setback_standard-1,AL,state_setback_standard,wind,"Ala. Code 45-10-260.05(i)-(k), 45-25-260.05(i)-(k), 45-28-260.05(i)-(k); 45-10-260.04, 45-25-260.04, 45-28-260.04","review verdict contradicts: Read 45-10-260.01, -260.02, -260.04, -260.05 and the DeKalb (45-25-) and Etowah (45-28-) counterparts on alison.legislature.state.al.us (graphql endpoint). The numbers in the summary match the text: 40 decibels at the system's property line (260.05(i)), 2,500 feet from the center-mass base to the ne"
AR-siting_authority-1,AR,siting_authority,solar;wind,"Ark. Code 23-18-1401 to -1419 (2025 Ark. Acts 945, SB 437, enacted as 23-18-1301 to -1319), esp. 23-18-1304 (codified -1404) and 23-18-1313 (codified -1413); Ark. Code 23-18-503(6), 23-18-504, 23-18-510",review saw the statute only as snippet
CT-siting_authority-1,CT,siting_authority,solar;wind;battery_storage,"Conn. Gen. Stat. 16-50i(a)(3), 16-50k(a), 16-50x(a)","review verdict contradicts: Read Conn. Gen. Stat. 16-50i, 16-50k and 16-50x in chapter 277a revised to January 1, 2025 (https://www.cga.ct.gov/current/pub/chap_277a.htm) and 16-50k in the 2026 Supplement (https://www.cga.ct.gov/2026/sup/chap_277a.htm), fetched 2026-10-09 with TLS verification on, adding the GoDaddy G2 intermed"
GA-siting_authority-1,GA,siting_authority,solar;wind,"Ga. Const. art. IX, sec. II, para. IV; O.C.G.A. 36-66-1 et seq. (Zoning Procedures Law)",review saw the statute only as snippet
IA-local_preemption-1,IA,local_preemption,solar;wind;battery_storage,"Iowa Code 476A.5(3), 476A.8","review verdict contradicts: Read Iowa Code 2026 chapter 476A (https://www.legis.iowa.gov/docs/code/476A.pdf), 476A.1(5), 476A.5(3), 476A.7, 476A.8, 2026-10-09. Substance matches: 476A.5(3) failure to meet city, county or airport zoning under chapters 329, 335 and 414 does not preclude the certificate and supersedes those chapt"
IA-siting_authority-1,IA,siting_authority,solar;wind;battery_storage,"Iowa Code 476A.1(5), 476A.2","review verdict contradicts: Read Iowa Code 2026 chapter 476A (https://www.legis.iowa.gov/docs/code/476A.pdf, printed 2025-12-09), 476A.1, 476A.2, 476A.5 to 476A.8, 2026-10-09. Field threshold_mw is wrong for storage: the row has battery_storage:25 (MW), but 476A.1(5) sets the storage trigger as 'twenty-five or more megawatt ho"
ME-siting_authority-1,ME,siting_authority,solar;wind,"38 M.R.S. 482(2), 481-490; 35-A M.R.S. 3451 et seq.","review verdict contradicts: Read 38 M.R.S. 482 (https://legislature.maine.gov/statutes/38/title38sec482.html), 38 M.R.S. 488 (title38sec488.html), 35-A M.R.S. 3451 and 3454 (legislature.maine.gov/statutes/35-A/...), 2026-10-09. Substance matches: 482(2)(A) development over 20 acres and (2)(C) a 'structure', which 482(6)(B) def"
MN-local_preemption-1,MN,local_preemption,solar;wind;battery_storage,"Minn. Stat. section 216I.18, subd. 1","review verdict contradicts: Read Minn. Stat. 216I.18 subds. 1 to 3 at https://www.revisor.mn.gov/statutes/cite/216I.18 and 216I.02 subd. 10 on 2026-10-09. Subd. 1: the site or route permit is the sole site or route approval required and supersedes and preempts all zoning, building, or land use rules, regulations, or ordinances"
MN-siting_authority-1,MN,siting_authority,solar;wind;battery_storage,"Minn. Stat. sections 216I.02, 216I.03, 216I.08, 216I.10","review verdict contradicts: Read on revisor.mn.gov (2025 Statutes) 2026-10-09: Minn. Stat. 216I.02 subds. 6, 9, 10, 11, 18 (storage 10,000 kW; large generating plant 50,000 kW; LWECS 5,000 kW; solar 50,000 kW AC), 216I.03 subd. 2, 216I.08 subds. 1 and 2 (https://www.revisor.mn.gov/statutes/cite/216I.08: local review for plants"
MO-siting_authority-1,MO,siting_authority,solar;wind,"Mo. Rev. Stat. sections 89.020, 64.620, 393.170","review verdict contradicts: Read on revisor.mo.gov 2026-10-09: RSMo 89.020 (https://revisor.mo.gov/main/OneSection.aspx?section=89.020, city zoning powers; history ends A.L. 2019 S.B. 133), 64.620 (second and third class county zoning; may not interfere with public utility services authorized by the PSC; L. 1951, A.L. 1991 H.B"
MS-siting_authority-1,MS,siting_authority,solar;wind,"Miss. Code Ann. sections 77-3-11(2), 77-3-14(1); 17-1-3",no statute URL
NC-siting_authority-1,NC,siting_authority,solar;wind,"N.C. Gen. Stat. §§ 143-215.115(2), 143-215.116, 143-215.120(a)(9), (d)","review verdict contradicts: Read on ncleg.gov 2026-10-09: G.S. 143-215.115, 143-215.116, 143-215.120 (https://www.ncleg.gov/EnactedLegislation/Statutes/HTML/BySection/Chapter_143/GS_143-215.120.html and the .115 and .116 pages) and G.S. 62-110.1 (https://www.ncleg.gov/EnactedLegislation/Statutes/HTML/BySection/Chapter_62/GS_62"
NY-other-1,NY,other,solar;wind,"N.Y. Pub. Auth. Law § 1005(27-a)(b)(i), (iii) (added by 2023 N.Y. Laws ch. 56, part QQ)","review verdict contradicts: Read https://www.nysenate.gov/legislation/laws/PBA/1005 on 2026-10-09 via WebFetch, including the part past 100,000 characters (curl and Jina got Cloudflare HTTP 403); page shows most recent revision 2025-12-26, with earlier revisions 2025-02-21, 2025-01-10 and 2024-12-27. Confirmed text, 27-a(b)(i)"
NY-siting_authority-1,NY,siting_authority,solar;wind;battery_storage,"N.Y. Pub. Serv. Law §§ 137(4), 140 (Article VIII); 16 NYCRR 1100-1.1(b)(4)-(5), 1100-1.2(ag), (ba)","review verdict contradicts: Read 2026-10-09: N.Y. Pub. Serv. Law 137 and 140 via WebFetch of https://www.nysenate.gov/legislation/laws/PBS/137 and /PBS/140 (curl and Jina Reader got the Cloudflare challenge, HTTP 403); WebFetch quoted 137(4) 'nameplate generating capacity of twenty-five thousand kilowatts or more' with 'any co"
NY-state_setback_standard-1,NY,state_setback_standard,solar;wind,"16 NYCRR 1100-2.6(b) (Table 1), 1100-2.6(d) (Table 2), 1100-2.8(b)","review verdict contradicts: Read 2026-10-09 the PDF at statute_url (16 NYCRR Part 1100 effective 2024-07-17) and the current rules: 16 NYCRR Part 1101, effective 2026-03-09 (https://dps.ny.gov/chapter-xi-title-16-nycrr-part-1101-major-renewable-energy-facility-siting), with https://dps.ny.gov/ores-regulatory-documents stating "
PR-siting_authority-1,PR,siting_authority,solar;wind,"Puerto Rico Act 161-2009 (Ley para la Reforma del Proceso de Permisos), art. 1.3 (23 L.P.R.A. § 9011 note); 23 L.P.R.A. § 9011 et seq.","review verdict contradicts: Read the compiled Act 161-2009 (Spanish, marked 'Rev. 14 de mayo de 2026') at https://bvirtualogp.pr.gov/ogp/Bvirtual/leyesreferencia/PDF/Permisos/161-2009.pdf on 2026-10-09: articles 1.3, 2.1, 2.5 and 18.10. Matches: art. 2.1 creates the Oficina de Gerencia de Permisos as an auxiliary secretariat o"
RI-other-1,RI,other,solar;wind,"R.I. Gen. Laws §§ 39-26.6-3(6), (7), (15), 39-26.6-12(c), 39-26.4-2(2), (19)","review verdict contradicts: Read on webserver.rilegislature.gov 2026-10-09: https://webserver.rilegislature.gov/Statutes/TITLE39/39-26.6/39-26.6-3.htm, .../39-26.6/39-26.6-12.htm and .../TITLE39/39-26.4/39-26.4-2.htm. Confirmed: 39-26.6-3(6) defines core forest (250 acres or more, unbroken, 25 yards from mapped roads) and make"
TN-siting_authority-1,TN,siting_authority,solar;wind,"Tenn. Code Ann. §§ 65-17-101, 65-17-104, 65-17-105, 65-4-101(6)(C) (2018 Tenn. Pub. Acts ch. 825, secs. 2, 4, 5, 14)","review verdict contradicts: Read 2018 Tenn. Pub. Acts ch. 825 (HB 1731) and 2017 Pub. Ch. 368 (HB 1021), the official Secretary of State PDFs, through Jina Reader on 2026-10-09 (https://r.jina.ai/https://publications.tnsosfiles.com/acts/110/pub/pc0825.pdf and .../pc0368.pdf). Codified text could not be read: law.justia.com ret"
TN-state_setback_standard-1,TN,state_setback_standard,wind,"Tenn. Code Ann. § 65-17-105(e)(1) (2018 Tenn. Pub. Acts ch. 825, sec. 5(e)(1)(A)-(G))",review verdict contradicts: Read 2018 Tenn. Pub. Acts ch. 825 through Jina Reader (https://r.jina.ai/https://publications.tnsosfiles.com/acts/110/pub/pc0825.pdf) on 2026-10-09; codified text not readable (law.justia.com Cloudflare challenge via Jina; casetext.com HTTP 410). Act sec. 5(a) requires local legislation adopted by a
UT-siting_authority-1,UT,siting_authority,solar;wind,"Utah Code §§ 54-17-1201(2), 54-17-1205 (2026 H.B. 16); general land use powers in Utah Code §§ 10-9a-501, 17-27a-501 as cited by the inventory","review verdict contradicts: Opened on 2026-10-09 with curl (le.utah.gov serves an incomplete chain; added the Sectigo Public Server Authentication CA OV R36 intermediate from http://crt.sectigo.com/SectigoPublicServerAuthenticationCAOVR36.crt to the CA bundle, verification on): the enrolled 2026 H.B. 16 (https://le.utah.gov/Se"
VA-siting_authority-1,VA,siting_authority,solar;wind;battery_storage,"Va. Code Ann. §§ 10.1-1197.5, 10.1-1197.6(B)(2), (G), 10.1-1197.8, 56-580(D), 15.2-2288.8(A); 9VAC15-60-20(A), 9VAC15-40-20","review verdict contradicts: Opened on law.lis.virginia.gov with curl on 2026-10-09 (pages dated 10/9/2026): Va. Code 10.1-1197.5 (https://law.lis.virginia.gov/vacode/title10.1/chapter11.1/section10.1-1197.5/), 10.1-1197.6, 10.1-1197.8, 56-580 (https://law.lis.virginia.gov/vacode/title56/chapter23/section56-580/), 15.2-2288.8, "
VA-state_setback_standard-1,VA,state_setback_standard,solar;battery_storage,"Va. Code Ann. §§ 15.2-2288.8(A), (E), 15.2-2288.7(B), (C)","review verdict contradicts: Opened Va. Code 15.2-2288.8 (https://law.lis.virginia.gov/vacode/title15.2/chapter22/section15.2-2288.8/) and 15.2-2288.7 (both versions) with curl on 2026-10-09. 15.2-2288.8(A): unless provided by right, each locality shall require a special exception or a siting agreement under 15.2-2316.7 for any"
VT-state_setback_standard-2,VT,state_setback_standard,wind,"Vt. Pub. Util. Comm'n Rule 5.700 (5.701, 5.703, 5.705(B)), adopted under 30 V.S.A. § 248","review verdict contradicts: Opened Vermont PUC Rule 5.700 at https://puc.vermont.gov/sites/psbnew/files/doc_library/PSBRule5.700.pdf with curl and pdftotext on 2026-10-09 (effective date November 22, 2017 on every page; still listed as '5.700 Rule on Sound Levels from Wind Generation Facilities' at https://puc.vermont.gov/abou"
WV-siting_authority-1,WV,siting_authority,solar;wind,"W. Va. Code §§ 24-2-1(d)(2), (4), 24-2-11c(b), (c), 24-2-11","review verdict contradicts: Opened W. Va. Code 24-2-1, 24-2-11c and 24-2-11 at https://code.wvlegislature.gov/24-2-1/, https://code.wvlegislature.gov/24-2-11C/ and https://code.wvlegislature.gov/24-2-11/, and 8A-7-10 at https://code.wvlegislature.gov/8A-7-10/, with curl on 2026-10-09. 24-2-1(d)(2) and (4): an exempt wholesale "
