date,file,rows,sha256
2026-09-25,restrictions.csv,618,3f3de3578dbd1965799b7413d1e5dca89f2fc91f7cae826978d3c9a24e971df5
2026-09-25,contested_projects.csv,165,787c892050c246a13a7f80cd10396f0fa5f7d4bea32fee1eac37236b3cd1416e
2026-09-25,cases.csv,27,51f6896d42512b907f8b800e5802248dfcdb2b37c9e11066381126618eef99ad
2026-09-25,sources.csv,28,425d24f0fb014eafab8d9d8ab19c55b47124929717c834651e96c70c84aca965
2026-09-29,restrictions.csv,618,19db2929d3c297b71fd57899ef9dc0bd9f079f45bbd93ab1e3f2fecae5568a43
2026-09-29,contested_projects.csv,165,39abf7335c9417fa278f2866a8f53309251b5e039323e0e1c7bc4a8f955b8ac1
2026-09-29,cases.csv,27,1742738ca262963eb6e9cd348ddc89065b8a7e1cf48591fe78478d8c3061c841
2026-09-29,sources.csv,28,53650df28ebf06fe8624d422b187f26b6fe21bb14968913c965a879175ff41cf
2026-09-29,sources.csv,28,bf5da12a15453163aa3d09dd5e978aef5cd75d78817e1827c05bd6de9eb1ce97
2026-09-29,restrictions.csv,610,3778f9498f4be2b78357a85684961fdf85ea3a8bf6e5c96914d44f0262607524
2026-09-29,contested_projects.csv,165,b03337bd03896c01accef390d21d656c746c1ba628a0eaf1fa0de9fb5821b9b2
2026-09-29,cases.csv,27,34197dca4ff1a6d2e911a2991359326a0f9b111c427ec4e110c7eb02728f2a79
2026-09-29,sources.csv,28,854bd5de6b9dc9567c949250d3962ea1aea62c51adb6dc5997812b5e66e2041b
2026-09-29,sources.csv,28,fcd843bd0398635959f0a28ddd3edd1c6c713a0acfb57ee82230c5da1ff0c07c
2026-09-29,sources.csv,28,63f708aab76923e1b731892935686886575d7ae5c12d1fda2c59f8f05d7d58a3
2026-09-30,restrictions.csv,610,9f4ceefad2b268eacc467f74faecd0bbed1e1a3c2042bcfcde8bb12f4f9fb93e
2026-09-30,contested_projects.csv,165,64ada9c5f829881240ffd443dc297df813a9df92f6015e18ab23f3d91daa4d85
2026-10-02,restrictions.csv,610,16d1fdb1088fbd008777a2e8cc2c845b7009e09aaacb635d17ec94e52c85dbbf
2026-10-02,contested_projects.csv,165,5c0c202eb55ebfb61c8535b19ce46c33a30116184c18e98d7f628de4357bceab
2026-10-05,sources.csv,28,fff24cb03c915213dabd146bc898d1028482ade697180a089a2ff5ed871b6ed7
2026-10-06,restrictions.csv,610,472f80b6616c6da4eeb4d6907f33c84f0ca1cfe3498c523aaeea46b1ce41d903
2026-10-06,contested_projects.csv,165,0db9a1ce1a73fde6c87c018de81872cfac8cd836cf3e51d88c8ffb78caeb24b7
