name,url,type,technology_scope,jurisdiction_scope,license,update_cadence,status,notes
Moratorium Nation (mjbommar/moratorium-data-2026),https://github.com/mjbommar/moratorium-data-2026,dataset,"solar, wind, battery_storage, data_center, cryptocurrency_mining",national (county/local),CC-BY-4.0 (data) / MIT (code),periodic (working snapshot; latest tagged release v2026.07),integrated,Seeds restrictions_seed.csv via scripts/fetch_moratorium_nation.py. Also the source for the data center platform's coverage_audit.py reference.
Sabin Center Renewable Energy Legal Defense Initiative,https://climate.law.columbia.edu/content/renewable-energy-legal-defense-initiative,litigation tracker,"solar, wind, battery_storage",national,verify reuse terms (academic institution; not an open dataset),ongoing,to integrate,Primary source for contested_projects and cases entities; litigation and legal-defense angle specifically.
"Sabin Center, Opposition to Renewable Energy Facilities in the United States: September 2026 Edition",https://climate.law.columbia.edu/content/opposition-renewable-energy-facilities-united-states-september-2026-edition,periodic report,"solar, wind, battery_storage",national,verify reuse terms,"annual editions (6th edition published 2026-09-02, data through 2025-12-31); web database updated monthly",integrated,"Seeds the Sabin rows of restrictions_seed.csv and contested_projects_seed.csv (scripts/build_sabin_seeds.py), read from data/renewable_opposition_records_2026-09.csv (scripts/extract_sabin_edition.py). Extracted from the Sabin Center's own export and web edition at oppositionreport.org/reports/current/ (stored in data/raw/); the report PDF (scholarship.law.columbia.edu/sabin_climate_change/280/) was blocked for this session and is still to be added to data/raw/. 2025 REC- ids are kept through data/review/sabin_edition_crosswalk.csv. Reports at least 888 restrictions and 567 contested projects; reconciliation in docs/sabin_2026_reconciliation.md. The June 2025 edition (data/renewable_opposition_records.csv) is still read for records not in the 2026 edition."
NREL U.S. Wind Siting Regulation and Zoning Ordinances (2025),https://data.openei.org/submissions/8519,dataset,wind,national (county/local ordinances),CC BY 4.0 (DOI 10.25984/3363758),"periodic (data from 2025-09-12, last updated 2026-02-03)",integrated,Fetched by scripts/fetch_nrel_ordinances.py (schema guard) into data/raw/; scripts/nrel_ordinances.py builds siting_standards and NREL restrictions by the shared severity rules. Compiled with large language models (INFRA-COMPASS); every row unverified until its ordinance is reviewed. Accuracy sample: docs/nrel_sample_report.md.
NREL U.S. Solar Siting Regulation and Zoning Ordinances (2025),https://data.openei.org/submissions/8602,dataset,solar,national (county/local ordinances),CC BY 4.0 (DOI 10.25984/3363739),"periodic (data from 2025-12-30, last updated 2026-02-03)",integrated,Same pipeline and caveats as the NREL wind database above.
LBNL Queued Up,https://emp.lbl.gov/queues,dataset,"solar, wind, battery_storage (interconnection queues)",national,US government / LBNL (check citation terms),annual,to integrate,Baseline universe of proposed projects for control-group construction once the predictive-modeling phase starts; plays the PUDL/EIA role from the data center platform.
Open States,https://openstates.org,legislative tracker,all (bill text and status),state,open (see site terms),continuous,reused from data center platform,Filter to renewables-relevant bill topics for contested_projects/restrictions state-legislation tracking.
GDELT 2.0 Doc API,https://www.gdeltproject.org/data.html,event harvesting API,all,national/global,open,continuous,reused from data center platform,Same dedup pattern as signal_harvest.py in the data center pipeline.
Carina Energy BESS Moratorium Map,https://carina.energy/bess-moratoriums/,commercial dataset,battery_storage,national (state/local),commercial - verify license before ingesting,unknown,lower priority,Now lower priority: Moratorium Nation already covers battery_storage moratoria under CC-BY-4.0.
EticaAG BESS Restrictions Database,https://eticaag.com/bess-moratorium-database/,commercial dataset,battery_storage,national (state/local),commercial - verify license before ingesting,unknown,lower priority,Same note as Carina Energy row above.
LBNL Laws in Order: An Inventory of State Renewable Energy Siting Policies (2024),https://emp.lbl.gov/index.php/laws-order-inventory-state-renewable-energy-siting-policies,inventory report,"solar, wind",state (50 states and Puerto Rico),CC BY-NC 4.0 (Regulatory Assistance Project),one-off (June 2024; data through February 2024),integrated,Locates state siting law for state_policies (data/review/state_policies_candidates.csv). Never the verification: each row is checked against the statute itself. PDF read from eta-publications.lbl.gov/sites/default/files/rap-enterline-valainis-laws-order-inventory-state-renewable-energy-siting-policies-2024-june.pdf (the landing pages block scripts).
EIA-860M Preliminary Monthly Electric Generator Inventory,https://www.eia.gov/electricity/data/eia860m/,dataset,"solar, wind, battery_storage, geothermal (plants of 1 MW or more)",national (plant level),U.S. government work (public domain),monthly,integrated,"scripts/fetch_facilities.py keeps the newest monthly workbook's solar, wind, storage and geothermal plants (Operating, Planned, Retired, Canceled or Postponed tabs) in data/reference/facilities.csv; the workbook itself is not committed, its URL, release and SHA-256 are in data/reference/facilities_manifest.csv. scripts/facility_matches.py matches contested projects to plants; a match never changes an outcome. Refreshed monthly by build-data.yml."
U.S. Wind Turbine Database (USWTDB),https://energy.usgs.gov/uswtdb/,dataset,wind (built turbines),national (turbine level),U.S. government work (public domain),quarterly,integrated,"Turbines grouped by project, state and EIA plant id in data/reference/facilities.csv (scripts/fetch_facilities.py). Built projects only; adds wind projects under 1 MW and turbine locations."
U.S. Large-Scale Solar Photovoltaic Database (USPVDB),https://energy.usgs.gov/uspvdb/,dataset,solar (built facilities of 1 MW or more),national (facility level),U.S. government work (public domain),annual,integrated,"One row per built facility in data/reference/facilities.csv (scripts/fetch_facilities.py), digitized from imagery."
