state,project_name,technology,court_level,severity_score,description,case_name,court,docket_number,case_status,linked_entity,source_record_id,case_id,source,source_url,case_source_url,reviewer_notes
AZ,SunZia Transmission Line,transmission,federal_district,3,Tohono O'odham Nation v. U.S. Department of the Interior (U.S. District Court for the District of Arizona) - litigation over SunZia Transmission Line,Tohono O'odham Nation v. U.S. Department of the Interior,U.S. District Court for the District of Arizona,4:24-cv-00034,pending,contested_project,REC-0013,case_36584c3665,Reviewed case record,https://dockets.justia.com/docket/arizona/azdce/4:2024cv00034/1359631,https://dockets.justia.com/docket/arizona/azdce/4:2024cv00034/1359631,"Verified 2026-09-24 by web search: a Justia dockets / govinfo result names this case, court and docket; opinion text not read. Dismissed 2024-06-06; the Ninth Circuit revived the claims in 2025 and remanded."
CA,Altamont Pass Wind Resource Area First-Generation Wind Farms,wind,state_appellate,3,"Center for Biological Diversity, Inc. v. FPL Group, Inc. (California Court of Appeal, First Appellate District) - litigation over Altamont Pass Wind Resource Area First-Generation Wind Farms","Center for Biological Diversity, Inc. v. FPL Group, Inc.","California Court of Appeal, First Appellate District",,ruled_for_developer,contested_project,REC-0023,case_a216359f5a,Reviewed case record,https://www.courtlistener.com/opinion/2247219/center-for-biological-diversity-inc-v-fpl-group-inc/,https://www.courtlistener.com/opinion/2247219/center-for-biological-diversity-inc-v-fpl-group-inc/,"Verified 2026-09-24 by web search: a CourtListener / FindLaw result names this case, court; opinion text not read. Decided 2008-09-18 (166 Cal.App.4th 1349): dismissal affirmed."
CA,Boulder Brush Project,wind;transmission,federal_district,3,Backcountry Against Dumps v. Bureau of Indian Affairs (U.S. District Court for the Southern District of California) - litigation over Boulder Brush Project,Backcountry Against Dumps v. Bureau of Indian Affairs,U.S. District Court for the Southern District of California,3:20-cv-02343,dismissed,contested_project,REC-0027,case_745ea6e9b2,Reviewed case record,https://law.justia.com/cases/federal/district-courts/california/casdce/3:2020cv02343/694320/74/,https://law.justia.com/cases/federal/district-courts/california/casdce/3:2020cv02343/694320/74/,"Verified 2026-09-24 by web search: a Justia result names this case, court and docket; opinion text not read. Dismissed under Rule 19 (tribe a required party); affirmed by the Ninth Circuit."
DE,Cedar Creek Solar,solar,state_trial,3,Citizens Against Solar Pollution v. Kent County (Delaware Court of Chancery) - litigation over Cedar Creek Solar,Citizens Against Solar Pollution v. Kent County,Delaware Court of Chancery,2022-0287-NAC,dismissed,contested_project,REC-0044,case_de5d5a5743,Reviewed case record,https://law.justia.com/cases/delaware/court-of-chancery/2023/2022-0287-nac.html,https://law.justia.com/cases/delaware/court-of-chancery/2023/2022-0287-nac.html,"Verified 2026-09-24 by web search: a Justia result names this case, court and docket; opinion text not read. 2023: dismissed for lack of jurisdiction with leave to transfer to Superior Court."
DE,Cedar Creek Solar,solar,state_trial,3,Citizens Against Solar Pollution v. Kent County (Delaware Superior Court) - litigation over Cedar Creek Solar,Citizens Against Solar Pollution v. Kent County,Delaware Superior Court,N23C-03-196 VLM,,contested_project,REC-0044,case_58fe8f2527,Reviewed case record,https://law.justia.com/cases/delaware/superior-court/2024/n23c-03-196-vlm.html,https://law.justia.com/cases/delaware/superior-court/2024/n23c-03-196-vlm.html,"Verified 2026-09-24 by web search: a Justia result names this case, court and docket; opinion text not read. Transferred case; 2023 and 2024 decisions; later appealed to the Delaware Supreme Court (Kent County v. Citizens Against Solar Pollution). Outcome not captured."
HI,Kahuku Na Pua Makani Wind Project,wind,state_supreme,3,Keep the North Shore Country v. Board of Land and Natural Resources (Supreme Court of Hawai'i) - litigation over Kahuku Na Pua Makani Wind Project,Keep the North Shore Country v. Board of Land and Natural Resources,Supreme Court of Hawai'i,SCAP-19-0000449,ruled_for_developer,contested_project,REC-0067,case_ee372892b0,Reviewed case record,https://case-law.vlex.com/vid/keep-the-n-shore-907372581,https://case-law.vlex.com/vid/keep-the-n-shore-907372581,"Verified 2026-09-24 by web search: a vLex / DLNR result names this case, court and docket; opinion text not read. Decided 2022-02-22: habitat conservation plan approval upheld."
IL,Alta Wind Farm,wind,state_trial,3,"Alta Farms Wind Project II v. DeWitt County (Illinois Circuit Court, Sixth Judicial Circuit (DeWitt County)) - litigation over Alta Wind Farm",Alta Farms Wind Project II v. DeWitt County,"Illinois Circuit Court, Sixth Judicial Circuit (DeWitt County)",,ruled_for_developer,contested_project,REC-0085,case_c1f72eeee2,Reviewed case record,https://pantagraph.com/alta-farms-wind-project-ii-v-dewitt-county-et-al/pdf_503e14df-53ac-584d-90e6-e79a9a01622c.html,https://pantagraph.com/alta-farms-wind-project-ii-v-dewitt-county-et-al/pdf_503e14df-53ac-584d-90e6-e79a9a01622c.html,"Verified 2026-09-24 by web search: a Pantagraph (complaint PDF) / news result names this case, court; opinion text not read. 2021: board lacked authority to suspend the project's building permits. Residents' and the Village of Wapella's suits against the approval are not recorded here."
MA,454-MW offshore wind farm,wind,federal_appellate,3,Public Employees for Environmental Responsibility v. Hopper (U.S. Court of Appeals for the D.C. Circuit) - litigation over 454-MW offshore wind farm,Public Employees for Environmental Responsibility v. Hopper,U.S. Court of Appeals for the D.C. Circuit,14-5301,ruled_for_opposition,contested_project,REC-0193,case_b20d5aafe4,Reviewed case record,https://www.courtlistener.com/opinion/3219842/public-employees-for-environmental-responsibility-v-hopper/,https://www.courtlistener.com/opinion/3219842/public-employees-for-environmental-responsibility-v-hopper/,"Verified 2026-09-24 by web search: a CourtListener / govinfo result names this case, court and docket; opinion text not read. Decided 2016-07-05: Cape Wind EIS held inadequate (geological surveys)."
NC,Coastal Pine Solar Farm,solar,state_appellate,3,"Coastal Pine Solar, LLC v. Pender County (North Carolina Court of Appeals) - litigation over Coastal Pine Solar Farm","Coastal Pine Solar, LLC v. Pender County",North Carolina Court of Appeals,COA24-108,ruled_for_opposition,contested_project,REC-0319,case_deb7e3e90a,Reviewed case record,https://caselaw.findlaw.com/court/nc-court-of-appeals/129583.html,https://caselaw.findlaw.com/court/nc-court-of-appeals/129583.html,"Verified 2026-09-24 by web search: a FindLaw / vLex result names this case, court and docket; opinion text not read. Decided 2026-06-17: county's permit denial upheld."
NH,Antrim Wind Project,wind,state_supreme,3,In re Allen (Antrim Wind Energy) (Supreme Court of New Hampshire) - litigation over Antrim Wind Project,In re Allen (Antrim Wind Energy),Supreme Court of New Hampshire,,ruled_for_developer,contested_project,REC-0268,case_c0daa618a6,Reviewed case record,https://www.courtlistener.com/opinion/7923542/in-re-allen/,https://www.courtlistener.com/opinion/7923542/in-re-allen/,"Verified 2026-09-24 by web search: a CourtListener result names this case, court; opinion text not read. May 2018 (per NHPR): Site Evaluation Committee approval upheld."
NH,Franklin Solar Project,solar,state_supreme,3,"Mojalaki Holdings, LLC v. City of Franklin (Supreme Court of New Hampshire) - litigation over Franklin Solar Project","Mojalaki Holdings, LLC v. City of Franklin",Supreme Court of New Hampshire,2022-0122,ruled_for_developer,contested_project,REC-0269,case_654d463e55,Reviewed case record,https://law.justia.com/cases/new-hampshire/supreme-court/2024/2022-0122.html,https://law.justia.com/cases/new-hampshire/supreme-court/2024/2022-0122.html,"Verified 2026-09-24 by web search: a Justia result names this case, court and docket; opinion text not read. Decided 2024-04-09: planning board denial reversed; builder's remedy granted."
NJ,Atlantic Shores South Project,wind,federal_district,3,"Save Long Beach Island v. Atlantic Shores Offshore Wind, LLC (U.S. District Court for the District of New Jersey) - litigation over Atlantic Shores South Project","Save Long Beach Island v. Atlantic Shores Offshore Wind, LLC",U.S. District Court for the District of New Jersey,3:24-cv-09377,pending,contested_project,REC-0276,case_c0443f5960,Reviewed case record,https://www.govinfo.gov/app/details/USCOURTS-njd-3_24-cv-09377,https://www.govinfo.gov/app/details/USCOURTS-njd-3_24-cv-09377,"Verified 2026-09-24 by web search: a govinfo result names this case, court and docket; opinion text not read. Appeal docketed in the Third Circuit as 26-2186. The municipalities' separate 2023 state suit was dismissed for lack of standing in April 2024 (not recorded here)."
NJ,New York Bight Offshore Wind Area,wind,federal_district,3,Save Long Beach Island v. U.S. Department of the Interior (U.S. District Court for the District of Columbia) - litigation over New York Bight Offshore Wind Area,Save Long Beach Island v. U.S. Department of the Interior,U.S. District Court for the District of Columbia,22-cv-55 (DLF),dismissed,contested_project,REC-0279,case_6b27c909ba,Reviewed case record,https://www.courtlistener.com/opinion/9382865/save-long-beach-island-v-united-states-department-of-the-interior/,https://www.courtlistener.com/opinion/9382865/save-long-beach-island-v-united-states-department-of-the-interior/,"Verified 2026-09-24 by web search: a CourtListener result names this case, court and docket; opinion text not read. Dismissed for lack of jurisdiction."
NJ,Ocean Wind 1,wind,federal_district,3,County of Cape May v. United States (U.S. District Court for the District of New Jersey) - litigation over Ocean Wind 1,County of Cape May v. United States,U.S. District Court for the District of New Jersey,1:23-cv-21201,dismissed,contested_project,REC-0281,case_5c2b2e80a1,Reviewed case record,https://www.climatecasechart.com/collections/county-of-cape-may-v-united-states_3878a5,https://www.climatecasechart.com/collections/county-of-cape-may-v-united-states_3878a5,"Verified 2026-09-24 by web search: a Sabin Center climate litigation database result names this case, court and docket; opinion text not read. Dismissed as moot after the developer cancelled Ocean Wind 1."
NV,Clark County Solar Development,solar,federal_district,3,Western Watersheds Project v. Haaland (U.S. District Court for the District of Columbia) - litigation over Clark County Solar Development,Western Watersheds Project v. Haaland,U.S. District Court for the District of Columbia,,,contested_project,REC-0259,case_d1ea6bd67c,Reviewed case record,https://www.courtlistener.com/opinion/10366230/western-watersheds-project-v-haaland/,https://www.courtlistener.com/opinion/10366230/western-watersheds-project-v-haaland/,"Verified 2026-09-24 by web search: a CourtListener result names this case, court; opinion text not read. Filed September 2023 over desert tortoise protections under the Clark County MSHCP; outcome not captured."
NV,Forest Hills Subdivision Wind Turbine,wind,state_supreme,3,Sowers v. Forest Hills Subdivision (Supreme Court of Nevada) - litigation over Forest Hills Subdivision Wind Turbine,Sowers v. Forest Hills Subdivision,Supreme Court of Nevada,58609,ruled_for_opposition,contested_project,REC-0263,case_cbdfe80fe9,Reviewed case record,https://law.justia.com/cases/nevada/supreme-court/2013/129-nev-adv-op-no-9.html,https://law.justia.com/cases/nevada/supreme-court/2013/129-nev-adv-op-no-9.html,"Verified 2026-09-24 by web search: a Justia / Casemine result names this case, court and docket; opinion text not read. Decided 2013-02-14: permanent injunction against the turbine affirmed."
OK,Osage Wind,wind,federal_appellate,3,"United States v. Osage Wind, LLC (U.S. Court of Appeals for the Tenth Circuit) - litigation over Osage Wind","United States v. Osage Wind, LLC",U.S. Court of Appeals for the Tenth Circuit,15-5121,ruled_for_opposition,contested_project,REC-0363,case_aa6cf531ba,Reviewed case record,https://law.justia.com/cases/federal/appellate-courts/ca10/15-5121/15-5121-2017-09-18.html,https://law.justia.com/cases/federal/appellate-courts/ca10/15-5121/15-5121-2017-09-18.html,"Verified 2026-09-24 by web search: a Justia result names this case, court and docket; opinion text not read. Decided 2017-09-18: excavation was mineral development requiring an approved lease."
OR,Boardman-to-Hemingway Transmission Line,transmission,state_supreme,3,Stop B2H Coalition v. Oregon Department of Energy (Supreme Court of Oregon) - litigation over Boardman-to-Hemingway Transmission Line,Stop B2H Coalition v. Oregon Department of Energy,Supreme Court of Oregon,S069919,ruled_for_developer,contested_project,REC-0368,case_7a2b1317ae,Reviewed case record,https://law.justia.com/cases/oregon/supreme-court/2023/s069919.html,https://law.justia.com/cases/oregon/supreme-court/2023/s069919.html,"Verified 2026-09-24 by web search: a Justia result names this case, court and docket; opinion text not read. 2023 (370 Or 792): site certificate affirmed."
OR,Echanis Wind Farm,wind,federal_appellate,3,Oregon Natural Desert Association v. Jewell (U.S. Court of Appeals for the Ninth Circuit) - litigation over Echanis Wind Farm,Oregon Natural Desert Association v. Jewell,U.S. Court of Appeals for the Ninth Circuit,13-36078,ruled_for_opposition,contested_project,REC-0369,case_31209f3282,Reviewed case record,https://cdn.ca9.uscourts.gov/datastore/opinions/2016/05/26/13-36078.pdf,https://cdn.ca9.uscourts.gov/datastore/opinions/2016/05/26/13-36078.pdf,"Verified 2026-09-24 by web search: a ca9.uscourts.gov result names this case, court and docket; opinion text not read. Same case as REC-0375 (Echanis project on Steens Mountain)."
OR,Origis Energy Solar Project,solar,state_appellate,3,1000 Friends of Oregon v. Jackson County (Oregon Court of Appeals) - litigation over Origis Energy Solar Project,1000 Friends of Oregon v. Jackson County,Oregon Court of Appeals,,ruled_for_opposition,contested_project,REC-0374,case_bc4a549741,Reviewed case record,https://www.courtlistener.com/opinion/6657003/1000-friends-of-or-v-jackson-cnty/,https://www.courtlistener.com/opinion/6657003/1000-friends-of-or-v-jackson-cnty/,"Verified 2026-09-24 by web search: a CourtListener result names this case, court; opinion text not read. Held the 80-acre solar facility was not 'industrial development'; LUBA's reversal of the county approval stood."
OR,Steens Wind,wind,federal_appellate,3,Oregon Natural Desert Association v. Jewell (U.S. Court of Appeals for the Ninth Circuit) - litigation over Steens Wind,Oregon Natural Desert Association v. Jewell,U.S. Court of Appeals for the Ninth Circuit,13-36078,ruled_for_opposition,contested_project,REC-0375,case_31209f3282,Reviewed case record,https://cdn.ca9.uscourts.gov/datastore/opinions/2016/05/26/13-36078.pdf,https://cdn.ca9.uscourts.gov/datastore/opinions/2016/05/26/13-36078.pdf,"Verified 2026-09-24 by web search: a ca9.uscourts.gov result names this case, court and docket; opinion text not read. Decided 2016-05-26: BLM environmental review of the Echanis project held inadequate."
SD,Crowned Ridge Wind Project,wind,state_supreme,3,"Christenson v. Crowned Ridge Wind, LLC (Supreme Court of South Dakota) - litigation over Crowned Ridge Wind Project","Christenson v. Crowned Ridge Wind, LLC",Supreme Court of South Dakota,29334,ruled_for_developer,contested_project,REC-0404,case_13ef67832d,Reviewed case record,https://law.justia.com/cases/south-dakota/supreme-court/2022/29334.html,https://law.justia.com/cases/south-dakota/supreme-court/2022/29334.html,"Verified 2026-09-24 by web search: a Justia result names this case, court and docket; opinion text not read. 2022: PUC permit affirmed."
TX,Horse Hollow Wind Energy Center,wind,state_appellate,3,"Rankin v. FPL Energy, LLC (Texas Court of Appeals, Eleventh District (Eastland)) - litigation over Horse Hollow Wind Energy Center","Rankin v. FPL Energy, LLC","Texas Court of Appeals, Eleventh District (Eastland)",,ruled_for_developer,contested_project,REC-0435,case_11d388cd77,Reviewed case record,https://www.courtlistener.com/opinion/1665625/rankin-v-fpl-energy-llc/,https://www.courtlistener.com/opinion/1665625/rankin-v-fpl-energy-llc/,"Verified 2026-09-24 by web search: a CourtListener / Justia result names this case, court; opinion text not read. Decided 2008-08-21: no Texas nuisance claim for aesthetic impact; take-nothing judgment affirmed."
VT,Apple Hill Solar and Willow Road Solar (f/k/a Chelsea Solar),solar,state_supreme,3,In re Petition of Apple Hill Solar LLC (Vermont Supreme Court) - litigation over Apple Hill Solar and Willow Road Solar (f/k/a Chelsea Solar),In re Petition of Apple Hill Solar LLC,Vermont Supreme Court,22-AP-286,ruled_for_opposition,contested_project,REC-0440,case_7097903c21,Reviewed case record,https://law.justia.com/cases/vermont/supreme-court/2023/22-ap-286.html,https://law.justia.com/cases/vermont/supreme-court/2023/22-ap-286.html,"Verified 2026-09-24 by web search: a Justia result names this case, court and docket; opinion text not read. 2023: denial of certificate of public good affirmed."
WV,Beech Ridge Wind Farm,wind,federal_district,3,Animal Welfare Institute v. Beech Ridge Energy LLC (U.S. District Court for the District of Maryland) - litigation over Beech Ridge Wind Farm,Animal Welfare Institute v. Beech Ridge Energy LLC,U.S. District Court for the District of Maryland,8:09-cv-01519,ruled_for_opposition,contested_project,REC-0473,case_9ab92e0161,Reviewed case record,https://dockets.justia.com/docket/maryland/mddce/8:2009cv01519/169229,https://dockets.justia.com/docket/maryland/mddce/8:2009cv01519/169229,"Verified 2026-09-24 by web search: a Justia dockets result names this case, court and docket; opinion text not read. Decided 2009-12-08: ESA injunction limiting turbine operation absent an incidental take permit."
WV,Mount Storm Wind Project,wind,state_supreme,3,"Burch v. NedPower Mount Storm, LLC (Supreme Court of Appeals of West Virginia) - litigation over Mount Storm Wind Project","Burch v. NedPower Mount Storm, LLC",Supreme Court of Appeals of West Virginia,33201,ruled_for_opposition,contested_project,REC-0474,case_c8486f4e8a,Reviewed case record,https://www.courtlistener.com/opinion/1406402/burch-v-nedpower-mount-storm-llc/,https://www.courtlistener.com/opinion/1406402/burch-v-nedpower-mount-storm-llc/,"Verified 2026-09-24 by web search: a CourtListener / courtswv.gov result names this case, court and docket; opinion text not read. Decided 2007-06-08: reversed dismissal of neighbors' nuisance claim and remanded."
WY,Pioneer Wind Parks I and II,wind,state_supreme,3,Northern Laramie Range Foundation v. Converse County Board of County Commissioners (Supreme Court of Wyoming) - litigation over Pioneer Wind Parks I and II,Northern Laramie Range Foundation v. Converse County Board of County Commissioners,Supreme Court of Wyoming,S-12-0060,ruled_for_developer,contested_project,REC-0493,case_e0f194ba78,Reviewed case record,https://law.justia.com/cases/wyoming/supreme-court/2012/s-12-0060.html,https://law.justia.com/cases/wyoming/supreme-court/2012/s-12-0060.html,"Verified 2026-09-24 by web search: a Justia result names this case, court and docket; opinion text not read. Decided 2012-12-14: WECS permit upheld."
CA,Blythe Mesa Solar Power Project,solar,federal_district,3,Colorado River Indian Tribes v. Department of Interior (U.S. District Court for the Central District of California) - litigation over Blythe Mesa Solar Power Project,Colorado River Indian Tribes v. Department of Interior,U.S. District Court for the Central District of California,5:14-cv-02504,ruled_for_developer,contested_project,REC-0026,case_22bbe850a4,Reviewed case record,https://www.courtlistener.com/docket/5913373/colorado-river-indian-tribes-v-department-of-interior/,https://www.courtlistener.com/docket/5913373/colorado-river-indian-tribes-v-department-of-interior/,"Opened 2026-10-07 on CourtListener (authenticated API): docket and final judgment (ECF No. 162, 2015-09-15): following the July 17, 2015 summary judgment order (ECF No. 157), judgment entered for the federal defendants and intervenor NextEra Blythe Solar Energy Center, LLC on all claims, dismissed with prejudice. The case matches the record's description (CRIT sued Interior in C.D. Cal. in 2014; summary judgment in 2015), but the intervenor is NextEra's Blythe Solar Energy Center, while the record names the project 'Blythe Mesa Solar Power Project'; the record's project name may be wrong.; promoted automatically from data/review/cases_candidates.csv on 2026-10-07: required fields complete, not reviewed by hand"
MD,Dan’s Mountain Wind Farm,wind,state_appellate,3,"Dan's Mountain Wind Force, LLC v. Allegany County Board of Zoning Appeals (Court of Special Appeals of Maryland) - litigation over Dan’s Mountain Wind Farm","Dan's Mountain Wind Force, LLC v. Allegany County Board of Zoning Appeals",Court of Special Appeals of Maryland,"No. 804, September Term 2016",ruled_for_developer,contested_project,REC-0180,case_cd121880bb,Reviewed case record,https://www.courtlistener.com/opinion/4483340/dans-mountain-wind-force-llc-v-allegany-cnty-bd-of-zoning-appeals/,https://www.courtlistener.com/opinion/4483340/dans-mountain-wind-force-llc-v-allegany-cnty-bd-of-zoning-appeals/,"Opened 2026-10-07 on CourtListener (authenticated API): reported opinion filed 2018-04-03 (Friedman, J.), appeal from Circuit Court for Allegany County Case No. 01-C-15-043252-F. The developer appealed the Board of Zoning Appeals' rejection of setback and separation-distance variances for 17 turbines; the court held the Board misapplied the uniqueness and practical-difficulty tests, reversed, and directed the circuit court to vacate the Board's decision and remand. This does not match the record's account (an ANCHOR challenge in which the Court of Special Appeals upheld an approval); no ANCHOR case was found. A related Court of Appeals entry (No. 253, Sept. Term 2016) shows a petition for certiorari denied 2016-09-29. Earlier note: Lead from web search 2026-09-24 (not confirmed): Dan's Mountain Wind Force, LLC v. Jennifer Shaw, et al. (Maryland Daily Record, 2022-04-22); circuit court earlier upheld the county's denial. Court for the 2022 decision not confirmed.; promoted automatically from data/review/cases_candidates.csv on 2026-10-07: required fields complete, not reviewed by hand"
MO,Grain Belt Express Tiger Connector Expansion,solar;transmission,state_appellate,3,"Grain Belt Express, L.L.C. v. Chariton County, Missouri (Missouri Court of Appeals, Western District) - litigation over Grain Belt Express Tiger Connector Expansion","Grain Belt Express, L.L.C. v. Chariton County, Missouri","Missouri Court of Appeals, Western District",WD86613,ruled_for_developer,contested_project,REC-0231,case_a6e2e6fc6b,Reviewed case record,https://www.courtlistener.com/opinion/10631142/grain-belt-express-llc-v-chariton-county-missouri/,https://www.courtlistener.com/opinion/10631142/grain-belt-express-llc-v-chariton-county-missouri/,"Opened 2026-10-07 on CourtListener (authenticated API): opinion filed 2024-10-15 (Hardwick, J.), appeal from the Circuit Court of Chariton County. Affirmed that Section 49.650.4 bars the county from any action, including withholding Section 229.100 assent, that would prevent Grain Belt from building the overhead line on public roads along the MPSC-approved route; reversed in part to hold that Grain Belt must still obtain the county's assent to the manner of construction. The opinion does not mention the Tiger Connector; it concerns the Grain Belt line in Chariton County, the ruling the record cites.; promoted automatically from data/review/cases_candidates.csv on 2026-10-07: required fields complete, not reviewed by hand"
MT,Crazy Mountain Wind Project,wind,state_supreme,3,"Diana's Great Idea, LLC v. Jarrett (Supreme Court of Montana) - litigation over Crazy Mountain Wind Project","Diana's Great Idea, LLC v. Jarrett",Supreme Court of Montana,DA 19-0594,ruled_for_opposition,contested_project,REC-0236,case_9d25f0d762,Reviewed case record,https://www.courtlistener.com/opinion/4774441/dianas-v-crazy-mountain/,https://www.courtlistener.com/opinion/4774441/dianas-v-crazy-mountain/,"Opened 2026-10-07 on CourtListener (authenticated API): opinion 2020 MT 199, decided 2020-08-11, appeal from the Sixth Judicial District Court (Cause No. DV-2018-161). Defendants include Crazy Mountain Wind, LLC and Pattern Energy. The opinion records that the District Court granted the neighbors a preliminary injunction on March 19, 2019, that Pattern moved on July 1, 2019 to be dismissed because the injunction made financing impossible and it was abandoning the wind farm, and that the District Court ruled for the neighbors. On appeal the Supreme Court affirmed the denial of the landowners' amendments, reversed the dismissal of their counterclaims with prejudice (remanding for dismissal without prejudice), and held the bond issue moot. case_status reflects the lower court's ruling for the neighbors; the appeal itself concerned the counterclaims. Earlier note: Lead from web search 2026-09-24 (not confirmed): Neighbors' nuisance suit filed September 2018 in Montana's Sixth Judicial District Court; preliminary injunction March 2019; Pattern abandoned the project and moved to dismiss. A later Montana Supreme Court matter (DA 21-0410) may relate. Caption not found.; promoted automatically from data/review/cases_candidates.csv on 2026-10-07: required fields complete, not reviewed by hand"
NV,Gerlach Geothermal ExploraDon Project,geothermal,federal_district,3,Burning Man Project v. Bureau of Land Management (U.S. District Court for the District of Nevada) - litigation over Gerlach Geothermal ExploraDon Project,Burning Man Project v. Bureau of Land Management,U.S. District Court for the District of Nevada,3:23-cv-00013,withdrawn,contested_project,REC-0264,case_45231f9086,Reviewed case record,https://www.courtlistener.com/docket/66713578/burning-man-project-v-bureau-of-land-management-of-the-us-department-of/,https://www.courtlistener.com/docket/66713578/burning-man-project-v-bureau-of-land-management-of-the-us-department-of/,"Opened 2026-10-07 on CourtListener (authenticated API): docket and complaint (ECF No. 1, filed 2023-01-09) challenging BLM's approval of the Gerlach Geothermal Exploration Project for Ormat Nevada under NEPA, FLPMA and the APA; Ormat intervened as a defendant. On 2025-06-16 the court granted the plaintiffs' unopposed motion to voluntarily dismiss with prejudice, each party bearing its own fees and costs (ECF Nos. 67, 68). The documents read do not say whether a settlement preceded the dismissal. Earlier note: Lead from web search 2026-09-24 (not confirmed): Burning Man Project sued BLM in January 2023 (NEPA); settled with Ormat October 2024. Court and docket not found in results.; promoted automatically from data/review/cases_candidates.csv on 2026-10-07: required fields complete, not reviewed by hand"
NV,Greenlink West Transmission Project,transmission,federal_district,3,Friends of Nevada Wilderness v. United States Bureau of Land Management (U.S. District Court for the District of Nevada) - litigation over Greenlink West Transmission Project,Friends of Nevada Wilderness v. United States Bureau of Land Management,U.S. District Court for the District of Nevada,2:25-cv-00929,pending,contested_project,REC-0265,case_0bbc3dcc9b,Reviewed case record,https://www.courtlistener.com/docket/70393156/friends-of-nevada-wilderness-v-united-states-bureau-of-land-management/,https://www.courtlistener.com/docket/70393156/friends-of-nevada-wilderness-v-united-states-bureau-of-land-management/,"Opened 2026-10-07 on CourtListener (authenticated API): docket and complaint (ECF No. 1, filed 2025-05-28 by Friends of Nevada Wilderness and Basin and Range Watch) against BLM, FWS and NPS over approval of the Greenlink West transmission line, including its route through Tule Springs Fossil Beds National Monument. The docket shows no termination date on 2026-10-07, so case_status is pending.; promoted automatically from data/review/cases_candidates.csv on 2026-10-07: required fields complete, not reviewed by hand"
WY,Rail Tie Wind Project,wind,state_supreme,3,"Monaghan Farms, Inc. v. Board of County Commissioners of Albany County (Supreme Court of Wyoming) - litigation over Rail Tie Wind Project","Monaghan Farms, Inc. v. Board of County Commissioners of Albany County",Supreme Court of Wyoming,"S-22-0127, S-22-0128",ruled_for_developer,contested_project,REC-0494,case_6f570107b1,Reviewed case record,https://www.courtlistener.com/opinion/9391802/monaghan-farms-inc-v-the-board-of-county-commissioners-of-albany-county/,https://www.courtlistener.com/opinion/9391802/monaghan-farms-inc-v-the-board-of-county-commissioners-of-albany-county/,"Opened 2026-10-07 on CourtListener (authenticated API): opinion 2023 WY 31, decided 2023-04-17, appeal from the District Court of Albany County; ConnectGen Albany County LLC intervened. The opinion quotes the county's letter confirming the Rail Tie Wind Project application (WEC-01-21) was approved on July 13, 2021, and affirms: no conditional use permit was needed beyond the WECS special use permit, the approval was not arbitrary and capricious, and it was not a taking. Earlier note: Lead from web search 2026-09-24 (not confirmed): Wyoming Supreme Court upheld Albany County's WECS permit in April 2023 (Wyoming Public Media); a 2024 Industrial Siting Council appeal was dismissed. Caption not found.; promoted automatically from data/review/cases_candidates.csv on 2026-10-07: required fields complete, not reviewed by hand"
WY,Rail Tie Wind Project,wind,federal_district,3,Albany County Conservancy v. Western Area Power Administration (U.S. District Court for the District of Wyoming) - litigation over Rail Tie Wind Project,Albany County Conservancy v. Western Area Power Administration,U.S. District Court for the District of Wyoming,1:24-cv-00271,pending,contested_project,REC-0494,case_c7aad0f88b,Reviewed case record,https://www.courtlistener.com/docket/69494045/albany-county-conservancy-v-western-area-power-administration/,https://www.courtlistener.com/docket/69494045/albany-county-conservancy-v-western-area-power-administration/,"Opened 2026-10-07 on CourtListener (authenticated API): docket and petition for review (ECF No. 1, filed 2024-12-23 by Albany County Conservancy, Wyoming Association of Professional Archaeologists and three individuals) challenging WAPA's Record of Decision approving an interconnection request for the Rail Tie Wind Project and the FEIS behind it (NEPA). The docket shows no termination date on 2026-10-07, so case_status is pending. This is the December 2024 lawsuit the record mentions.; promoted automatically from data/review/cases_candidates.csv on 2026-10-07: required fields complete, not reviewed by hand"
