url,archived_url,archived_at,http_status,method,status,checked_on,requested_on,attempts,last_error
https://case-law.vlex.com/vid/keep-the-n-shore-907372581,,,,none,not_archived,2026-10-05,,0,save no response
https://caselaw.findlaw.com/court/nc-court-of-appeals/129583.html,,,,none,not_archived,2026-10-05,,0,save no response
https://cdn.ca9.uscourts.gov/datastore/opinions/2016/05/26/13-36078.pdf,https://web.archive.org/web/20251005222952/https://cdn.ca9.uscourts.gov/datastore/opinions/2016/05/26/13-36078.pdf,2025-10-05T22:29:52Z,200,available,archived,2026-10-05,,0,
https://climate.law.columbia.edu/sites/default/files/content/Opposition-Report-June-2025.pdf,,,,none,not_archived,2026-10-05,,0,save no response
https://dockets.justia.com/docket/arizona/azdce/4:2024cv00034/1359631,https://web.archive.org/web/20240721223358/https://dockets.justia.com/docket/arizona/azdce/4:2024cv00034/1359631,2024-07-21T22:33:58Z,200,available,archived,2026-10-05,,0,
https://dockets.justia.com/docket/maryland/mddce/8:2009cv01519/169229,,,,none,not_archived,2026-10-05,,0,save no response
https://github.com/mjbommar/moratorium-data-2026/blob/main/data/moratorium_inventory.csv,https://web.archive.org/web/20260929165324/https://github.com/mjbommar/moratorium-data-2026/blob/main/data/moratorium_inventory.csv,2026-09-29T16:53:24Z,200,spn,archived,2026-10-05,2026-09-29,1,
https://law.justia.com/cases/delaware/court-of-chancery/2023/2022-0287-nac.html,,,,none,not_archived,2026-10-05,,0,save no response
https://law.justia.com/cases/delaware/superior-court/2024/n23c-03-196-vlm.html,,,,none,not_archived,2026-10-05,,0,save 520
https://law.justia.com/cases/federal/appellate-courts/ca10/15-5121/15-5121-2017-09-18.html,https://web.archive.org/web/20190723194753/https://law.justia.com/cases/federal/appellate-courts/ca10/15-5121/15-5121-2017-09-18.html,2019-07-23T19:47:53Z,200,cdx,archived,2026-10-05,,0,
https://law.justia.com/cases/federal/district-courts/california/casdce/3:2020cv02343/694320/74/,,,,none,not_archived,2026-10-05,,0,save no response
https://law.justia.com/cases/nevada/supreme-court/2013/129-nev-adv-op-no-9.html,,,,none,not_archived,2026-10-05,,0,save no response
https://law.justia.com/cases/new-hampshire/supreme-court/2024/2022-0122.html,https://web.archive.org/web/20250622095728/https://law.justia.com/cases/new-hampshire/supreme-court/2024/2022-0122.html,2025-06-22T09:57:28Z,200,available,archived,2026-10-05,,0,
https://law.justia.com/cases/oregon/supreme-court/2023/s069919.html,https://web.archive.org/web/20240908100019/https://law.justia.com/cases/oregon/supreme-court/2023/s069919.html,2024-09-08T10:00:19Z,200,cdx,archived,2026-10-05,,0,
https://law.justia.com/cases/south-dakota/supreme-court/2022/29334.html,https://web.archive.org/web/20220925163445/https://law.justia.com/cases/south-dakota/supreme-court/2022/29334.html,2022-09-25T16:34:45Z,200,cdx,archived,2026-09-29,,0,
https://law.justia.com/cases/vermont/supreme-court/2023/22-ap-286.html,https://web.archive.org/web/20231102161232/https://law.justia.com/cases/vermont/supreme-court/2023/22-ap-286.html,2023-11-02T16:12:32Z,200,cdx,archived,2026-10-05,,0,
https://law.justia.com/cases/wyoming/supreme-court/2012/s-12-0060.html,https://web.archive.org/web/20221006173131/https://law.justia.com/cases/wyoming/supreme-court/2012/s-12-0060.html,2022-10-06T17:31:31Z,200,cdx,archived,2026-10-05,,0,
https://pantagraph.com/alta-farms-wind-project-ii-v-dewitt-county-et-al/pdf_503e14df-53ac-584d-90e6-e79a9a01622c.html,,,,none,not_archived,2026-10-05,,0,save no response
https://www.climatecasechart.com/collections/county-of-cape-may-v-united-states_3878a5,https://web.archive.org/web/20250929061155/https://www.climatecasechart.com/collections/county-of-cape-may-v-united-states_3878a5,2025-09-29T06:11:55Z,200,available,archived,2026-10-05,,0,
https://www.courtlistener.com/opinion/10366230/western-watersheds-project-v-haaland/,,,,none,not_archived,2026-10-05,,0,save no response
https://www.courtlistener.com/opinion/1406402/burch-v-nedpower-mount-storm-llc/,,,,none,not_archived,2026-10-05,,0,save no response
https://www.courtlistener.com/opinion/1665625/rankin-v-fpl-energy-llc/,,,,none,not_archived,2026-10-05,,0,save no response
https://www.courtlistener.com/opinion/2247219/center-for-biological-diversity-inc-v-fpl-group-inc/,,,,none,not_archived,2026-10-05,,0,save no response
https://www.courtlistener.com/opinion/3219842/public-employees-for-environmental-responsibility-v-hopper/,,,,none,requested,2026-10-05,2026-10-05,1,
https://www.courtlistener.com/opinion/6657003/1000-friends-of-or-v-jackson-cnty/,,,,none,not_archived,2026-10-05,,0,save no response
https://www.courtlistener.com/opinion/7923542/in-re-allen/,,,,none,not_archived,2026-10-05,,0,save no response
https://www.courtlistener.com/opinion/9382865/save-long-beach-island-v-united-states-department-of-the-interior/,https://web.archive.org/web/20241124014205/https://www.courtlistener.com/opinion/9382865/save-long-beach-island-v-united-states-department-of-the-interior/,2024-11-24T01:42:05Z,200,available,archived,2026-10-05,,0,
https://www.govinfo.gov/app/details/USCOURTS-njd-3_24-cv-09377,https://web.archive.org/web/20260709014400/https://www.govinfo.gov/app/details/USCOURTS-njd-3_24-cv-09377,2026-07-09T01:44:00Z,200,available,archived,2026-10-05,,0,
