source_id,url,fetch_date,content_type,status_code,content_hash,local_path,error
sabin_2026_09_report_pdf,https://scholarship.law.columbia.edu/cgi/viewcontent.cgi?article=1281&context=sabin_climate_change,2026-10-09T18:23:53.624178+00:00,text/html; charset=UTF-8,403,,,403 Client Error: Forbidden for url: https://scholarship.law.columbia.edu/cgi/viewcontent.cgi?article=1281&context=sabin_climate_change
sabin_2026_09_restrictions_csv,https://oppositionreport.org/wp-load.php?security_key=04611eaf3d6d15e6&export_id=7&action=get_data,2026-10-09T18:23:53.850858+00:00,text/csv,200,1cebdc89de911b8df248e63447784e4ca0491ae150502e31e4dd629d882f1fcf,data/raw/sabin_2026_09_restrictions_csv/1cebdc89de911b8df248e63447784e4ca0491ae150502e31e4dd629d882f1fcf.csv,
sabin_2026_09_projects_csv,https://oppositionreport.org/wp-load.php?security_key=bec1e2337cf73fbe&export_id=8&action=get_data,2026-10-09T18:23:54.671003+00:00,text/csv,200,bd274ec5de51a9b1cd491fa6b9e0581151abcaf71c57ff1514054b644bc18af6,data/raw/sabin_2026_09_projects_csv/bd274ec5de51a9b1cd491fa6b9e0581151abcaf71c57ff1514054b644bc18af6.csv,
sabin_2026_09_report_html,https://oppositionreport.org/reports/current/,2026-10-09T18:23:55.013448+00:00,text/html; charset=UTF-8,200,b4bd15932d0fb78726f3975c8dc41c50a2554b24e9331dc15c132a1b8916e6cf,data/raw/sabin_2026_09_report_html/b4bd15932d0fb78726f3975c8dc41c50a2554b24e9331dc15c132a1b8916e6cf.html,
sabin_2026_09_report_pdf,https://scholarship.law.columbia.edu/cgi/viewcontent.cgi?article=1281&context=sabin_climate_change,2026-10-09T18:24:40.799740+00:00,text/html; charset=UTF-8,403,,,403 Client Error: Forbidden for url: https://scholarship.law.columbia.edu/cgi/viewcontent.cgi?article=1281&context=sabin_climate_change
sabin_2026_09_restrictions_csv,https://oppositionreport.org/wp-load.php?security_key=04611eaf3d6d15e6&export_id=7&action=get_data,2026-10-09T18:24:41.258618+00:00,text/csv,200,1cebdc89de911b8df248e63447784e4ca0491ae150502e31e4dd629d882f1fcf,unchanged,
sabin_2026_09_projects_csv,https://oppositionreport.org/wp-load.php?security_key=bec1e2337cf73fbe&export_id=8&action=get_data,2026-10-09T18:24:42.003107+00:00,text/csv,200,bd274ec5de51a9b1cd491fa6b9e0581151abcaf71c57ff1514054b644bc18af6,unchanged,
sabin_2026_09_report_html,https://oppositionreport.org/reports/current/,2026-10-09T18:24:42.312619+00:00,text/html; charset=UTF-8,200,82429856a00ca9faa5ddaa5c4f75b348cc7ff6eb9ea7738263606d3a741fc5ba,data/raw/sabin_2026_09_report_html/82429856a00ca9faa5ddaa5c4f75b348cc7ff6eb9ea7738263606d3a741fc5ba.html,
sabin_2026_09_landing_html,https://climate.law.columbia.edu/content/opposition-renewable-energy-facilities-united-states-september-2026-edition,2026-10-09T18:24:43.755953+00:00,text/html; charset=UTF-8,200,1737f88bf934fdf6dc33837666bfd06b7e12fcbb3c936f838fb4607e0da4bac1,data/raw/sabin_2026_09_landing_html/1737f88bf934fdf6dc33837666bfd06b7e12fcbb3c936f838fb4607e0da4bac1.html,
